#
# There is insufficient memory for the Java Runtime Environment to continue.
# Native memory allocation (mmap) failed to map 204472320 bytes. Error detail: G1 virtual space
# Possible reasons:
#   The system is out of physical RAM or swap space
#   This process is running with CompressedOops enabled, and the Java Heap may be blocking the growth of the native heap
# Possible solutions:
#   Reduce memory load on the system
#   Increase physical memory or swap space
#   Check if swap backing store is full
#   Decrease Java heap size (-Xmx/-Xms)
#   Decrease number of Java threads
#   Decrease Java thread stack sizes (-Xss)
#   Set larger code cache with -XX:ReservedCodeCacheSize=
#   JVM is running with Unscaled Compressed Oops mode in which the Java heap is
#     placed in the first 4GB address space. The Java Heap base address is the
#     maximum limit for the native heap growth. Please use -XX:HeapBaseMinAddress
#     to set the Java Heap base and to place the Java Heap above 4GB virtual address.
# This output file may be truncated or incomplete.
#
#  Out of Memory Error (os_windows.cpp:3713), pid=29592, tid=28028
#
# JRE version: OpenJDK Runtime Environment Temurin-21.0.9+10 (21.0.9+10) (build 21.0.9+10-LTS)
# Java VM: OpenJDK 64-Bit Server VM Temurin-21.0.9+10 (21.0.9+10-LTS, mixed mode, emulated-client, sharing, tiered, compressed oops, compressed class ptrs, g1 gc, windows-amd64)
# No core dump will be written. Minidumps are not enabled by default on client versions of Windows
#

---------------  S U M M A R Y ------------

Command Line: -Dsts.lsp.client=vscode -Dsts.log.file=/dev/null -XX:TieredStopAtLevel=1 -Xlog:jni+resolve=off -Dspring.config.location=file:c:\Users\Glymin Terra Selasi\.trae\extensions\pivotal.vscode-spring-boot-1.43.0-universal\language-server\BOOT-INF\classes\application.properties org.springframework.ide.vscode.boot.app.BootLanguageServerBootApp

Host: 11th Gen Intel(R) Core(TM) i5-1135G7 @ 2.40GHz, 8 cores, 7G,  Windows 11 , 64 bit Build 26100 (10.0.26100.6725)
Time: Fri Feb 20 20:32:17 2026 Greenwich Standard Time elapsed time: 19.394179 seconds (0d 0h 0m 19s)

---------------  T H R E A D  ---------------

Current thread (0x000002761fcc94c0):  VMThread "VM Thread"          [id=28028, stack(0x000000829dd00000,0x000000829de00000) (1024K)]

Stack: [0x000000829dd00000,0x000000829de00000]
Native frames: (J=compiled Java code, j=interpreted, Vv=VM code, C=native code)
V  [jvm.dll+0x6d6e29]
V  [jvm.dll+0x8b4b76]
V  [jvm.dll+0x8b712e]
V  [jvm.dll+0x8b7813]
V  [jvm.dll+0x283d86]
V  [jvm.dll+0x6d3745]
V  [jvm.dll+0x6c747a]
V  [jvm.dll+0x35e7e8]
V  [jvm.dll+0x366426]
V  [jvm.dll+0x3b73fe]
V  [jvm.dll+0x3b76a8]
V  [jvm.dll+0x3329ec]
V  [jvm.dll+0x332a77]
V  [jvm.dll+0x37684c]
V  [jvm.dll+0x374fee]
V  [jvm.dll+0x332131]
V  [jvm.dll+0x37465a]
V  [jvm.dll+0x8bd500]
V  [jvm.dll+0x8be8a4]
V  [jvm.dll+0x8bede0]
V  [jvm.dll+0x8bf083]
V  [jvm.dll+0x85e9ad]
V  [jvm.dll+0x6d565d]
C  [ucrtbase.dll+0x37b0]
C  [KERNEL32.DLL+0x2e8d7]
C  [ntdll.dll+0x8c53c]

VM_Operation (0x000000829fffde60): G1CollectForAllocation, mode: safepoint, requested by thread 0x0000027666733d90


---------------  P R O C E S S  ---------------

Threads class SMR info:
_java_thread_list=0x00000276671887a0, length=40, elements={
0x000002761fce5d00, 0x000002761fce8760, 0x000002761fce9540, 0x000002761fce9f90,
0x000002761fcea9e0, 0x000002761fceb430, 0x000002761fcebe80, 0x000002766519d070,
0x00000276651a1b60, 0x00000276663aec30, 0x00000276665a5630, 0x00000276665e3c90,
0x000002761264a040, 0x0000027666633740, 0x00000276661289a0, 0x0000027666129c40,
0x00000276666b73d0, 0x00000276666d3030, 0x0000027666734ab0, 0x0000027666735140,
0x00000276667329e0, 0x0000027666733070, 0x0000027666732350, 0x00000276667357d0,
0x0000027666733d90, 0x0000027666734420, 0x0000027666733700, 0x0000027666882190,
0x0000027666880de0, 0x000002766687f3a0, 0x00000276668800c0, 0x0000027666880750,
0x0000027666881470, 0x0000027666881b00, 0x0000027666882eb0, 0x0000027666882820,
0x000002766687fa30, 0x0000027666884f80, 0x0000027666883bd0, 0x000002766506cf60
}

Java Threads: ( => current thread )
  0x000002761fce5d00 JavaThread "Reference Handler"          daemon [_thread_blocked, id=16724, stack(0x000000829de00000,0x000000829df00000) (1024K)]
  0x000002761fce8760 JavaThread "Finalizer"                  daemon [_thread_blocked, id=18776, stack(0x000000829df00000,0x000000829e000000) (1024K)]
  0x000002761fce9540 JavaThread "Signal Dispatcher"          daemon [_thread_blocked, id=24072, stack(0x000000829e000000,0x000000829e100000) (1024K)]
  0x000002761fce9f90 JavaThread "Attach Listener"            daemon [_thread_blocked, id=23352, stack(0x000000829e100000,0x000000829e200000) (1024K)]
  0x000002761fcea9e0 JavaThread "Service Thread"             daemon [_thread_blocked, id=29764, stack(0x000000829e200000,0x000000829e300000) (1024K)]
  0x000002761fceb430 JavaThread "Monitor Deflation Thread"   daemon [_thread_blocked, id=26668, stack(0x000000829e300000,0x000000829e400000) (1024K)]
  0x000002761fcebe80 JavaThread "C1 CompilerThread0"         daemon [_thread_blocked, id=33016, stack(0x000000829e400000,0x000000829e500000) (1024K)]
  0x000002766519d070 JavaThread "Notification Thread"        daemon [_thread_blocked, id=31508, stack(0x000000829e600000,0x000000829e700000) (1024K)]
  0x00000276651a1b60 JavaThread "Common-Cleaner"             daemon [_thread_blocked, id=31484, stack(0x000000829e700000,0x000000829e800000) (1024K)]
  0x00000276663aec30 JavaThread "boundedElastic-evictor-1"   daemon [_thread_blocked, id=11676, stack(0x000000829f000000,0x000000829f100000) (1024K)]
  0x00000276665a5630 JavaThread "pool-11-thread-1"                  [_thread_blocked, id=29048, stack(0x000000829f200000,0x000000829f300000) (1024K)]
  0x00000276665e3c90 JavaThread "LanguageServerApp-lifecycle"        [_thread_blocked, id=31988, stack(0x000000829f300000,0x000000829f400000) (1024K)]
  0x000002761264a040 JavaThread "DestroyJavaVM"                     [_thread_blocked, id=12036, stack(0x000000829d600000,0x000000829d700000) (1024K)]
  0x0000027666633740 JavaThread "pool-12-thread-1"                  [_thread_in_native, id=28940, stack(0x000000829f400000,0x000000829f500000) (1024K)]
  0x00000276661289a0 JavaThread "Simple-Language-Server main thread" daemon [_thread_in_native, id=26940, stack(0x000000829f500000,0x000000829f600000) (1024K)]
  0x0000027666129c40 JavaThread "pool-8-thread-1"                   [_thread_blocked, id=15080, stack(0x000000829f600000,0x000000829f700000) (1024K)]
  0x00000276666b73d0 JavaThread "parallel-1"                 daemon [_thread_blocked, id=21624, stack(0x000000829f700000,0x000000829f800000) (1024K)]
  0x00000276666d3030 JavaThread "parallel-2"                 daemon [_thread_blocked, id=6084, stack(0x000000829f800000,0x000000829f900000) (1024K)]
  0x0000027666734ab0 JavaThread "parallel-3"                 daemon [_thread_blocked, id=12248, stack(0x000000829f900000,0x000000829fa00000) (1024K)]
  0x0000027666735140 JavaThread "parallel-4"                 daemon [_thread_blocked, id=13064, stack(0x000000829fa00000,0x000000829fb00000) (1024K)]
  0x00000276667329e0 JavaThread "ForkJoinPool.commonPool-worker-1" daemon [_thread_blocked, id=25404, stack(0x000000829fb00000,0x000000829fc00000) (1024K)]
  0x0000027666733070 JavaThread "pool-5-thread-1"                   [_thread_blocked, id=26064, stack(0x000000829fc00000,0x000000829fd00000) (1024K)]
  0x0000027666732350 JavaThread "ForkJoinPool.commonPool-worker-2" daemon [_thread_blocked, id=32976, stack(0x000000829fd00000,0x000000829fe00000) (1024K)]
  0x00000276667357d0 JavaThread "parallel-5"                 daemon [_thread_blocked, id=29372, stack(0x000000829fe00000,0x000000829ff00000) (1024K)]
  0x0000027666733d90 JavaThread "ClassGraph-worker-0"        daemon [_thread_blocked, id=8000, stack(0x000000829ff00000,0x00000082a0000000) (1024K)]
  0x0000027666734420 JavaThread "ClassGraph-worker-1"        daemon [_thread_blocked, id=8184, stack(0x00000082a0000000,0x00000082a0100000) (1024K)]
  0x0000027666733700 JavaThread "ClassGraph-worker-2"        daemon [_thread_blocked, id=17460, stack(0x00000082a0100000,0x00000082a0200000) (1024K)]
  0x0000027666882190 JavaThread "ClassGraph-worker-3"        daemon [_thread_blocked, id=24332, stack(0x00000082a0200000,0x00000082a0300000) (1024K)]
  0x0000027666880de0 JavaThread "ClassGraph-worker-4"        daemon [_thread_blocked, id=14196, stack(0x00000082a0300000,0x00000082a0400000) (1024K)]
  0x000002766687f3a0 JavaThread "ClassGraph-worker-5"        daemon [_thread_blocked, id=33312, stack(0x00000082a0400000,0x00000082a0500000) (1024K)]
  0x00000276668800c0 JavaThread "ClassGraph-worker-6"        daemon [_thread_blocked, id=22640, stack(0x00000082a0500000,0x00000082a0600000) (1024K)]
  0x0000027666880750 JavaThread "ClassGraph-worker-7"        daemon [_thread_blocked, id=33076, stack(0x00000082a0600000,0x00000082a0700000) (1024K)]
  0x0000027666881470 JavaThread "ClassGraph-worker-8"        daemon [_thread_blocked, id=26212, stack(0x00000082a0700000,0x00000082a0800000) (1024K)]
  0x0000027666881b00 JavaThread "ClassGraph-worker-9"        daemon [_thread_blocked, id=16432, stack(0x00000082a0800000,0x00000082a0900000) (1024K)]
  0x0000027666882eb0 JavaThread "ClassGraph-worker-10"       daemon [_thread_blocked, id=31516, stack(0x00000082a0900000,0x00000082a0a00000) (1024K)]
  0x0000027666882820 JavaThread "ClassGraph-worker-11"       daemon [_thread_blocked, id=29720, stack(0x00000082a0a00000,0x00000082a0b00000) (1024K)]
  0x000002766687fa30 JavaThread "ClassGraph-worker-12"       daemon [_thread_blocked, id=14628, stack(0x00000082a0b00000,0x00000082a0c00000) (1024K)]
  0x0000027666884f80 JavaThread "ClassGraph-worker-13"       daemon [_thread_blocked, id=29948, stack(0x00000082a0c00000,0x00000082a0d00000) (1024K)]
  0x0000027666883bd0 JavaThread "Reconciler-1"               daemon [_thread_blocked, id=30872, stack(0x00000082a0d00000,0x00000082a0e00000) (1024K)]
  0x000002766506cf60 JavaThread "C1 CompilerThread1"         daemon [_thread_blocked, id=21264, stack(0x000000829e500000,0x000000829e600000) (1024K)]
Total: 40

Other Threads:
=>0x000002761fcc94c0 VMThread "VM Thread"                           [id=28028, stack(0x000000829dd00000,0x000000829de00000) (1024K)]
  0x000002761fcb69e0 WatcherThread "VM Periodic Task Thread"        [id=26156, stack(0x000000829dc00000,0x000000829dd00000) (1024K)]
  0x0000027614a026b0 WorkerThread "GC Thread#0"                     [id=18608, stack(0x000000829d700000,0x000000829d800000) (1024K)]
  0x000002761fcc8d80 WorkerThread "GC Thread#1"                     [id=11144, stack(0x000000829e900000,0x000000829ea00000) (1024K)]
  0x000002761fcc9fa0 WorkerThread "GC Thread#2"                     [id=2328, stack(0x000000829ea00000,0x000000829eb00000) (1024K)]
  0x000002761fcc8640 WorkerThread "GC Thread#3"                     [id=29432, stack(0x000000829eb00000,0x000000829ec00000) (1024K)]
  0x000002761fcc9860 WorkerThread "GC Thread#4"                     [id=29596, stack(0x000000829ec00000,0x000000829ed00000) (1024K)]
  0x000002761fcc9c00 WorkerThread "GC Thread#5"                     [id=28796, stack(0x000000829ed00000,0x000000829ee00000) (1024K)]
  0x000002761fcc89e0 WorkerThread "GC Thread#6"                     [id=32676, stack(0x000000829ee00000,0x000000829ef00000) (1024K)]
  0x0000027665bce4e0 WorkerThread "GC Thread#7"                     [id=20684, stack(0x000000829ef00000,0x000000829f000000) (1024K)]
  0x0000027614a12d90 ConcurrentGCThread "G1 Main Marker"            [id=1528, stack(0x000000829d800000,0x000000829d900000) (1024K)]
  0x0000027614a14610 WorkerThread "G1 Conc#0"                       [id=27224, stack(0x000000829d900000,0x000000829da00000) (1024K)]
  0x0000027665bcfaa0 WorkerThread "G1 Conc#1"                       [id=1472, stack(0x000000829f100000,0x000000829f200000) (1024K)]
  0x0000027614a5e7e0 ConcurrentGCThread "G1 Refine#0"               [id=28380, stack(0x000000829da00000,0x000000829db00000) (1024K)]
  0x000002761fb893e0 ConcurrentGCThread "G1 Service"                [id=14572, stack(0x000000829db00000,0x000000829dc00000) (1024K)]
Total: 15

Threads with active compile tasks:
Total: 0

VM state: at safepoint (normal execution)

VM Mutex/Monitor currently owned by a thread:  ([mutex/lock_event])
[0x00007fffcaa4d570] Threads_lock - owner thread: 0x000002761fcc94c0
[0x00007fffcaa4d670] Heap_lock - owner thread: 0x0000027666733d90

Heap address: 0x0000000084000000, size: 1984 MB, Compressed Oops mode: 32-bit

CDS archive(s) mapped at: [0x0000027620000000-0x0000027620ba0000-0x0000027620ba0000), size 12189696, SharedBaseAddress: 0x0000027620000000, ArchiveRelocationMode: 1.
Compressed class space mapped at: 0x0000027621000000-0x0000027661000000, reserved size: 1073741824
Narrow klass base: 0x0000027620000000, Narrow klass shift: 0, Narrow klass range: 0x100000000

GC Precious Log:
 CardTable entry size: 512
 Card Set container configuration: InlinePtr #cards 5 size 8 Array Of Cards #cards 12 size 40 Howl #buckets 4 coarsen threshold 1843 Howl Bitmap #cards 512 size 80 coarsen threshold 460 Card regions per heap region 1 cards per card region 2048
 CPUs: 8 total, 8 available
 Memory: 7934M
 Large Page Support: Disabled
 NUMA Support: Disabled
 Compressed Oops: Enabled (32-bit)
 Heap Region Size: 1M
 Heap Min Capacity: 8M
 Heap Initial Capacity: 124M
 Heap Max Capacity: 1984M
 Pre-touch: Disabled
 Parallel Workers: 8
 Concurrent Workers: 2
 Concurrent Refinement Workers: 8
 Periodic GC: Disabled

Heap:
 garbage-first heap   total 199680K, used 117635K [0x0000000084000000, 0x0000000100000000)
  region size 1024K, 7 young (7168K), 7 survivors (7168K)
 Metaspace       used 32529K, committed 33152K, reserved 1114112K
  class space    used 4395K, committed 4672K, reserved 1048576K

Heap Regions: E=young(eden), S=young(survivor), O=old, HS=humongous(starts), HC=humongous(continues), CS=collection set, F=free, TAMS=top-at-mark-start, PB=parsable bottom
|   0|0x0000000084000000, 0x0000000084100000, 0x0000000084100000|100%| O|  |TAMS 0x0000000084100000| PB 0x0000000084000000| Untracked 
|   1|0x0000000084100000, 0x0000000084200000, 0x0000000084200000|100%| O|  |TAMS 0x0000000084200000| PB 0x0000000084100000| Untracked 
|   2|0x0000000084200000, 0x0000000084300000, 0x0000000084300000|100%| O|  |TAMS 0x0000000084300000| PB 0x0000000084200000| Untracked 
|   3|0x0000000084300000, 0x0000000084400000, 0x0000000084400000|100%| O|  |TAMS 0x0000000084400000| PB 0x0000000084300000| Untracked 
|   4|0x0000000084400000, 0x0000000084500000, 0x0000000084500000|100%| O|  |TAMS 0x0000000084500000| PB 0x0000000084400000| Untracked 
|   5|0x0000000084500000, 0x0000000084600000, 0x0000000084600000|100%| O|  |TAMS 0x0000000084600000| PB 0x0000000084500000| Untracked 
|   6|0x0000000084600000, 0x0000000084700000, 0x0000000084700000|100%| O|  |TAMS 0x0000000084700000| PB 0x0000000084600000| Untracked 
|   7|0x0000000084700000, 0x0000000084800000, 0x0000000084800000|100%| O|  |TAMS 0x0000000084800000| PB 0x0000000084700000| Untracked 
|   8|0x0000000084800000, 0x0000000084900000, 0x0000000084900000|100%| O|  |TAMS 0x0000000084900000| PB 0x0000000084800000| Untracked 
|   9|0x0000000084900000, 0x0000000084a00000, 0x0000000084a00000|100%| O|  |TAMS 0x0000000084a00000| PB 0x0000000084900000| Untracked 
|  10|0x0000000084a00000, 0x0000000084b00000, 0x0000000084b00000|100%| O|  |TAMS 0x0000000084b00000| PB 0x0000000084a00000| Untracked 
|  11|0x0000000084b00000, 0x0000000084c00000, 0x0000000084c00000|100%| O|  |TAMS 0x0000000084c00000| PB 0x0000000084b00000| Untracked 
|  12|0x0000000084c00000, 0x0000000084d00000, 0x0000000084d00000|100%| O|  |TAMS 0x0000000084d00000| PB 0x0000000084c00000| Untracked 
|  13|0x0000000084d00000, 0x0000000084e00000, 0x0000000084e00000|100%| O|  |TAMS 0x0000000084e00000| PB 0x0000000084d00000| Untracked 
|  14|0x0000000084e00000, 0x0000000084f00000, 0x0000000084f00000|100%| O|  |TAMS 0x0000000084f00000| PB 0x0000000084e00000| Untracked 
|  15|0x0000000084f00000, 0x0000000085000000, 0x0000000085000000|100%| O|  |TAMS 0x0000000085000000| PB 0x0000000084f00000| Untracked 
|  16|0x0000000085000000, 0x0000000085100000, 0x0000000085100000|100%| O|  |TAMS 0x0000000085100000| PB 0x0000000085000000| Untracked 
|  17|0x0000000085100000, 0x0000000085200000, 0x0000000085200000|100%| O|  |TAMS 0x0000000085200000| PB 0x0000000085100000| Untracked 
|  18|0x0000000085200000, 0x0000000085300000, 0x0000000085300000|100%| O|  |TAMS 0x0000000085300000| PB 0x0000000085200000| Untracked 
|  19|0x0000000085300000, 0x0000000085400000, 0x0000000085400000|100%| O|  |TAMS 0x0000000085400000| PB 0x0000000085300000| Untracked 
|  20|0x0000000085400000, 0x0000000085500000, 0x0000000085500000|100%| O|  |TAMS 0x0000000085500000| PB 0x0000000085400000| Untracked 
|  21|0x0000000085500000, 0x0000000085600000, 0x0000000085600000|100%| O|  |TAMS 0x0000000085600000| PB 0x0000000085500000| Untracked 
|  22|0x0000000085600000, 0x0000000085700000, 0x0000000085700000|100%| O|  |TAMS 0x0000000085700000| PB 0x0000000085600000| Untracked 
|  23|0x0000000085700000, 0x0000000085800000, 0x0000000085800000|100%| O|  |TAMS 0x0000000085800000| PB 0x0000000085700000| Untracked 
|  24|0x0000000085800000, 0x0000000085900000, 0x0000000085900000|100%| O|  |TAMS 0x0000000085900000| PB 0x0000000085800000| Untracked 
|  25|0x0000000085900000, 0x0000000085a00000, 0x0000000085a00000|100%| O|  |TAMS 0x0000000085a00000| PB 0x0000000085900000| Untracked 
|  26|0x0000000085a00000, 0x0000000085b00000, 0x0000000085b00000|100%| O|  |TAMS 0x0000000085b00000| PB 0x0000000085a00000| Untracked 
|  27|0x0000000085b00000, 0x0000000085c00000, 0x0000000085c00000|100%| O|  |TAMS 0x0000000085c00000| PB 0x0000000085b00000| Untracked 
|  28|0x0000000085c00000, 0x0000000085d00000, 0x0000000085d00000|100%| O|  |TAMS 0x0000000085d00000| PB 0x0000000085c00000| Untracked 
|  29|0x0000000085d00000, 0x0000000085e00000, 0x0000000085e00000|100%| O|  |TAMS 0x0000000085e00000| PB 0x0000000085d00000| Untracked 
|  30|0x0000000085e00000, 0x0000000085f00000, 0x0000000085f00000|100%| O|  |TAMS 0x0000000085f00000| PB 0x0000000085e00000| Untracked 
|  31|0x0000000085f00000, 0x0000000086000000, 0x0000000086000000|100%| O|  |TAMS 0x0000000086000000| PB 0x0000000085f00000| Untracked 
|  32|0x0000000086000000, 0x0000000086100000, 0x0000000086100000|100%| O|  |TAMS 0x0000000086100000| PB 0x0000000086000000| Untracked 
|  33|0x0000000086100000, 0x0000000086200000, 0x0000000086200000|100%| O|  |TAMS 0x0000000086200000| PB 0x0000000086100000| Untracked 
|  34|0x0000000086200000, 0x0000000086300000, 0x0000000086300000|100%| O|  |TAMS 0x0000000086300000| PB 0x0000000086200000| Untracked 
|  35|0x0000000086300000, 0x0000000086400000, 0x0000000086400000|100%| O|  |TAMS 0x0000000086400000| PB 0x0000000086300000| Untracked 
|  36|0x0000000086400000, 0x0000000086500000, 0x0000000086500000|100%| O|  |TAMS 0x0000000086500000| PB 0x0000000086400000| Untracked 
|  37|0x0000000086500000, 0x0000000086600000, 0x0000000086600000|100%| O|  |TAMS 0x0000000086600000| PB 0x0000000086500000| Untracked 
|  38|0x0000000086600000, 0x0000000086700000, 0x0000000086700000|100%| O|  |TAMS 0x0000000086700000| PB 0x0000000086600000| Untracked 
|  39|0x0000000086700000, 0x0000000086800000, 0x0000000086800000|100%| O|  |TAMS 0x0000000086800000| PB 0x0000000086700000| Untracked 
|  40|0x0000000086800000, 0x0000000086900000, 0x0000000086900000|100%| O|  |TAMS 0x0000000086900000| PB 0x0000000086800000| Untracked 
|  41|0x0000000086900000, 0x0000000086a00000, 0x0000000086a00000|100%| O|  |TAMS 0x0000000086a00000| PB 0x0000000086900000| Untracked 
|  42|0x0000000086a00000, 0x0000000086b00000, 0x0000000086b00000|100%| O|  |TAMS 0x0000000086b00000| PB 0x0000000086a00000| Untracked 
|  43|0x0000000086b00000, 0x0000000086c00000, 0x0000000086c00000|100%| O|  |TAMS 0x0000000086c00000| PB 0x0000000086b00000| Untracked 
|  44|0x0000000086c00000, 0x0000000086d00000, 0x0000000086d00000|100%| O|  |TAMS 0x0000000086d00000| PB 0x0000000086c00000| Untracked 
|  45|0x0000000086d00000, 0x0000000086e00000, 0x0000000086e00000|100%| O|  |TAMS 0x0000000086e00000| PB 0x0000000086d00000| Untracked 
|  46|0x0000000086e00000, 0x0000000086f00000, 0x0000000086f00000|100%| O|  |TAMS 0x0000000086f00000| PB 0x0000000086e00000| Untracked 
|  47|0x0000000086f00000, 0x0000000087000000, 0x0000000087000000|100%| O|  |TAMS 0x0000000087000000| PB 0x0000000086f00000| Untracked 
|  48|0x0000000087000000, 0x0000000087100000, 0x0000000087100000|100%| O|  |TAMS 0x0000000087100000| PB 0x0000000087000000| Untracked 
|  49|0x0000000087100000, 0x0000000087200000, 0x0000000087200000|100%| O|  |TAMS 0x0000000087200000| PB 0x0000000087100000| Untracked 
|  50|0x0000000087200000, 0x0000000087300000, 0x0000000087300000|100%| O|  |TAMS 0x0000000087300000| PB 0x0000000087200000| Untracked 
|  51|0x0000000087300000, 0x0000000087400000, 0x0000000087400000|100%| O|  |TAMS 0x0000000087400000| PB 0x0000000087300000| Untracked 
|  52|0x0000000087400000, 0x0000000087500000, 0x0000000087500000|100%| O|  |TAMS 0x0000000087500000| PB 0x0000000087400000| Untracked 
|  53|0x0000000087500000, 0x0000000087600000, 0x0000000087600000|100%| O|  |TAMS 0x0000000087600000| PB 0x0000000087500000| Untracked 
|  54|0x0000000087600000, 0x0000000087700000, 0x0000000087700000|100%| O|  |TAMS 0x0000000087700000| PB 0x0000000087600000| Untracked 
|  55|0x0000000087700000, 0x0000000087800000, 0x0000000087800000|100%|HS|  |TAMS 0x0000000087800000| PB 0x0000000087700000| Complete 
|  56|0x0000000087800000, 0x0000000087900000, 0x0000000087900000|100%| O|  |TAMS 0x0000000087900000| PB 0x0000000087800000| Untracked 
|  57|0x0000000087900000, 0x0000000087a00000, 0x0000000087a00000|100%| O|  |TAMS 0x0000000087a00000| PB 0x0000000087900000| Untracked 
|  58|0x0000000087a00000, 0x0000000087b00000, 0x0000000087b00000|100%| O|  |TAMS 0x0000000087b00000| PB 0x0000000087a00000| Untracked 
|  59|0x0000000087b00000, 0x0000000087c00000, 0x0000000087c00000|100%| O|  |TAMS 0x0000000087c00000| PB 0x0000000087b00000| Untracked 
|  60|0x0000000087c00000, 0x0000000087d00000, 0x0000000087d00000|100%| O|  |TAMS 0x0000000087d00000| PB 0x0000000087c00000| Untracked 
|  61|0x0000000087d00000, 0x0000000087e00000, 0x0000000087e00000|100%| O|  |TAMS 0x0000000087e00000| PB 0x0000000087d00000| Untracked 
|  62|0x0000000087e00000, 0x0000000087f00000, 0x0000000087f00000|100%| O|  |TAMS 0x0000000087f00000| PB 0x0000000087e00000| Untracked 
|  63|0x0000000087f00000, 0x0000000088000000, 0x0000000088000000|100%| O|  |TAMS 0x0000000088000000| PB 0x0000000087f00000| Untracked 
|  64|0x0000000088000000, 0x0000000088100000, 0x0000000088100000|100%| O|  |TAMS 0x0000000088100000| PB 0x0000000088000000| Untracked 
|  65|0x0000000088100000, 0x0000000088200000, 0x0000000088200000|100%| O|  |TAMS 0x0000000088200000| PB 0x0000000088100000| Untracked 
|  66|0x0000000088200000, 0x0000000088300000, 0x0000000088300000|100%| O|  |TAMS 0x0000000088300000| PB 0x0000000088200000| Untracked 
|  67|0x0000000088300000, 0x0000000088400000, 0x0000000088400000|100%| O|  |TAMS 0x0000000088400000| PB 0x0000000088300000| Untracked 
|  68|0x0000000088400000, 0x0000000088500000, 0x0000000088500000|100%| O|  |TAMS 0x0000000088500000| PB 0x0000000088400000| Untracked 
|  69|0x0000000088500000, 0x0000000088600000, 0x0000000088600000|100%| O|  |TAMS 0x0000000088600000| PB 0x0000000088500000| Untracked 
|  70|0x0000000088600000, 0x0000000088700000, 0x0000000088700000|100%| O|  |TAMS 0x0000000088700000| PB 0x0000000088600000| Untracked 
|  71|0x0000000088700000, 0x0000000088800000, 0x0000000088800000|100%| O|  |TAMS 0x0000000088800000| PB 0x0000000088700000| Untracked 
|  72|0x0000000088800000, 0x0000000088900000, 0x0000000088900000|100%| O|  |TAMS 0x0000000088900000| PB 0x0000000088800000| Untracked 
|  73|0x0000000088900000, 0x0000000088a00000, 0x0000000088a00000|100%| O|  |TAMS 0x0000000088a00000| PB 0x0000000088900000| Untracked 
|  74|0x0000000088a00000, 0x0000000088b00000, 0x0000000088b00000|100%| O|  |TAMS 0x0000000088b00000| PB 0x0000000088a00000| Untracked 
|  75|0x0000000088b00000, 0x0000000088c00000, 0x0000000088c00000|100%| O|  |TAMS 0x0000000088c00000| PB 0x0000000088b00000| Untracked 
|  76|0x0000000088c00000, 0x0000000088d00000, 0x0000000088d00000|100%| O|  |TAMS 0x0000000088d00000| PB 0x0000000088c00000| Untracked 
|  77|0x0000000088d00000, 0x0000000088e00000, 0x0000000088e00000|100%| O|  |TAMS 0x0000000088e00000| PB 0x0000000088d00000| Untracked 
|  78|0x0000000088e00000, 0x0000000088f00000, 0x0000000088f00000|100%| O|  |TAMS 0x0000000088f00000| PB 0x0000000088e00000| Untracked 
|  79|0x0000000088f00000, 0x0000000089000000, 0x0000000089000000|100%| O|  |TAMS 0x0000000089000000| PB 0x0000000088f00000| Untracked 
|  80|0x0000000089000000, 0x0000000089100000, 0x0000000089100000|100%| O|  |TAMS 0x0000000089100000| PB 0x0000000089000000| Untracked 
|  81|0x0000000089100000, 0x0000000089200000, 0x0000000089200000|100%| O|  |TAMS 0x0000000089200000| PB 0x0000000089100000| Untracked 
|  82|0x0000000089200000, 0x0000000089300000, 0x0000000089300000|100%| O|  |TAMS 0x0000000089300000| PB 0x0000000089200000| Untracked 
|  83|0x0000000089300000, 0x0000000089400000, 0x0000000089400000|100%| O|  |TAMS 0x0000000089400000| PB 0x0000000089300000| Untracked 
|  84|0x0000000089400000, 0x0000000089500000, 0x0000000089500000|100%| O|  |TAMS 0x0000000089400000| PB 0x0000000089400000| Untracked 
|  85|0x0000000089500000, 0x0000000089600000, 0x0000000089600000|100%| O|  |TAMS 0x0000000089600000| PB 0x0000000089500000| Untracked 
|  86|0x0000000089600000, 0x0000000089700000, 0x0000000089700000|100%| O|  |TAMS 0x0000000089700000| PB 0x0000000089600000| Untracked 
|  87|0x0000000089700000, 0x0000000089800000, 0x0000000089800000|100%| O|  |TAMS 0x0000000089800000| PB 0x0000000089700000| Untracked 
|  88|0x0000000089800000, 0x00000000898beb20, 0x0000000089900000| 74%| O|  |TAMS 0x0000000089800000| PB 0x0000000089800000| Untracked 
|  89|0x0000000089900000, 0x0000000089a00000, 0x0000000089a00000|100%| O|  |TAMS 0x0000000089a00000| PB 0x0000000089900000| Untracked 
|  90|0x0000000089a00000, 0x0000000089b00000, 0x0000000089b00000|100%| O|  |TAMS 0x0000000089b00000| PB 0x0000000089a00000| Untracked 
|  91|0x0000000089b00000, 0x0000000089c00000, 0x0000000089c00000|100%| O|  |TAMS 0x0000000089c00000| PB 0x0000000089b00000| Untracked 
|  92|0x0000000089c00000, 0x0000000089d00000, 0x0000000089d00000|100%| O|  |TAMS 0x0000000089d00000| PB 0x0000000089c00000| Untracked 
|  93|0x0000000089d00000, 0x0000000089e00000, 0x0000000089e00000|100%| O|  |TAMS 0x0000000089e00000| PB 0x0000000089d00000| Untracked 
|  94|0x0000000089e00000, 0x0000000089f00000, 0x0000000089f00000|100%| O|  |TAMS 0x0000000089f00000| PB 0x0000000089e00000| Untracked 
|  95|0x0000000089f00000, 0x000000008a000000, 0x000000008a000000|100%| O|  |TAMS 0x000000008a000000| PB 0x0000000089f00000| Untracked 
|  96|0x000000008a000000, 0x000000008a100000, 0x000000008a100000|100%| O|  |TAMS 0x000000008a100000| PB 0x000000008a000000| Untracked 
|  97|0x000000008a100000, 0x000000008a200000, 0x000000008a200000|100%| O|  |TAMS 0x000000008a200000| PB 0x000000008a100000| Untracked 
|  98|0x000000008a200000, 0x000000008a200000, 0x000000008a300000|  0%| F|  |TAMS 0x000000008a200000| PB 0x000000008a200000| Untracked 
|  99|0x000000008a300000, 0x000000008a400000, 0x000000008a400000|100%| O|  |TAMS 0x000000008a400000| PB 0x000000008a300000| Untracked 
| 100|0x000000008a400000, 0x000000008a500000, 0x000000008a500000|100%| O|  |TAMS 0x000000008a500000| PB 0x000000008a400000| Untracked 
| 101|0x000000008a500000, 0x000000008a600000, 0x000000008a600000|100%| O|  |TAMS 0x000000008a600000| PB 0x000000008a500000| Untracked 
| 102|0x000000008a600000, 0x000000008a700000, 0x000000008a700000|100%| O|  |TAMS 0x000000008a700000| PB 0x000000008a600000| Untracked 
| 103|0x000000008a700000, 0x000000008a800000, 0x000000008a800000|100%| O|  |TAMS 0x000000008a800000| PB 0x000000008a700000| Untracked 
| 104|0x000000008a800000, 0x000000008a900000, 0x000000008a900000|100%| O|  |TAMS 0x000000008a900000| PB 0x000000008a800000| Untracked 
| 105|0x000000008a900000, 0x000000008a900000, 0x000000008aa00000|  0%| F|  |TAMS 0x000000008a900000| PB 0x000000008a900000| Untracked 
| 106|0x000000008aa00000, 0x000000008aa223b8, 0x000000008ab00000| 13%| S|CS|TAMS 0x000000008aa00000| PB 0x000000008aa00000| Complete 
| 107|0x000000008ab00000, 0x000000008ac00000, 0x000000008ac00000|100%| O|  |TAMS 0x000000008ac00000| PB 0x000000008ab00000| Untracked 
| 108|0x000000008ac00000, 0x000000008ad00000, 0x000000008ad00000|100%| S|CS|TAMS 0x000000008ac00000| PB 0x000000008ac00000| Complete 
| 109|0x000000008ad00000, 0x000000008ae00000, 0x000000008ae00000|100%| O|  |TAMS 0x000000008ae00000| PB 0x000000008ad00000| Untracked 
| 110|0x000000008ae00000, 0x000000008af00000, 0x000000008af00000|100%| O|  |TAMS 0x000000008af00000| PB 0x000000008ae00000| Untracked 
| 111|0x000000008af00000, 0x000000008b000000, 0x000000008b000000|100%| S|CS|TAMS 0x000000008af00000| PB 0x000000008af00000| Complete 
| 112|0x000000008b000000, 0x000000008b100000, 0x000000008b100000|100%| O|  |TAMS 0x000000008b100000| PB 0x000000008b000000| Untracked 
| 113|0x000000008b100000, 0x000000008b200000, 0x000000008b200000|100%| O|  |TAMS 0x000000008b115600| PB 0x000000008b100000| Untracked 
| 114|0x000000008b200000, 0x000000008b200000, 0x000000008b300000|  0%| F|  |TAMS 0x000000008b200000| PB 0x000000008b200000| Untracked 
| 115|0x000000008b300000, 0x000000008b300000, 0x000000008b400000|  0%| F|  |TAMS 0x000000008b300000| PB 0x000000008b300000| Untracked 
| 116|0x000000008b400000, 0x000000008b500000, 0x000000008b500000|100%| S|CS|TAMS 0x000000008b400000| PB 0x000000008b400000| Complete 
| 117|0x000000008b500000, 0x000000008b600000, 0x000000008b600000|100%| S|CS|TAMS 0x000000008b500000| PB 0x000000008b500000| Complete 
| 118|0x000000008b600000, 0x000000008b700000, 0x000000008b700000|100%| S|CS|TAMS 0x000000008b600000| PB 0x000000008b600000| Complete 
| 119|0x000000008b700000, 0x000000008b700000, 0x000000008b800000|  0%| F|  |TAMS 0x000000008b700000| PB 0x000000008b700000| Untracked 
| 120|0x000000008b800000, 0x000000008b800000, 0x000000008b900000|  0%| F|  |TAMS 0x000000008b800000| PB 0x000000008b800000| Untracked 
| 121|0x000000008b900000, 0x000000008b900000, 0x000000008ba00000|  0%| F|  |TAMS 0x000000008b900000| PB 0x000000008b900000| Untracked 
| 122|0x000000008ba00000, 0x000000008bb00000, 0x000000008bb00000|100%| S|CS|TAMS 0x000000008ba00000| PB 0x000000008ba00000| Complete 
| 123|0x000000008bb00000, 0x000000008bb00000, 0x000000008bc00000|  0%| F|  |TAMS 0x000000008bb00000| PB 0x000000008bb00000| Untracked 
| 124|0x000000008bc00000, 0x000000008bc00000, 0x000000008bd00000|  0%| F|  |TAMS 0x000000008bc00000| PB 0x000000008bc00000| Untracked 
| 125|0x000000008bd00000, 0x000000008bd00000, 0x000000008be00000|  0%| F|  |TAMS 0x000000008bd00000| PB 0x000000008bd00000| Untracked 
| 126|0x000000008be00000, 0x000000008be00000, 0x000000008bf00000|  0%| F|  |TAMS 0x000000008be00000| PB 0x000000008be00000| Untracked 
| 127|0x000000008bf00000, 0x000000008bf00000, 0x000000008c000000|  0%| F|  |TAMS 0x000000008bf00000| PB 0x000000008bf00000| Untracked 
| 128|0x000000008c000000, 0x000000008c000000, 0x000000008c100000|  0%| F|  |TAMS 0x000000008c000000| PB 0x000000008c000000| Untracked 
| 129|0x000000008c100000, 0x000000008c100000, 0x000000008c200000|  0%| F|  |TAMS 0x000000008c100000| PB 0x000000008c100000| Untracked 
| 130|0x000000008c200000, 0x000000008c200000, 0x000000008c300000|  0%| F|  |TAMS 0x000000008c200000| PB 0x000000008c200000| Untracked 
| 131|0x000000008c300000, 0x000000008c300000, 0x000000008c400000|  0%| F|  |TAMS 0x000000008c300000| PB 0x000000008c300000| Untracked 
| 132|0x000000008c400000, 0x000000008c400000, 0x000000008c500000|  0%| F|  |TAMS 0x000000008c400000| PB 0x000000008c400000| Untracked 
| 133|0x000000008c500000, 0x000000008c500000, 0x000000008c600000|  0%| F|  |TAMS 0x000000008c500000| PB 0x000000008c500000| Untracked 
| 134|0x000000008c600000, 0x000000008c600000, 0x000000008c700000|  0%| F|  |TAMS 0x000000008c600000| PB 0x000000008c600000| Untracked 
| 135|0x000000008c700000, 0x000000008c700000, 0x000000008c800000|  0%| F|  |TAMS 0x000000008c700000| PB 0x000000008c700000| Untracked 
| 136|0x000000008c800000, 0x000000008c800000, 0x000000008c900000|  0%| F|  |TAMS 0x000000008c800000| PB 0x000000008c800000| Untracked 
| 137|0x000000008c900000, 0x000000008c900000, 0x000000008ca00000|  0%| F|  |TAMS 0x000000008c900000| PB 0x000000008c900000| Untracked 
| 138|0x000000008ca00000, 0x000000008ca00000, 0x000000008cb00000|  0%| F|  |TAMS 0x000000008ca00000| PB 0x000000008ca00000| Untracked 
| 139|0x000000008cb00000, 0x000000008cb00000, 0x000000008cc00000|  0%| F|  |TAMS 0x000000008cb00000| PB 0x000000008cb00000| Untracked 
| 140|0x000000008cc00000, 0x000000008cc00000, 0x000000008cd00000|  0%| F|  |TAMS 0x000000008cc00000| PB 0x000000008cc00000| Untracked 
| 141|0x000000008cd00000, 0x000000008cd00000, 0x000000008ce00000|  0%| F|  |TAMS 0x000000008cd00000| PB 0x000000008cd00000| Untracked 
| 142|0x000000008ce00000, 0x000000008ce00000, 0x000000008cf00000|  0%| F|  |TAMS 0x000000008ce00000| PB 0x000000008ce00000| Untracked 
| 143|0x000000008cf00000, 0x000000008cf00000, 0x000000008d000000|  0%| F|  |TAMS 0x000000008cf00000| PB 0x000000008cf00000| Untracked 
| 144|0x000000008d000000, 0x000000008d000000, 0x000000008d100000|  0%| F|  |TAMS 0x000000008d000000| PB 0x000000008d000000| Untracked 
| 145|0x000000008d100000, 0x000000008d100000, 0x000000008d200000|  0%| F|  |TAMS 0x000000008d100000| PB 0x000000008d100000| Untracked 
| 146|0x000000008d200000, 0x000000008d200000, 0x000000008d300000|  0%| F|  |TAMS 0x000000008d200000| PB 0x000000008d200000| Untracked 
| 147|0x000000008d300000, 0x000000008d300000, 0x000000008d400000|  0%| F|  |TAMS 0x000000008d300000| PB 0x000000008d300000| Untracked 
| 148|0x000000008d400000, 0x000000008d400000, 0x000000008d500000|  0%| F|  |TAMS 0x000000008d400000| PB 0x000000008d400000| Untracked 
| 149|0x000000008d500000, 0x000000008d500000, 0x000000008d600000|  0%| F|  |TAMS 0x000000008d500000| PB 0x000000008d500000| Untracked 
| 150|0x000000008d600000, 0x000000008d600000, 0x000000008d700000|  0%| F|  |TAMS 0x000000008d600000| PB 0x000000008d600000| Untracked 
| 151|0x000000008d700000, 0x000000008d700000, 0x000000008d800000|  0%| F|  |TAMS 0x000000008d700000| PB 0x000000008d700000| Untracked 
| 152|0x000000008d800000, 0x000000008d800000, 0x000000008d900000|  0%| F|  |TAMS 0x000000008d800000| PB 0x000000008d800000| Untracked 
| 153|0x000000008d900000, 0x000000008d900000, 0x000000008da00000|  0%| F|  |TAMS 0x000000008d900000| PB 0x000000008d900000| Untracked 
| 154|0x000000008da00000, 0x000000008da00000, 0x000000008db00000|  0%| F|  |TAMS 0x000000008da00000| PB 0x000000008da00000| Untracked 
| 155|0x000000008db00000, 0x000000008db00000, 0x000000008dc00000|  0%| F|  |TAMS 0x000000008db00000| PB 0x000000008db00000| Untracked 
| 156|0x000000008dc00000, 0x000000008dc00000, 0x000000008dd00000|  0%| F|  |TAMS 0x000000008dc00000| PB 0x000000008dc00000| Untracked 
| 157|0x000000008dd00000, 0x000000008dd00000, 0x000000008de00000|  0%| F|  |TAMS 0x000000008dd00000| PB 0x000000008dd00000| Untracked 
| 158|0x000000008de00000, 0x000000008de00000, 0x000000008df00000|  0%| F|  |TAMS 0x000000008de00000| PB 0x000000008de00000| Untracked 
| 159|0x000000008df00000, 0x000000008df00000, 0x000000008e000000|  0%| F|  |TAMS 0x000000008df00000| PB 0x000000008df00000| Untracked 
| 160|0x000000008e000000, 0x000000008e000000, 0x000000008e100000|  0%| F|  |TAMS 0x000000008e000000| PB 0x000000008e000000| Untracked 
| 161|0x000000008e100000, 0x000000008e100000, 0x000000008e200000|  0%| F|  |TAMS 0x000000008e100000| PB 0x000000008e100000| Untracked 
| 162|0x000000008e200000, 0x000000008e200000, 0x000000008e300000|  0%| F|  |TAMS 0x000000008e200000| PB 0x000000008e200000| Untracked 
| 163|0x000000008e300000, 0x000000008e300000, 0x000000008e400000|  0%| F|  |TAMS 0x000000008e300000| PB 0x000000008e300000| Untracked 
| 164|0x000000008e400000, 0x000000008e400000, 0x000000008e500000|  0%| F|  |TAMS 0x000000008e400000| PB 0x000000008e400000| Untracked 
| 165|0x000000008e500000, 0x000000008e500000, 0x000000008e600000|  0%| F|  |TAMS 0x000000008e500000| PB 0x000000008e500000| Untracked 
| 166|0x000000008e600000, 0x000000008e600000, 0x000000008e700000|  0%| F|  |TAMS 0x000000008e600000| PB 0x000000008e600000| Untracked 
| 167|0x000000008e700000, 0x000000008e700000, 0x000000008e800000|  0%| F|  |TAMS 0x000000008e700000| PB 0x000000008e700000| Untracked 
| 168|0x000000008e800000, 0x000000008e800000, 0x000000008e900000|  0%| F|  |TAMS 0x000000008e800000| PB 0x000000008e800000| Untracked 
| 169|0x000000008e900000, 0x000000008e900000, 0x000000008ea00000|  0%| F|  |TAMS 0x000000008e900000| PB 0x000000008e900000| Untracked 
| 170|0x000000008ea00000, 0x000000008ea00000, 0x000000008eb00000|  0%| F|  |TAMS 0x000000008ea00000| PB 0x000000008ea00000| Untracked 
| 171|0x000000008eb00000, 0x000000008eb00000, 0x000000008ec00000|  0%| F|  |TAMS 0x000000008eb00000| PB 0x000000008eb00000| Untracked 
| 172|0x000000008ec00000, 0x000000008ec00000, 0x000000008ed00000|  0%| F|  |TAMS 0x000000008ec00000| PB 0x000000008ec00000| Untracked 
| 173|0x000000008ed00000, 0x000000008ed00000, 0x000000008ee00000|  0%| F|  |TAMS 0x000000008ed00000| PB 0x000000008ed00000| Untracked 
| 174|0x000000008ee00000, 0x000000008ee00000, 0x000000008ef00000|  0%| F|  |TAMS 0x000000008ee00000| PB 0x000000008ee00000| Untracked 
| 175|0x000000008ef00000, 0x000000008ef00000, 0x000000008f000000|  0%| F|  |TAMS 0x000000008ef00000| PB 0x000000008ef00000| Untracked 
| 176|0x000000008f000000, 0x000000008f000000, 0x000000008f100000|  0%| F|  |TAMS 0x000000008f000000| PB 0x000000008f000000| Untracked 
| 177|0x000000008f100000, 0x000000008f100000, 0x000000008f200000|  0%| F|  |TAMS 0x000000008f100000| PB 0x000000008f100000| Untracked 
| 178|0x000000008f200000, 0x000000008f200000, 0x000000008f300000|  0%| F|  |TAMS 0x000000008f200000| PB 0x000000008f200000| Untracked 
| 179|0x000000008f300000, 0x000000008f300000, 0x000000008f400000|  0%| F|  |TAMS 0x000000008f300000| PB 0x000000008f300000| Untracked 
| 180|0x000000008f400000, 0x000000008f400000, 0x000000008f500000|  0%| F|  |TAMS 0x000000008f400000| PB 0x000000008f400000| Untracked 
| 181|0x000000008f500000, 0x000000008f500000, 0x000000008f600000|  0%| F|  |TAMS 0x000000008f500000| PB 0x000000008f500000| Untracked 
| 182|0x000000008f600000, 0x000000008f600000, 0x000000008f700000|  0%| F|  |TAMS 0x000000008f600000| PB 0x000000008f600000| Untracked 
| 183|0x000000008f700000, 0x000000008f700000, 0x000000008f800000|  0%| F|  |TAMS 0x000000008f700000| PB 0x000000008f700000| Untracked 
| 184|0x000000008f800000, 0x000000008f800000, 0x000000008f900000|  0%| F|  |TAMS 0x000000008f800000| PB 0x000000008f800000| Untracked 
| 185|0x000000008f900000, 0x000000008f900000, 0x000000008fa00000|  0%| F|  |TAMS 0x000000008f900000| PB 0x000000008f900000| Untracked 
| 186|0x000000008fa00000, 0x000000008fa00000, 0x000000008fb00000|  0%| F|  |TAMS 0x000000008fa00000| PB 0x000000008fa00000| Untracked 
| 187|0x000000008fb00000, 0x000000008fb00000, 0x000000008fc00000|  0%| F|  |TAMS 0x000000008fb00000| PB 0x000000008fb00000| Untracked 
| 188|0x000000008fc00000, 0x000000008fc00000, 0x000000008fd00000|  0%| F|  |TAMS 0x000000008fc00000| PB 0x000000008fc00000| Untracked 
| 189|0x000000008fd00000, 0x000000008fd00000, 0x000000008fe00000|  0%| F|  |TAMS 0x000000008fd00000| PB 0x000000008fd00000| Untracked 
| 190|0x000000008fe00000, 0x000000008fe00000, 0x000000008ff00000|  0%| F|  |TAMS 0x000000008fe00000| PB 0x000000008fe00000| Untracked 
| 191|0x000000008ff00000, 0x000000008ff00000, 0x0000000090000000|  0%| F|  |TAMS 0x000000008ff00000| PB 0x000000008ff00000| Untracked 
| 192|0x0000000090000000, 0x0000000090000000, 0x0000000090100000|  0%| F|  |TAMS 0x0000000090000000| PB 0x0000000090000000| Untracked 
| 193|0x0000000090100000, 0x0000000090100000, 0x0000000090200000|  0%| F|  |TAMS 0x0000000090100000| PB 0x0000000090100000| Untracked 
| 194|0x0000000090200000, 0x0000000090200000, 0x0000000090300000|  0%| F|  |TAMS 0x0000000090200000| PB 0x0000000090200000| Untracked 

Card table byte_map: [0x000002761b0a0000,0x000002761b480000] _byte_map_base: 0x000002761ac80000

Marking Bits: (CMBitMap*) 0x0000027614a02cb0
 Bits: [0x000002761b480000, 0x000002761d380000)

Polling page: 0x0000027613f60000

Metaspace:

Usage:
  Non-class:     27.47 MB used.
      Class:      4.29 MB used.
       Both:     31.77 MB used.

Virtual space:
  Non-class space:       64.00 MB reserved,      27.81 MB ( 43%) committed,  1 nodes.
      Class space:        1.00 GB reserved,       4.56 MB ( <1%) committed,  1 nodes.
             Both:        1.06 GB reserved,      32.38 MB (  3%) committed. 

Chunk freelists:
   Non-Class:  4.16 MB
       Class:  11.43 MB
        Both:  15.60 MB

MaxMetaspaceSize: unlimited
CompressedClassSpaceSize: 1.00 GB
Initial GC threshold: 21.00 MB
Current GC threshold: 54.00 MB
CDS: on
 - commit_granule_bytes: 65536.
 - commit_granule_words: 8192.
 - virtual_space_node_default_size: 8388608.
 - enlarge_chunks_in_place: 1.
 - use_allocation_guard: 0.


Internal statistics:

num_allocs_failed_limit: 3.
num_arena_births: 760.
num_arena_deaths: 0.
num_vsnodes_births: 2.
num_vsnodes_deaths: 0.
num_space_committed: 518.
num_space_uncommitted: 0.
num_chunks_returned_to_freelist: 3.
num_chunks_taken_from_freelist: 1988.
num_chunk_merges: 3.
num_chunk_splits: 1370.
num_chunks_enlarged: 995.
num_inconsistent_stats: 0.

CodeCache: size=49152Kb used=9094Kb max_used=9637Kb free=40057Kb
 bounds [0x0000027617ba0000, 0x0000027618550000, 0x000002761aba0000]
 total_blobs=4940, nmethods=4370, adapters=493, full_count=0
Compilation: enabled, stopped_count=0, restarted_count=0

Compilation events (20 events):
Event: 18.315 Thread 0x000002766506cf60 4439       1       io.github.classgraph.ModuleRef::getReference (5 bytes)
Event: 18.315 Thread 0x000002766506cf60 nmethod 4439 0x000002761837d210 code [0x000002761837d3a0, 0x000002761837d468]
Event: 18.854 Thread 0x000002766506cf60 4440       1       jdk.internal.module.SystemModuleFinders$2::get (16 bytes)
Event: 18.854 Thread 0x000002761fcebe80 4441       1       jdk.internal.module.SystemModuleFinders$2::get (5 bytes)
Event: 18.855 Thread 0x000002766506cf60 nmethod 4440 0x0000027617f22f10 code [0x0000027617f230c0, 0x0000027617f23260]
Event: 18.855 Thread 0x000002761fcebe80 nmethod 4441 0x0000027617f22b10 code [0x0000027617f22cc0, 0x0000027617f22e60]
Event: 18.862 Thread 0x000002766506cf60 4443   !   1       jdk.internal.module.ModuleReferenceImpl::open (19 bytes)
Event: 18.862 Thread 0x000002761fcebe80 4442   !   1       jdk.internal.module.SystemModuleFinders$SystemModuleReader::checkPermissionToConnect (38 bytes)
Event: 18.862 Thread 0x000002761fcebe80 nmethod 4442 0x0000027617f22810 code [0x0000027617f229a0, 0x0000027617f22a48]
Event: 18.862 Thread 0x000002766506cf60 nmethod 4443 0x0000027617f22390 code [0x0000027617f22540, 0x0000027617f226e0]
Event: 18.878 Thread 0x000002766506cf60 4444   !   1       java.util.concurrent.ConcurrentHashMap::fullAddCount (462 bytes)
Event: 18.880 Thread 0x000002766506cf60 nmethod 4444 0x0000027617f21210 code [0x0000027617f21420, 0x0000027617f21eb0]
Event: 18.885 Thread 0x000002766506cf60 4445       1       nonapi.io.github.classgraph.fastzipfilereader.NestedJarHandler$5$1::newInstance (8 bytes)
Event: 18.885 Thread 0x000002761fcebe80 4446       1       io.github.classgraph.ModuleRef::open (9 bytes)
Event: 18.885 Thread 0x000002761fcebe80 nmethod 4446 0x0000027617f20e90 code [0x0000027617f21040, 0x0000027617f21188]
Event: 18.885 Thread 0x000002766506cf60 nmethod 4445 0x0000027617f20a90 code [0x0000027617f20c40, 0x0000027617f20d88]
Event: 18.886 Thread 0x000002761fcebe80 4447       1       nonapi.io.github.classgraph.fastzipfilereader.NestedJarHandler$5$1::newInstance (5 bytes)
Event: 18.886 Thread 0x000002761fcebe80 nmethod 4447 0x0000027617f20690 code [0x0000027617f20840, 0x0000027617f20988]
Event: 18.888 Thread 0x000002761fcebe80 4448   !   1       io.github.classgraph.ModuleReaderProxy::<init> (74 bytes)
Event: 18.888 Thread 0x000002761fcebe80 nmethod 4448 0x0000027617f1fc90 code [0x0000027617f1fea0, 0x0000027617f20378]

GC Heap History (20 events):
Event: 14.784 GC heap after
{Heap after GC invocations=29 (full 0):
 garbage-first heap   total 196608K, used 82418K [0x0000000084000000, 0x0000000100000000)
  region size 1024K, 6 young (6144K), 6 survivors (6144K)
 Metaspace       used 32383K, committed 32960K, reserved 1114112K
  class space    used 4365K, committed 4608K, reserved 1048576K
}
Event: 15.568 GC heap before
{Heap before GC invocations=30 (full 0):
 garbage-first heap   total 196608K, used 171506K [0x0000000084000000, 0x0000000100000000)
  region size 1024K, 94 young (96256K), 6 survivors (6144K)
 Metaspace       used 32526K, committed 33152K, reserved 1114112K
  class space    used 4394K, committed 4672K, reserved 1048576K
}
Event: 15.577 GC heap after
{Heap after GC invocations=31 (full 0):
 garbage-first heap   total 196608K, used 87286K [0x0000000084000000, 0x0000000100000000)
  region size 1024K, 11 young (11264K), 11 survivors (11264K)
 Metaspace       used 32526K, committed 33152K, reserved 1114112K
  class space    used 4394K, committed 4672K, reserved 1048576K
}
Event: 16.396 GC heap before
{Heap before GC invocations=31 (full 0):
 garbage-first heap   total 196608K, used 173302K [0x0000000084000000, 0x0000000100000000)
  region size 1024K, 96 young (98304K), 11 survivors (11264K)
 Metaspace       used 32527K, committed 33152K, reserved 1114112K
  class space    used 4395K, committed 4672K, reserved 1048576K
}
Event: 16.403 GC heap after
{Heap after GC invocations=32 (full 0):
 garbage-first heap   total 196608K, used 90865K [0x0000000084000000, 0x0000000100000000)
  region size 1024K, 10 young (10240K), 10 survivors (10240K)
 Metaspace       used 32527K, committed 33152K, reserved 1114112K
  class space    used 4395K, committed 4672K, reserved 1048576K
}
Event: 17.202 GC heap before
{Heap before GC invocations=32 (full 0):
 garbage-first heap   total 196608K, used 175857K [0x0000000084000000, 0x0000000100000000)
  region size 1024K, 94 young (96256K), 10 survivors (10240K)
 Metaspace       used 32527K, committed 33152K, reserved 1114112K
  class space    used 4395K, committed 4672K, reserved 1048576K
}
Event: 17.209 GC heap after
{Heap after GC invocations=33 (full 0):
 garbage-first heap   total 196608K, used 94936K [0x0000000084000000, 0x0000000100000000)
  region size 1024K, 8 young (8192K), 8 survivors (8192K)
 Metaspace       used 32527K, committed 33152K, reserved 1114112K
  class space    used 4395K, committed 4672K, reserved 1048576K
}
Event: 18.033 GC heap before
{Heap before GC invocations=34 (full 0):
 garbage-first heap   total 196608K, used 178904K [0x0000000084000000, 0x0000000100000000)
  region size 1024K, 91 young (93184K), 8 survivors (8192K)
 Metaspace       used 32527K, committed 33152K, reserved 1114112K
  class space    used 4395K, committed 4672K, reserved 1048576K
}
Event: 18.038 GC heap after
{Heap after GC invocations=35 (full 0):
 garbage-first heap   total 196608K, used 99018K [0x0000000084000000, 0x0000000100000000)
  region size 1024K, 8 young (8192K), 8 survivors (8192K)
 Metaspace       used 32527K, committed 33152K, reserved 1114112K
  class space    used 4395K, committed 4672K, reserved 1048576K
}
Event: 18.832 GC heap before
{Heap before GC invocations=35 (full 0):
 garbage-first heap   total 196608K, used 180938K [0x0000000084000000, 0x0000000100000000)
  region size 1024K, 89 young (91136K), 8 survivors (8192K)
 Metaspace       used 32529K, committed 33152K, reserved 1114112K
  class space    used 4395K, committed 4672K, reserved 1048576K
}
Event: 18.839 GC heap after
{Heap after GC invocations=36 (full 0):
 garbage-first heap   total 198656K, used 102677K [0x0000000084000000, 0x0000000100000000)
  region size 1024K, 9 young (9216K), 9 survivors (9216K)
 Metaspace       used 32529K, committed 33152K, reserved 1114112K
  class space    used 4395K, committed 4672K, reserved 1048576K
}
Event: 18.925 GC heap before
{Heap before GC invocations=36 (full 0):
 garbage-first heap   total 198656K, used 182549K [0x0000000084000000, 0x0000000100000000)
  region size 1024K, 89 young (91136K), 9 survivors (9216K)
 Metaspace       used 32529K, committed 33152K, reserved 1114112K
  class space    used 4395K, committed 4672K, reserved 1048576K
}
Event: 18.931 GC heap after
{Heap after GC invocations=37 (full 0):
 garbage-first heap   total 198656K, used 106157K [0x0000000084000000, 0x0000000100000000)
  region size 1024K, 8 young (8192K), 8 survivors (8192K)
 Metaspace       used 32529K, committed 33152K, reserved 1114112K
  class space    used 4395K, committed 4672K, reserved 1048576K
}
Event: 19.020 GC heap before
{Heap before GC invocations=37 (full 0):
 garbage-first heap   total 198656K, used 183981K [0x0000000084000000, 0x0000000100000000)
  region size 1024K, 86 young (88064K), 8 survivors (8192K)
 Metaspace       used 32529K, committed 33152K, reserved 1114112K
  class space    used 4395K, committed 4672K, reserved 1048576K
}
Event: 19.026 GC heap after
{Heap after GC invocations=38 (full 0):
 garbage-first heap   total 198656K, used 109977K [0x0000000084000000, 0x0000000100000000)
  region size 1024K, 7 young (7168K), 7 survivors (7168K)
 Metaspace       used 32529K, committed 33152K, reserved 1114112K
  class space    used 4395K, committed 4672K, reserved 1048576K
}
Event: 19.193 GC heap before
{Heap before GC invocations=39 (full 0):
 garbage-first heap   total 198656K, used 185753K [0x0000000084000000, 0x0000000100000000)
  region size 1024K, 82 young (83968K), 7 survivors (7168K)
 Metaspace       used 32529K, committed 33152K, reserved 1114112K
  class space    used 4395K, committed 4672K, reserved 1048576K
}
Event: 19.200 GC heap after
{Heap after GC invocations=40 (full 0):
 garbage-first heap   total 198656K, used 113316K [0x0000000084000000, 0x0000000100000000)
  region size 1024K, 7 young (7168K), 7 survivors (7168K)
 Metaspace       used 32529K, committed 33152K, reserved 1114112K
  class space    used 4395K, committed 4672K, reserved 1048576K
}
Event: 19.317 GC heap before
{Heap before GC invocations=40 (full 0):
 garbage-first heap   total 198656K, used 186020K [0x0000000084000000, 0x0000000100000000)
  region size 1024K, 79 young (80896K), 7 survivors (7168K)
 Metaspace       used 32529K, committed 33152K, reserved 1114112K
  class space    used 4395K, committed 4672K, reserved 1048576K
}
Event: 19.324 GC heap after
{Heap after GC invocations=41 (full 0):
 garbage-first heap   total 199680K, used 114773K [0x0000000084000000, 0x0000000100000000)
  region size 1024K, 6 young (6144K), 6 survivors (6144K)
 Metaspace       used 32529K, committed 33152K, reserved 1114112K
  class space    used 4395K, committed 4672K, reserved 1048576K
}
Event: 19.382 GC heap before
{Heap before GC invocations=41 (full 0):
 garbage-first heap   total 199680K, used 186453K [0x0000000084000000, 0x0000000100000000)
  region size 1024K, 77 young (78848K), 6 survivors (6144K)
 Metaspace       used 32529K, committed 33152K, reserved 1114112K
  class space    used 4395K, committed 4672K, reserved 1048576K
}

Dll operation events (9 events):
Event: 0.023 Loaded shared library c:\Users\Glymin Terra Selasi\.trae\extensions\redhat.java-1.52.0-win32-x64\jre\21.0.9-win32-x86_64\bin\java.dll
Event: 0.604 Loaded shared library c:\Users\Glymin Terra Selasi\.trae\extensions\redhat.java-1.52.0-win32-x64\jre\21.0.9-win32-x86_64\bin\zip.dll
Event: 0.644 Loaded shared library C:\Users\Glymin Terra Selasi\.trae\extensions\redhat.java-1.52.0-win32-x64\jre\21.0.9-win32-x86_64\bin\net.dll
Event: 0.656 Loaded shared library C:\Users\Glymin Terra Selasi\.trae\extensions\redhat.java-1.52.0-win32-x64\jre\21.0.9-win32-x86_64\bin\nio.dll
Event: 0.676 Loaded shared library C:\Users\Glymin Terra Selasi\.trae\extensions\redhat.java-1.52.0-win32-x64\jre\21.0.9-win32-x86_64\bin\zip.dll
Event: 2.720 Loaded shared library C:\Users\Glymin Terra Selasi\.trae\extensions\redhat.java-1.52.0-win32-x64\jre\21.0.9-win32-x86_64\bin\jimage.dll
Event: 3.257 Loaded shared library c:\Users\Glymin Terra Selasi\.trae\extensions\redhat.java-1.52.0-win32-x64\jre\21.0.9-win32-x86_64\bin\verify.dll
Event: 8.845 Loaded shared library C:\Users\Glymin Terra Selasi\.trae\extensions\redhat.java-1.52.0-win32-x64\jre\21.0.9-win32-x86_64\bin\management.dll
Event: 8.855 Loaded shared library C:\Users\Glymin Terra Selasi\.trae\extensions\redhat.java-1.52.0-win32-x64\jre\21.0.9-win32-x86_64\bin\management_ext.dll

Deoptimization events (0 events):
No events

Classes loaded (20 events):
Event: 14.119 Loading class sun/nio/ch/Util$4
Event: 14.150 Loading class sun/nio/ch/Util$4 done
Event: 14.150 Loading class java/lang/foreign/MemorySegment
Event: 14.151 Loading class java/lang/foreign/MemorySegment done
Event: 14.182 Loading class java/io/UTFDataFormatException
Event: 14.182 Loading class java/io/UTFDataFormatException done
Event: 14.184 Loading class java/nio/file/ClosedDirectoryStreamException
Event: 14.184 Loading class java/nio/file/ClosedDirectoryStreamException done
Event: 14.185 Loading class jdk/internal/jrtfs/JrtFileSystem
Event: 14.198 Loading class jdk/internal/jrtfs/JrtFileSystem done
Event: 14.198 Loading class jdk/internal/jrtfs/JrtPath
Event: 14.199 Loading class jdk/internal/jrtfs/JrtPath done
Event: 14.786 Loading class java/nio/file/Files$3
Event: 14.786 Loading class java/nio/file/Files$3 done
Event: 14.786 Loading class java/nio/file/FileVisitResult
Event: 14.786 Loading class java/nio/file/FileVisitResult done
Event: 14.834 Loading class java/nio/channels/Channels$ReadableByteChannelImpl
Event: 14.834 Loading class java/nio/channels/Channels$ReadableByteChannelImpl done
Event: 14.834 Loading class java/nio/channels/NonWritableChannelException
Event: 14.834 Loading class java/nio/channels/NonWritableChannelException done

Classes unloaded (0 events):
No events

Classes redefined (0 events):
No events

Internal exceptions (20 events):
Event: 9.832 Thread 0x0000027666734420 Exception <a 'sun/nio/fs/WindowsException'{0x0000000087d941b0}> (0x0000000087d941b0) 
thrown [s\src\hotspot\share\prims\jni.cpp, line 520]
Event: 9.833 Thread 0x0000027666734420 Exception <a 'sun/nio/fs/WindowsException'{0x0000000087d94c38}> (0x0000000087d94c38) 
thrown [s\src\hotspot\share\prims\jni.cpp, line 520]
Event: 9.833 Thread 0x0000027666734420 Exception <a 'sun/nio/fs/WindowsException'{0x0000000087d95068}> (0x0000000087d95068) 
thrown [s\src\hotspot\share\prims\jni.cpp, line 520]
Event: 9.833 Thread 0x0000027666734420 Exception <a 'sun/nio/fs/WindowsException'{0x0000000087d95b00}> (0x0000000087d95b00) 
thrown [s\src\hotspot\share\prims\jni.cpp, line 520]
Event: 9.833 Thread 0x0000027666734420 Exception <a 'sun/nio/fs/WindowsException'{0x0000000087d95f40}> (0x0000000087d95f40) 
thrown [s\src\hotspot\share\prims\jni.cpp, line 520]
Event: 9.833 Thread 0x0000027666734420 Exception <a 'sun/nio/fs/WindowsException'{0x0000000087d969f0}> (0x0000000087d969f0) 
thrown [s\src\hotspot\share\prims\jni.cpp, line 520]
Event: 9.833 Thread 0x0000027666734420 Exception <a 'sun/nio/fs/WindowsException'{0x0000000087d96e50}> (0x0000000087d96e50) 
thrown [s\src\hotspot\share\prims\jni.cpp, line 520]
Event: 9.833 Thread 0x0000027666734420 Exception <a 'sun/nio/fs/WindowsException'{0x0000000087d97918}> (0x0000000087d97918) 
thrown [s\src\hotspot\share\prims\jni.cpp, line 520]
Event: 9.833 Thread 0x0000027666734420 Exception <a 'sun/nio/fs/WindowsException'{0x0000000087d97d90}> (0x0000000087d97d90) 
thrown [s\src\hotspot\share\prims\jni.cpp, line 520]
Event: 9.833 Thread 0x0000027666734420 Exception <a 'sun/nio/fs/WindowsException'{0x0000000087d98850}> (0x0000000087d98850) 
thrown [s\src\hotspot\share\prims\jni.cpp, line 520]
Event: 9.833 Thread 0x0000027666734420 Exception <a 'sun/nio/fs/WindowsException'{0x0000000087d98cc0}> (0x0000000087d98cc0) 
thrown [s\src\hotspot\share\prims\jni.cpp, line 520]
Event: 10.904 Thread 0x0000027666633740 Exception <a 'java/lang/IncompatibleClassChangeError'{0x00000000883f32d8}: Found class java.lang.Object, but interface was expected> (0x00000000883f32d8) 
thrown [s\src\hotspot\share\interpreter\linkResolver.cpp, line 840]
Event: 11.949 Thread 0x0000027666733700 Exception <a 'java/lang/IncompatibleClassChangeError'{0x000000008addfe98}: Found class java.lang.Object, but interface was expected> (0x000000008addfe98) 
thrown [s\src\hotspot\share\interpreter\linkResolver.cpp, line 840]
Event: 11.949 Thread 0x0000027666882190 Exception <a 'java/lang/IncompatibleClassChangeError'{0x000000008ad7deb0}: Found class java.lang.Object, but interface was expected> (0x000000008ad7deb0) 
thrown [s\src\hotspot\share\interpreter\linkResolver.cpp, line 840]
Event: 11.949 Thread 0x0000027666881b00 Exception <a 'java/lang/IncompatibleClassChangeError'{0x000000008ada73d0}: Found class java.lang.Object, but interface was expected> (0x000000008ada73d0) 
thrown [s\src\hotspot\share\interpreter\linkResolver.cpp, line 840]
Event: 11.949 Thread 0x0000027666884f80 Exception <a 'java/lang/IncompatibleClassChangeError'{0x000000008adc92a8}: Found class java.lang.Object, but interface was expected> (0x000000008adc92a8) 
thrown [s\src\hotspot\share\interpreter\linkResolver.cpp, line 840]
Event: 11.949 Thread 0x0000027666734420 Exception <a 'java/lang/IncompatibleClassChangeError'{0x000000008adc3958}: Found class java.lang.Object, but interface was expected> (0x000000008adc3958) 
thrown [s\src\hotspot\share\interpreter\linkResolver.cpp, line 840]
Event: 13.373 Thread 0x0000027666633740 Exception <a 'java/lang/IncompatibleClassChangeError'{0x000000008a274b00}: Found class java.lang.Object, but interface was expected> (0x000000008a274b00) 
thrown [s\src\hotspot\share\interpreter\linkResolver.cpp, line 840]
Event: 14.153 Thread 0x00000276661289a0 Exception <a 'java/lang/NoSuchMethodError'{0x000000008d930608}: 'int java.lang.invoke.DirectMethodHandle$Holder.invokeSpecial(java.lang.Object, java.lang.Object, java.lang.Object, int)'> (0x000000008d930608) 
thrown [s\src\hotspot\share\interpreter\linkResolver.cpp, line 773]
Event: 14.153 Thread 0x00000276661289a0 Exception <a 'java/lang/NoSuchMethodError'{0x000000008d1fa9d0}: 'java.lang.Object java.lang.invoke.DelegatingMethodHandle$Holder.reinvoke_L(java.lang.Object, int, long, java.lang.Object, java.lang.Object, int, java.lang.Object)'> (0x000000008d1fa9d0) 
thrown [s\src\hotspot\share\interpreter\linkResolver.cpp, line 773]

ZGC Phase Switch (0 events):
No events

VM Operations (20 events):
Event: 18.931 Executing VM operation: G1CollectForAllocation (GCLocker Initiated GC) done
Event: 19.012 Executing VM operation: G1CollectForAllocation (G1 Evacuation Pause)
Event: 19.019 Executing VM operation: G1CollectForAllocation (G1 Evacuation Pause) done
Event: 19.020 Executing VM operation: G1CollectForAllocation (GCLocker Initiated GC)
Event: 19.026 Executing VM operation: G1CollectForAllocation (GCLocker Initiated GC) done
Event: 19.039 Executing VM operation: G1PauseRemark
Event: 19.053 Executing VM operation: G1PauseRemark done
Event: 19.090 Executing VM operation: G1PauseCleanup
Event: 19.113 Executing VM operation: G1PauseCleanup done
Event: 19.180 Executing VM operation: G1CollectForAllocation (G1 Evacuation Pause)
Event: 19.192 Executing VM operation: G1CollectForAllocation (G1 Evacuation Pause) done
Event: 19.192 Executing VM operation: G1CollectForAllocation (GCLocker Initiated GC)
Event: 19.200 Executing VM operation: G1CollectForAllocation (GCLocker Initiated GC) done
Event: 19.289 Executing VM operation: G1CollectForAllocation (G1 Evacuation Pause)
Event: 19.301 Executing VM operation: G1CollectForAllocation (G1 Evacuation Pause) done
Event: 19.301 Executing VM operation: G1CollectForAllocation (GCLocker Initiated GC)
Event: 19.324 Executing VM operation: G1CollectForAllocation (GCLocker Initiated GC) done
Event: 19.381 Executing VM operation: G1CollectForAllocation (G1 Evacuation Pause)
Event: 19.382 Executing VM operation: G1CollectForAllocation (G1 Evacuation Pause) done
Event: 19.382 Executing VM operation: G1CollectForAllocation (GCLocker Initiated GC)

Memory protections (0 events):
No events

Nmethod flushes (20 events):
Event: 13.024 Thread 0x000002761fcc94c0 flushing  nmethod 0x0000027617dbfe10
Event: 13.024 Thread 0x000002761fcc94c0 flushing  nmethod 0x0000027618412d90
Event: 13.024 Thread 0x000002761fcc94c0 flushing  nmethod 0x0000027618279310
Event: 14.737 Thread 0x000002761fcc94c0 flushing  nmethod 0x00000276180c7e10
Event: 14.737 Thread 0x000002761fcc94c0 flushing  nmethod 0x0000027618371910
Event: 14.737 Thread 0x000002761fcc94c0 flushing  nmethod 0x0000027617eb4d90
Event: 14.737 Thread 0x000002761fcc94c0 flushing  nmethod 0x0000027617fe3110
Event: 14.737 Thread 0x000002761fcc94c0 flushing  nmethod 0x000002761844de90
Event: 14.737 Thread 0x000002761fcc94c0 flushing  nmethod 0x00000276182e3390
Event: 14.737 Thread 0x000002761fcc94c0 flushing  nmethod 0x00000276182e6890
Event: 14.737 Thread 0x000002761fcc94c0 flushing  nmethod 0x0000027617fd8a10
Event: 14.737 Thread 0x000002761fcc94c0 flushing  nmethod 0x000002761840ea10
Event: 14.737 Thread 0x000002761fcc94c0 flushing  nmethod 0x0000027618455790
Event: 14.737 Thread 0x000002761fcc94c0 flushing  nmethod 0x0000027618456290
Event: 14.737 Thread 0x000002761fcc94c0 flushing  nmethod 0x0000027618456c90
Event: 14.737 Thread 0x000002761fcc94c0 flushing  nmethod 0x000002761812f490
Event: 17.323 Thread 0x000002761fcc94c0 flushing  nmethod 0x000002761837d210
Event: 17.323 Thread 0x000002761fcc94c0 flushing  nmethod 0x0000027617d42090
Event: 17.323 Thread 0x000002761fcc94c0 flushing  nmethod 0x0000027617e25e10
Event: 17.323 Thread 0x000002761fcc94c0 flushing  nmethod 0x0000027617ddd110

Events (20 events):
Event: 9.810 Thread 0x00000276667329e0 Thread added: 0x0000027666733d90
Event: 9.815 Thread 0x0000027666733d90 Thread added: 0x0000027666734420
Event: 9.815 Thread 0x0000027666733d90 Thread added: 0x0000027666733700
Event: 9.815 Thread 0x0000027666733d90 Thread added: 0x0000027666882190
Event: 9.815 Thread 0x0000027666733d90 Thread added: 0x0000027666880de0
Event: 9.816 Thread 0x0000027666733d90 Thread added: 0x000002766687f3a0
Event: 9.816 Thread 0x0000027666733d90 Thread added: 0x00000276668800c0
Event: 9.816 Thread 0x0000027666733d90 Thread added: 0x0000027666880750
Event: 9.816 Thread 0x0000027666733d90 Thread added: 0x0000027666881470
Event: 9.817 Thread 0x0000027666733d90 Thread added: 0x0000027666881b00
Event: 9.817 Thread 0x0000027666733d90 Thread added: 0x0000027666882eb0
Event: 9.817 Thread 0x0000027666733d90 Thread added: 0x0000027666882820
Event: 9.817 Thread 0x0000027666733d90 Thread added: 0x000002766687fa30
Event: 9.817 Thread 0x0000027666733d90 Thread added: 0x0000027666884f80
Event: 9.929 Thread 0x00000276666d3030 Thread added: 0x0000027666883bd0
Event: 13.048 Thread 0x0000027665afbd30 Thread exited: 0x0000027665afbd30
Event: 14.642 Thread 0x000002766506cf60 Thread exited: 0x000002766506cf60
Event: 14.705 Thread 0x000002761fcebe80 Thread added: 0x000002766506cf60
Event: 14.714 Thread 0x000002761fcebe80 Thread added: 0x00000276659c7280
Event: 16.119 Thread 0x00000276659c7280 Thread exited: 0x00000276659c7280


Dynamic libraries:
0x00007ff7717e0000 - 0x00007ff7717ee000 	c:\Users\Glymin Terra Selasi\.trae\extensions\redhat.java-1.52.0-win32-x64\jre\21.0.9-win32-x86_64\bin\java.exe
0x00007ff8929c0000 - 0x00007ff892c28000 	C:\WINDOWS\SYSTEM32\ntdll.dll
0x00007ff891ae0000 - 0x00007ff891ba9000 	C:\WINDOWS\System32\KERNEL32.DLL
0x00007ff890390000 - 0x00007ff890782000 	C:\WINDOWS\System32\KERNELBASE.dll
0x00007ff88fbe0000 - 0x00007ff88fd2b000 	C:\WINDOWS\System32\ucrtbase.dll
0x00007ff84a190000 - 0x00007ff84a1a8000 	c:\Users\Glymin Terra Selasi\.trae\extensions\redhat.java-1.52.0-win32-x64\jre\21.0.9-win32-x86_64\bin\jli.dll
0x00007ff84a5f0000 - 0x00007ff84a60e000 	c:\Users\Glymin Terra Selasi\.trae\extensions\redhat.java-1.52.0-win32-x64\jre\21.0.9-win32-x86_64\bin\VCRUNTIME140.dll
0x00007ff892650000 - 0x00007ff892815000 	C:\WINDOWS\System32\USER32.dll
0x00007ff890360000 - 0x00007ff890387000 	C:\WINDOWS\System32\win32u.dll
0x00007ff877160000 - 0x00007ff8773f3000 	C:\WINDOWS\WinSxS\amd64_microsoft.windows.common-controls_6595b64144ccf1df_6.0.26100.6899_none_3e0efeeae32e88c1\COMCTL32.dll
0x00007ff8923a0000 - 0x00007ff8923cb000 	C:\WINDOWS\System32\GDI32.dll
0x00007ff8922f0000 - 0x00007ff892399000 	C:\WINDOWS\System32\msvcrt.dll
0x00007ff88fd30000 - 0x00007ff88fe5d000 	C:\WINDOWS\System32\gdi32full.dll
0x00007ff88fe60000 - 0x00007ff88ff03000 	C:\WINDOWS\System32\msvcp_win.dll
0x00007ff890f30000 - 0x00007ff890f5f000 	C:\WINDOWS\System32\IMM32.DLL
0x00007ff88a680000 - 0x00007ff88a68c000 	c:\Users\Glymin Terra Selasi\.trae\extensions\redhat.java-1.52.0-win32-x64\jre\21.0.9-win32-x86_64\bin\vcruntime140_1.dll
0x00007ff840690000 - 0x00007ff84071d000 	c:\Users\Glymin Terra Selasi\.trae\extensions\redhat.java-1.52.0-win32-x64\jre\21.0.9-win32-x86_64\bin\msvcp140.dll
0x00007fffc9d90000 - 0x00007fffcab30000 	c:\Users\Glymin Terra Selasi\.trae\extensions\redhat.java-1.52.0-win32-x64\jre\21.0.9-win32-x86_64\bin\server\jvm.dll
0x00007ff891bb0000 - 0x00007ff891c64000 	C:\WINDOWS\System32\ADVAPI32.dll
0x00007ff890b60000 - 0x00007ff890c06000 	C:\WINDOWS\System32\sechost.dll
0x00007ff8919c0000 - 0x00007ff891ad8000 	C:\WINDOWS\System32\RPCRT4.dll
0x00007ff891c70000 - 0x00007ff891ce4000 	C:\WINDOWS\System32\WS2_32.dll
0x00007ff88f9b0000 - 0x00007ff88fa0e000 	C:\WINDOWS\SYSTEM32\POWRPROF.dll
0x00007ff87fc80000 - 0x00007ff87fc8b000 	C:\WINDOWS\SYSTEM32\VERSION.dll
0x00007ff8880c0000 - 0x00007ff8880f5000 	C:\WINDOWS\SYSTEM32\WINMM.dll
0x00007ff88f990000 - 0x00007ff88f9a4000 	C:\WINDOWS\SYSTEM32\UMPDC.dll
0x00007ff88e920000 - 0x00007ff88e93b000 	C:\WINDOWS\SYSTEM32\kernel.appcore.dll
0x00007ff879400000 - 0x00007ff87940a000 	c:\Users\Glymin Terra Selasi\.trae\extensions\redhat.java-1.52.0-win32-x64\jre\21.0.9-win32-x86_64\bin\jimage.dll
0x00007ff88d370000 - 0x00007ff88d5b2000 	C:\WINDOWS\SYSTEM32\DBGHELP.DLL
0x00007ff8907e0000 - 0x00007ff890b5b000 	C:\WINDOWS\System32\combase.dll
0x00007ff8923f0000 - 0x00007ff8924c7000 	C:\WINDOWS\System32\OLEAUT32.dll
0x00007ff852550000 - 0x00007ff85258c000 	C:\WINDOWS\SYSTEM32\dbgcore.DLL
0x00007ff8902c0000 - 0x00007ff890358000 	C:\WINDOWS\System32\bcryptPrimitives.dll
0x00007ff849d60000 - 0x00007ff849d80000 	c:\Users\Glymin Terra Selasi\.trae\extensions\redhat.java-1.52.0-win32-x64\jre\21.0.9-win32-x86_64\bin\java.dll
0x00007ff891260000 - 0x00007ff8919ad000 	C:\WINDOWS\System32\SHELL32.dll
0x00007ff88ffd0000 - 0x00007ff89013b000 	C:\WINDOWS\System32\wintypes.dll
0x00007ff88d770000 - 0x00007ff88dfcd000 	C:\WINDOWS\SYSTEM32\windows.storage.dll
0x00007ff892820000 - 0x00007ff892912000 	C:\WINDOWS\System32\SHCORE.dll
0x00007ff892550000 - 0x00007ff8925b2000 	C:\WINDOWS\System32\shlwapi.dll
0x00007ff88fa70000 - 0x00007ff88fa99000 	C:\WINDOWS\SYSTEM32\profapi.dll
0x00007ff8417a0000 - 0x00007ff8417b8000 	c:\Users\Glymin Terra Selasi\.trae\extensions\redhat.java-1.52.0-win32-x64\jre\21.0.9-win32-x86_64\bin\zip.dll
0x00007ff86e9a0000 - 0x00007ff86e9b0000 	C:\Users\Glymin Terra Selasi\.trae\extensions\redhat.java-1.52.0-win32-x64\jre\21.0.9-win32-x86_64\bin\net.dll
0x00007ff882370000 - 0x00007ff88248f000 	C:\WINDOWS\SYSTEM32\WINHTTP.dll
0x00007ff88ee90000 - 0x00007ff88eefb000 	C:\WINDOWS\system32\mswsock.dll
0x00007ff8414e0000 - 0x00007ff8414f6000 	C:\Users\Glymin Terra Selasi\.trae\extensions\redhat.java-1.52.0-win32-x64\jre\21.0.9-win32-x86_64\bin\nio.dll
0x00007ff84a7a0000 - 0x00007ff84a7b0000 	c:\Users\Glymin Terra Selasi\.trae\extensions\redhat.java-1.52.0-win32-x64\jre\21.0.9-win32-x86_64\bin\verify.dll
0x00007ff88f140000 - 0x00007ff88f15b000 	C:\WINDOWS\SYSTEM32\CRYPTSP.dll
0x00007ff88e880000 - 0x00007ff88e8bb000 	C:\WINDOWS\system32\rsaenh.dll
0x00007ff88ef30000 - 0x00007ff88ef5b000 	C:\WINDOWS\SYSTEM32\USERENV.dll
0x00007ff88fa40000 - 0x00007ff88fa66000 	C:\WINDOWS\SYSTEM32\bcrypt.dll
0x00007ff88f160000 - 0x00007ff88f16c000 	C:\WINDOWS\SYSTEM32\CRYPTBASE.dll
0x00007ff88e290000 - 0x00007ff88e2c4000 	C:\WINDOWS\SYSTEM32\IPHLPAPI.DLL
0x00007ff890d80000 - 0x00007ff890d8a000 	C:\WINDOWS\System32\NSI.dll
0x00007ff88c560000 - 0x00007ff88c56a000 	C:\Users\Glymin Terra Selasi\.trae\extensions\redhat.java-1.52.0-win32-x64\jre\21.0.9-win32-x86_64\bin\management.dll
0x00007ff88c4d0000 - 0x00007ff88c4dc000 	C:\Users\Glymin Terra Selasi\.trae\extensions\redhat.java-1.52.0-win32-x64\jre\21.0.9-win32-x86_64\bin\management_ext.dll
0x00007ff890f70000 - 0x00007ff890f78000 	C:\WINDOWS\System32\PSAPI.DLL

JVMTI agents: none

dbghelp: loaded successfully - version: 4.0.5 - missing functions: none
symbol engine: initialized successfully - sym options: 0x614 - pdb path: .;c:\Users\Glymin Terra Selasi\.trae\extensions\redhat.java-1.52.0-win32-x64\jre\21.0.9-win32-x86_64\bin;C:\WINDOWS\SYSTEM32;C:\WINDOWS\WinSxS\amd64_microsoft.windows.common-controls_6595b64144ccf1df_6.0.26100.6899_none_3e0efeeae32e88c1;c:\Users\Glymin Terra Selasi\.trae\extensions\redhat.java-1.52.0-win32-x64\jre\21.0.9-win32-x86_64\bin\server

VM Arguments:
jvm_args: -Dsts.lsp.client=vscode -Dsts.log.file=/dev/null -XX:TieredStopAtLevel=1 -Xlog:jni+resolve=off -Dspring.config.location=file:c:\Users\Glymin Terra Selasi\.trae\extensions\pivotal.vscode-spring-boot-1.43.0-universal\language-server\BOOT-INF\classes\application.properties 
java_command: org.springframework.ide.vscode.boot.app.BootLanguageServerBootApp
java_class_path (initial): c:\Users\Glymin Terra Selasi\.trae\extensions\pivotal.vscode-spring-boot-1.43.0-universal\language-server\BOOT-INF\classes;c:\Users\Glymin Terra Selasi\.trae\extensions\pivotal.vscode-spring-boot-1.43.0-universal\language-server\BOOT-INF\lib\annotations-23.1.0.jar;c:\Users\Glymin Terra Selasi\.trae\extensions\pivotal.vscode-spring-boot-1.43.0-universal\language-server\BOOT-INF\lib\ant-1.10.12.jar;c:\Users\Glymin Terra Selasi\.trae\extensions\pivotal.vscode-spring-boot-1.43.0-universal\language-server\BOOT-INF\lib\ant-launcher-1.10.12.jar;c:\Users\Glymin Terra Selasi\.trae\extensions\pivotal.vscode-spring-boot-1.43.0-universal\language-server\BOOT-INF\lib\antlr-runtime-3.5.2.jar;c:\Users\Glymin Terra Selasi\.trae\extensions\pivotal.vscode-spring-boot-1.43.0-universal\language-server\BOOT-INF\lib\antlr4-4.9.3.jar;c:\Users\Glymin Terra Selasi\.trae\extensions\pivotal.vscode-spring-boot-1.43.0-universal\language-server\BOOT-INF\lib\antlr4-runtime-4.9.3.jar;c:\Users\Glymin Terra Selasi\.trae\extensions\pivotal.vscode-spring-boot-1.43.0-universal\language-server\BOOT-INF\lib\apiguardian-api-1.1.2.jar;c:\Users\Glymin Terra Selasi\.trae\extensions\pivotal.vscode-spring-boot-1.43.0-universal\language-server\BOOT-INF\lib\asm-9.4.jar;c:\Users\Glymin Terra Selasi\.trae\extensions\pivotal.vscode-spring-boot-1.43.0-universal\language-server\BOOT-INF\lib\asm-analysis-9.4.jar;c:\Users\Glymin Terra Selasi\.trae\extensions\pivotal.vscode-spring-boot-1.43.0-universal\language-server\BOOT-INF\lib\asm-tree-9.4.jar;c:\Users\Glymin Terra Selasi\.trae\extensions\pivotal.vscode-spring-boot-1.43.0-universal\language-server\BOOT-INF\lib\asm-util-9.4.jar;c:\Users\Glymin Terra Selasi\.trae\extensions\pivotal.vscode-spring-boot-1.43.0-universal\language-server\BOOT-INF\lib\caffeine-3.1.2.jar;c:\Users\Glymin Terra Selasi\.trae\extensions\pivotal.vscode-spring-boot-1.43.0-universal\language-server\BOOT-INF\lib\checker-qual-3.12.0.jar;c:\Users\Glymin Terra Selasi\.trae\extensions\pivotal.vscode-spring-boot-1.43.0-universal\language-server\BOOT-INF\lib\ci-environment-9.1.0.jar;c:\Users\Glymin Terra Selasi\.trae\extensions\pivotal.vscode-spring-boot-1.43.0-universal\language-server\BOOT-INF\lib\classgraph-4.8.149.jar;c:\Users\Glymin Terra Selasi\.trae\extensions\pivotal.vscode-spring-boot-1.43.0-universal\language-server\BOOT-INF\lib\commons-codec-1.15.jar;c:\Users\Glymin Terra Selasi\.trae\extensions\pivotal.vscode-spring-boot-1.43.0-universal\language-server\BOOT-INF\lib\commons-compress-1.22.jar;c:\Users\Glymin Terra Selasi\.trae\extensions\pivotal.vscode-spring-boot-1.43.0-universal\language-server\BOOT-INF\lib\commons-io-2.4.jar;c:\Users\Glymin Terra Selasi\.trae\extensions\pivotal.vscode-spring-boot-1.43.0-universal\language-server\BOOT-INF\lib\commons-java-1.43.0-SNAPSHOT.jar;c:\Users\Glymin Terra Selasi\.trae\extensions\pivotal.vscode-spring-boot-1.43.0-universal\language-server\BOOT-INF\lib\commons-lang3-3.12.0.jar;c:\Users\Glymin Terra Selasi\.trae\extensions\pivotal.vscode-spring-boot-1.43.0-universal\language-server\BOOT-INF\lib\commons-language-server-1.43.0-SNAPSHOT.jar;c:\Users\Glymin Terra Selasi\.trae\extensions\pivotal.vscode-spring-boot-1.43.0-universal\language-server\BOOT-INF\lib\commons-lsp-extensions-1.43.0-SNAPSHOT.jar;c:\Users\Glymin Terra Selasi\.trae\extensions\pivotal.vscode-spring-boot-1.43.0-universal\language-server\BOOT-INF\lib\commons-rewrite-1.43.0-SNAPSHOT.jar;c:\Users\Glymin Terra Selasi\.trae\extensions\pivotal.vscode-spring-boot-1.43.0-universal\language-server\BOOT-INF\lib\commons-text-1.10.0.jar;c:\Users\Glymin Terra Selasi\.trae\extensions\pivotal.vscode-spring-boot-1.43.0-universal\language-server\BOOT-INF\lib\commons-util-1.43.0-SNAPSHOT.jar;c:\Users\Glymin Terra Selasi\.trae\extensions\pivotal.vscode-spring-boot-1.43.0-universal\language-server\BOOT-INF\lib\commons-yaml-1.43.0-SNAPSHOT.jar;c:\Users\Glymin Terra Selasi\.trae\extensions\pivotal.vscode-spring-boot-1.43.0-universal\language-server\BOOT-INF\lib\cucumber-core-7.9.0.jar;c:\Users\Glymin Terra Selasi\.trae\extensions\pivotal.vscode-spring-boot-1.43.0-universal\language-server\BOOT-INF\lib\cucumber-expressions-16.0.0.jar;c:\Users\Glymin Terra Selasi\.trae\extensions\pivotal.vscode-spring-boot-1.43.0-universal\language-server\BOOT-INF\lib\cucumber-gherkin-7.9.0.jar;c:\Users\Glymin Terra Selasi\.trae\extensions\pivotal.vscode-spring-boot-1.43.0-universal\language-server\BOOT-INF\lib\cucumber-gherkin-messages-7.9.0.jar;c:\Users\Glymin Terra Selasi\.trae\extensions\pivotal.vscode-spring-boot-1.43.0-universal\language-server\BOOT-INF\lib\cucumber-java-7.9.0.jar;c:\Users\Glymin Terra Selasi\.trae\extensions\pivotal.vscode-spring-boot-1.43.0-universal\language-server\BOOT-INF\lib\cucumber-java8-7.9.0.jar;c:\Users\Glymin Terra Selasi\.trae\extensions\pivotal.vscode-spring-boot-1.43.0-universal\language-server\BOOT-INF\lib\cucumber-junit-platform-engine-7.9.0.jar;c:\Users\Glymin Terra Selasi\.trae\extensions\pivotal.vscode-spring-boot-1.43.0-universal\language-server\BOOT-INF\lib\cucumber-plugin-7.9.0.jar;c:\Users\Glymin Terra Selasi\.trae\extensions\pivotal.vscode-spring-boot-1.43.0-universal\language-server\BOOT-INF\lib\datatable-7.9.0.jar;c:\Users\Glymin Terra Selasi\.trae\extensions\pivotal.vscode-spring-boot-1.43.0-universal\language-server\BOOT-INF\lib\docstring-7.9.0.jar;c:\Users\Glymin Terra Selasi\.trae\extensions\pivotal.vscode-spring-boot-1.43.0-universal\language-server\BOOT-INF\lib\error_prone_annotations-2.11.0.jar;c:\Users\Glymin Terra Selasi\.trae\extensions\pivotal.vscode-spring-boot-1.43.0-universal\language-server\BOOT-INF\lib\failureaccess-1.0.1.jar;c:\Users\Glymin Terra Selasi\.trae\extensions\pivotal.vscode-spring-boot-1.43.0-universal\language-server\BOOT-INF\lib\fastfilter-1.0.2.jar;c:\Users\Glymin Terra Selasi\.trae\extensions\pivotal.vscode-spring-boot-1.43.0-universal\language-server\BOOT-INF\lib\gherkin-24.1.0.jar;c:\Users\Glymin Terra Selasi\.trae\extensions\pivotal.vscode-spring-boot-1.43.0-universal\language-server\BOOT-INF\lib\gizmo-1.0.11.Final.jar;c:\Users\Glymin Terra Selasi\.trae\extensions\pivotal.vscode-spring-boot-1.43.0-universal\language-server\BOOT-INF\lib\gson-2.9.1.jar;c:\Users\Glymin Terra Selasi\.trae\extensions\pivotal.vscode-spring-boot-1.43.0-universal\language-server\BOOT-INF\lib\guava-31.1-jre.jar;c:\Users\Glymin Terra Selasi\.trae\extensions\pivotal.vscode-spring-boot-1.43.0-universal\language-server\BOOT-INF\lib\hamcrest-2.2.jar;c:\Users\Glymin Terra Selasi\.trae\extensions\pivotal.vscode-spring-boot-1.43.0-universal\language-server\BOOT-INF\lib\HdrHistogram-2.1.12.jar;c:\Users\Glymin Terra Selasi\.trae\extensions\pivotal.vscode-spring-boot-1.43.0-universal\language-server\BOOT-INF\lib\html-formatter-20.1.0.jar;c:\Users\Glymin Terra Selasi\.trae\extensions\pivotal.vscode-spring-boot-1.43.0-universal\language-server\BOOT-INF\lib\icu4j-69.1.jar;c:\Users\Glymin Terra Selasi\.trae\extensions\pivotal.vscode-spring-boot-1.43.0-universal\language-server\BOOT-INF\lib\j2objc-annotations-1.3.jar;c:\Users\Glymin Terra Selasi\.trae\extensions\pivotal.vscode-spring-boot-1.43.0-universal\language-server\BOOT-INF\lib\jackson-annotations-2.14.1.jar;c:\Users\Glymin Terra Selasi\.trae\extensions\pivotal.vscode-spring-boot-1.43.0-universal\language-server\BOOT-INF\lib\jackson-core-2.14.1.jar;c:\Users\Glymin Terra Selasi\.trae\extensions\pivotal.vscode-spring-boot-1.43.0-universal\language-server\BOOT-INF\lib\jackson-databind-2.14.1.jar;c:\Users\Glymin Terra Selasi\.trae\extensions\pivotal.vscode-spring-boot-1.43.0-universal\language-server\BOOT-INF\lib\jackson-dataformat-smile-2.14.1.jar;c:\Users\Glymin Terra Selasi\.trae\extensions\pivotal.vscode-spring-boot-1.43.0-universal\language-server\BOOT-INF\lib\jackson-dataformat-xml-2.14.1.jar;c:\Users\Glymin Terra Selasi\.trae\extensions\pivotal.vscode-spring-boot-1.43.0-universal\language-server\BOOT-INF\lib\jackson-datatype-jdk8-2.14.1.jar;c:\Users\Glymin Terra Selasi\.trae\extensions\pivotal.vscode-spring-boot-1.43.0-universal\language-server\BOOT-INF\lib\jackson-module-jaxb-annotations-2.14.1.jar;c:\Users\Glymin Terra Selasi\.trae\extensions\pivotal.vscode-spring-boot-1.43.0-universal\language-server\BOOT-INF\lib\jackson-module-parameter-names-2.14.1.jar;c:\Users\Glymin Terra Selasi\.trae\extensions\pivotal.vscode-spring-boot-1.43.0-universal\language-server\BOOT-INF\lib\jakarta.activation-api-2.1.0.jar;c:\Users\Glymin Terra Selasi\.trae\extensions\pivotal.vscode-spring-boot-1.43.0-universal\language-server\BOOT-INF\lib\jakarta.annotation-api-2.1.1.jar;c:\Users\Glymin Terra Selasi\.trae\extensions\pivotal.vscode-spring-boot-1.43.0-universal\language-server\BOOT-INF\lib\jakarta.xml.bind-api-4.0.0.jar;c:\Users\Glymin Terra Selasi\.trae\extensions\pivotal.vscode-spring-boot-1.43.0-universal\language-server\BOOT-INF\lib\jandex-2.0.5.Final.jar;c:\Users\Glymin Terra Selasi\.trae\extensions\pivotal.vscode-spring-boot-1.43.0-universal\language-server\BOOT-INF\lib\java-object-diff-0.95.jar;c:\Users\Glymin Terra Selasi\.trae\extensions\pivotal.vscode-spring-boot-1.43.0-universal\language-server\BOOT-INF\lib\java-properties-1.43.0-SNAPSHOT.jar;c:\Users\Glymin Terra Selasi\.trae\extensions\pivotal.vscode-spring-boot-1.43.0-universal\language-server\BOOT-INF\lib\javax.activation-api-1.2.0.jar;c:\Users\Glymin Terra Selasi\.trae\extensions\pivotal.vscode-spring-boot-1.43.0-universal\language-server\BOOT-INF\lib\javax.inject-1.jar;c:\Users\Glymin Terra Selasi\.trae\extensions\pivotal.vscode-spring-boot-1.43.0-universal\language-server\BOOT-INF\lib\javax.json-1.0.4.jar;c:\Users\Glymin Terra Selasi\.trae\extensions\pivotal.vscode-spring-boot-1.43.0-universal\language-server\BOOT-INF\lib\javolution-core-java-6.0.0.jar;c:\Users\Glymin Terra Selasi\.trae\extensions\pivotal.vscode-spring-boot-1.43.0-universal\language-server\BOOT-INF\lib\jaxb-api-2.3.1.jar;c:\Users\Glymin Terra Selasi\.trae\extensions\pivotal.vscode-spring-boot-1.43.0-universal\language-server\BOOT-INF\lib\jna-5.12.1.jar;c:\Users\Glymin Terra Selasi\.trae\extensions\pivotal.vscode-spring-boot-1.43.0-universal\language-server\BOOT-INF\lib\jna-platform-5.12.1.jar;c:\Users\Glymin Terra Selasi\.trae\extensions\pivotal.vscode-spring-boot-1.43.0-universal\language-server\BOOT-INF\lib\json-20160810.jar;c:\Users\Glymin Terra Selasi\.trae\extensions\pivotal.vscode-spring-boot-1.43.0-universal\language-server\BOOT-INF\lib\jsoup-1.9.2.jar;c:\Users\Glymin Terra Selasi\.trae\extensions\pivotal.vscode-spring-boot-1.43.0-universal\language-server\BOOT-INF\lib\jsr305-3.0.2.jar;c:\Users\Glymin Terra Selasi\.trae\extensions\pivotal.vscode-spring-boot-1.43.0-universal\language-server\BOOT-INF\lib\jul-to-slf4j-2.0.4.jar;c:\Users\Glymin Terra Selasi\.trae\extensions\pivotal.vscode-spring-boot-1.43.0-universal\language-server\BOOT-INF\lib\junit-jupiter-params-5.9.1.jar;c:\Users\Glymin Terra Selasi\.trae\extensions\pivotal.vscode-spring-boot-1.43.0-universal\language-server\BOOT-INF\lib\junit-platform-commons-1.9.1.jar;c:\Users\Glymin Terra Selasi\.trae\extensions\pivotal.vscode-spring-boot-1.43.0-universal\language-server\BOOT-INF\lib\junit-platform-engine-1.9.1.jar;c:\Users\Glymin Terra Selasi\.trae\extensions\pivotal.vscode-spring-boot-1.43.0-universal\language-server\BOOT-INF\lib\junit-platform-suite-api-1.9.1.jar;c:\Users\Glymin Terra Selasi\.trae\extensions\pivotal.vscode-spring-boot-1.43.0-universal\language-server\BOOT-INF\lib\language-server-starter-1.43.0-SNAPSHOT.jar;c:\Users\Glymin Terra Selasi\.trae\extensions\pivotal.vscode-spring-boot-1.43.0-universal\language-server\BOOT-INF\lib\LatencyUtils-2.0.3.jar;c:\Users\Glymin Terra Selasi\.trae\extensions\pivotal.vscode-spring-boot-1.43.0-universal\language-server\BOOT-INF\lib\listenablefuture-9999.0-empty-to-avoid-conflict-with-guava.jar;c:\Users\Glymin Terra Selasi\.trae\extensions\pivotal.vscode-spring-boot-1.43.0-universal\language-server\BOOT-INF\lib\log4j-api-2.19.0.jar;c:\Users\Glymin Terra Selasi\.trae\extensions\pivotal.vscode-spring-boot-1.43.0-universal\language-server\BOOT-INF\lib\log4j-to-slf4j-2.19.0.jar;c:\Users\Glymin Terra Selasi\.trae\extensions\pivotal.vscode-spring-boot-1.43.0-universal\language-server\BOOT-INF\lib\logback-classic-1.4.5.jar;c:\Users\Glymin Terra Selasi\.trae\extensions\pivotal.vscode-spring-boot-1.43.0-universal\language-server\BOOT-INF\lib\logback-core-1.4.5.jar;c:\Users\Glymin Terra Selasi\.trae\extensions\pivotal.vscode-spring-boot-1.43.0-universal\language-server\BOOT-INF\lib\messages-19.1.4.jar;c:\Users\Glymin Terra Selasi\.trae\extensions\pivotal.vscode-spring-boot-1.43.0-universal\language-server\BOOT-INF\lib\micrometer-commons-1.10.2.jar;c:\Users\Glymin Terra Selasi\.trae\extensions\pivotal.vscode-spring-boot-1.43.0-universal\language-server\BOOT-INF\lib\micrometer-core-1.10.2.jar;c:\Users\Glymin Terra Selasi\.trae\extensions\pivotal.vscode-spring-boot-1.43.0-universal\language-server\BOOT-INF\lib\micrometer-observation-1.10.2.jar;c:\Users\Glymin Terra Selasi\.trae\extensions\pivotal.vscode-spring-boot-1.43.0-universal\language-server\BOOT-INF\lib\opentest4j-1.2.0.jar;c:\Users\Glymin Terra Selasi\.trae\extensions\pivotal.vscode-spring-boot-1.43.0-universal\language-server\BOOT-INF\lib\org.abego.treelayout.core-1.0.3.jar;c:\Users\Glymin Terra Selasi\.trae\extensions\pivotal.vscode-spring-boot-1.43.0-universal\language-server\BOOT-INF\lib\org.eclipse.core.commands-3.10.300.jar;c:\Users\Glymin Terra Selasi\.trae\extensions\pivotal.vscode-spring-boot-1.43.0-universal\language-server\BOOT-INF\lib\org.eclipse.core.contenttype-3.8.200.jar;c:\Users\Glymin Terra Selasi\.trae\extensions\pivotal.vscode-spring-boot-1.43.0-universal\language-server\BOOT-INF\lib\org.eclipse.core.expressions-3.8.200.jar;c:\Users\Glymin Terra Selasi\.trae\extensions\pivotal.vscode-spring-boot-1.43.0-universal\language-server\BOOT-INF\lib\org.eclipse.core.filesystem-1.9.500.jar;c:\Users\Glymin Terra Selasi\.trae\extensions\pivotal.vscode-spring-boot-1.43.0-universal\language-server\BOOT-INF\lib\org.eclipse.core.jobs-3.13.200.jar;c:\Users\Glymin Terra Selasi\.trae\extensions\pivotal.vscode-spring-boot-1.43.0-universal\language-server\BOOT-INF\lib\org.eclipse.core.resources-3.18.100.jar;c:\Users\Glymin Terra Selasi\.trae\extensions\pivotal.vscode-spring-boot-1.43.0-universal\language-server\BOOT-INF\lib\org.eclipse.core.runtime-3.26.100.jar;c:\Users\Glymin Terra Selasi\.trae\extensions\pivotal.vscode-spring-boot-1.43.0-universal\language-server\BOOT-INF\lib\org.eclipse.equinox.app-1.6.200.jar;c:\Users\Glymin Terra Selasi\.trae\extensions\pivotal.vscode-spring-boot-1.43.0-universal\language-server\BOOT-INF\lib\org.eclipse.equinox.common-3.17.0.jar;c:\Users\Glymin Terra Selasi\.trae\extensions\pivotal.vscode-spring-boot-1.43.0-universal\language-server\BOOT-INF\lib\org.eclipse.equinox.preferences-3.10.1.jar;c:\Users\Glymin Terra Selasi\.trae\extensions\pivotal.vscode-spring-boot-1.43.0-universal\language-server\BOOT-INF\lib\org.eclipse.equinox.registry-3.11.200.jar;c:\Users\Glymin Terra Selasi\.trae\extensions\pivotal.vscode-spring-boot-1.43.0-universal\language-server\BOOT-INF\lib\org.eclipse.jdt.core-3.32.0.jar;c:\Users\Glymin Terra Selasi\.trae\extensions\pivotal.vscode-spring-boot-1.43.0-universal\language-server\BOOT-INF\lib\org.eclipse.lemminx-0.13.1.jar;c:\Users\Glymin Terra Selasi\.trae\extensions\pivotal.vscode-spring-boot-1.43.0-universal\language-server\BOOT-INF\lib\org.eclipse.lsp4j-0.19.0.jar;c:\Users\Glymin Terra Selasi\.trae\extensions\pivotal.vscode-spring-boot-1.43.0-universal\language-server\BOOT-INF\lib\org.eclipse.lsp4j.generator-0.19.0.jar;c:\Users\Glymin Terra Selasi\.trae\extensions\pivotal.vscode-spring-boot-1.43.0-universal\language-server\BOOT-INF\lib\org.eclipse.lsp4j.jsonrpc-0.19.0.jar;c:\Users\Glymin Terra Selasi\.trae\extensions\pivotal.vscode-spring-boot-1.43.0-universal\language-server\BOOT-INF\lib\org.eclipse.osgi-3.18.200.jar;c:\Users\Glymin Terra Selasi\.trae\extensions\pivotal.vscode-spring-boot-1.43.0-universal\language-server\BOOT-INF\lib\org.eclipse.text-3.12.300.jar;c:\Users\Glymin Terra Selasi\.trae\extensions\pivotal.vscode-spring-boot-1.43.0-universal\language-server\BOOT-INF\lib\org.eclipse.xtend.lib-2.28.0.jar;c:\Users\Glymin Terra Selasi\.trae\extensions\pivotal.vscode-spring-boot-1.43.0-universal\language-server\BOOT-INF\lib\org.eclipse.xtend.lib.macro-2.28.0.jar;c:\Users\Glymin Terra Selasi\.trae\extensions\pivotal.vscode-spring-boot-1.43.0-universal\language-server\BOOT-INF\lib\org.eclipse.xtext.xbase.lib-2.28.0.jar;c:\Users\Glymin Terra Selasi\.trae\extensions\pivotal.vscode-spring-boot-1.43.0-universal\language-server\BOOT-INF\lib\org.json-1.0.0-SNAPSHOT.jar;c:\Users\Glymin Terra Selasi\.trae\extensions\pivotal.vscode-spring-boot-1.43.0-universal\language-server\BOOT-INF\lib\org.osgi.service.prefs-1.1.2.jar;c:\Users\Glymin Terra Selasi\.trae\extensions\pivotal.vscode-spring-boot-1.43.0-universal\language-server\BOOT-INF\lib\osgi.annotation-8.0.1.jar;c:\Users\Glymin Terra Selasi\.trae\extensions\pivotal.vscode-spring-boot-1.43.0-universal\language-server\BOOT-INF\lib\reactive-streams-1.0.4.jar;c:\Users\Glymin Terra Selasi\.trae\extensions\pivotal.vscode-spring-boot-1.43.0-universal\language-server\BOOT-INF\lib\reactor-core-3.5.0.jar;c:\Users\Glymin Terra Selasi\.trae\extensions\pivotal.vscode-spring-boot-1.43.0-universal\language-server\BOOT-INF\lib\remark-1.0.0.jar;c:\Users\Glymin Terra Selasi\.trae\extensions\pivotal.vscode-spring-boot-1.43.0-universal\language-server\BOOT-INF\lib\resilience4j-core-1.7.0.jar;c:\Users\Glymin Terra Selasi\.trae\extensions\pivotal.vscode-spring-boot-1.43.0-universal\language-server\BOOT-INF\lib\resilience4j-retry-1.7.0.jar;c:\Users\Glymin Terra Selasi\.trae\extensions\pivotal.vscode-spring-boot-1.43.0-universal\language-server\BOOT-INF\lib\rewrite-core-7.34.0.jar;c:\Users\Glymin Terra Selasi\.trae\extensions\pivotal.vscode-spring-boot-1.43.0-universal\language-server\BOOT-INF\lib\rewrite-java-11-7.34.0.jar;c:\Users\Glymin Terra Selasi\.trae\extensions\pivotal.vscode-spring-boot-1.43.0-universal\language-server\BOOT-INF\lib\rewrite-java-17-7.34.0.jar;c:\Users\Glymin Terra Selasi\.trae\extensions\pivotal.vscode-spring-boot-1.43.0-universal\language-server\BOOT-INF\lib\rewrite-java-7.34.0.jar;c:\Users\Glymin Terra Selasi\.trae\extensions\pivotal.vscode-spring-boot-1.43.0-universal\language-server\BOOT-INF\lib\rewrite-java-8-7.34.0.jar;c:\Users\Glymin Terra Selasi\.trae\extensions\pivotal.vscode-spring-boot-1.43.0-universal\language-server\BOOT-INF\lib\rewrite-maven-7.34.0.jar;c:\Users\Glymin Terra Selasi\.trae\extensions\pivotal.vscode-spring-boot-1.43.0-universal\language-server\BOOT-INF\lib\rewrite-migrate-java-1.15.0.jar;c:\Users\Glymin Terra Selasi\.trae\extensions\pivotal.vscode-spring-boot-1.43.0-universal\language-server\BOOT-INF\lib\rewrite-properties-7.34.0.jar;c:\Users\Glymin Terra Selasi\.trae\extensions\pivotal.vscode-spring-boot-1.43.0-universal\language-server\BOOT-INF\lib\rewrite-spring-4.31.0.jar;c:\Users\Glymin Terra Selasi\.trae\extensions\pivotal.vscode-spring-boot-1.43.0-universal\language-server\BOOT-INF\lib\rewrite-testing-frameworks-1.32.0.jar;c:\Users\Glymin Terra Selasi\.trae\extensions\pivotal.vscode-spring-boot-1.43.0-universal\language-server\BOOT-INF\lib\rewrite-xml-7.34.0.jar;c:\Users\Glymin Terra Selasi\.trae\extensions\pivotal.vscode-spring-boot-1.43.0-universal\language-server\BOOT-INF\lib\rewrite-yaml-7.34.0.jar;c:\Users\Glymin Terra Selasi\.trae\extensions\pivotal.vscode-spring-boot-1.43.0-universal\language-server\BOOT-INF\lib\slf4j-api-2.0.4.jar;c:\Users\Glymin Terra Selasi\.trae\extensions\pivotal.vscode-spring-boot-1.43.0-universal\language-server\BOOT-INF\lib\snakeyaml-1.33.jar;c:\Users\Glymin Terra Selasi\.trae\extensions\pivotal.vscode-spring-boot-1.43.0-universal\language-server\BOOT-INF\lib\snappy-java-1.1.8.4.jar;c:\Users\Glymin Terra Selasi\.trae\extensions\pivotal.vscode-spring-boot-1.43.0-universal\language-server\BOOT-INF\lib\spring-aop-6.0.2.jar;c:\Users\Glymin Terra Selasi\.trae\extensions\pivotal.vscode-spring-boot-1.43.0-universal\language-server\BOOT-INF\lib\spring-beans-6.0.2.jar;c:\Users\Glymin Terra Selasi\.trae\extensions\pivotal.vscode-spring-boot-1.43.0-universal\language-server\BOOT-INF\lib\spring-boot-3.0.0.jar;c:\Users\Glymin Terra Selasi\.trae\extensions\pivotal.vscode-spring-boot-1.43.0-universal\language-server\BOOT-INF\lib\spring-boot-autoconfigure-3.0.0.jar;c:\Users\Glymin Terra Selasi\.trae\extensions\pivotal.vscode-spring-boot-1.43.0-universal\language-server\BOOT-INF\lib\spring-boot-jarmode-layertools-3.0.0.jar;c:\Users\Glymin Terra Selasi\.trae\extensions\pivotal.vscode-spring-boot-1.43.0-universal\language-server\BOOT-INF\lib\spring-context-6.0.2.jar;c:\Users\Glymin Terra Selasi\.trae\extensions\pivotal.vscode-spring-boot-1.43.0-universal\language-server\BOOT-INF\lib\spring-context-indexer-6.0.2.jar;c:\Users\Glymin Terra Selasi\.trae\extensions\pivotal.vscode-spring-boot-1.43.0-universal\language-server\BOOT-INF\lib\spring-core-6.0.2.jar;c:\Users\Glymin Terra Selasi\.trae\extensions\pivotal.vscode-spring-boot-1.43.0-universal\language-server\BOOT-INF\lib\spring-expression-6.0.2.jar;c:\Users\Glymin Terra Selasi\.trae\extensions\pivotal.vscode-spring-boot-1.43.0-universal\language-server\BOOT-INF\lib\spring-jcl-6.0.2.jar;c:\Users\Glymin Terra Selasi\.trae\extensions\pivotal.vscode-spring-boot-1.43.0-universal\language-server\BOOT-INF\lib\spring-web-6.0.2.jar;c:\Users\Glymin Terra Selasi\.trae\extensions\pivotal.vscode-spring-boot-1.43.0-universal\language-server\BOOT-INF\lib\ST4-4.3.1.jar;c:\Users\Glymin Terra Selasi\.trae\extensions\pivotal.vscode-spring-boot-1.43.0-universal\language-server\BOOT-INF\lib\stax2-api-4.2.1.jar;c:\Users\Glymin Terra Selasi\.trae\extensions\pivotal.vscode-spring-boot-1.43.0-universal\language-server\BOOT-INF\lib\tag-expressions-4.1.0.jar;c:\Users\Glymin Terra Selasi\.trae\extensions\pivotal.vscode-spring-boot-1.43.0-universal\language-server\BOOT-INF\lib\typetools-0.6.3.jar;c:\Users\Glymin Terra Selasi\.trae\extensions\pivotal.vscode-spring-boot-1.43.0-universal\language-server\BOOT-INF\lib\vavr-0.10.2.jar;c:\Users\Glymin Terra Selasi\.trae\extensions\pivotal.vscode-spring-boot-1.43.0-universal\language-server\BOOT-INF\lib\vavr-match-0.10.2.jar;c:\Users\Glymin Terra Selasi\.trae\extensions\pivotal.vscode-spring-boot-1.43.0-universal\language-server\BOOT-INF\lib\woodstox-core-6.4.0.jar;c:\Users\Glymin Terra Selasi\.trae\extensions\pivotal.vscode-spring-boot-1.43.0-universal\language-server\BOOT-INF\lib\xercesImpl-2.12.0.jar;c:\Users\Glymin Terra Selasi\.trae\extensions\pivotal.vscode-spring-boot-1.43.0-universal\language-server\BOOT-INF\lib\xml-apis-1.4.01.jar;c:\Users\Glymin Terra Selasi\.trae\extensions\pivotal.vscode-spring-boot-1.43.0-universal\language-server\BOOT-INF\lib\xml-resolver-1.2.jar
Launcher Type: SUN_STANDARD

[Global flags]
     intx CICompilerCount                          = 4                                         {product} {ergonomic}
     uint ConcGCThreads                            = 2                                         {product} {ergonomic}
     uint G1ConcRefinementThreads                  = 8                                         {product} {ergonomic}
   size_t G1HeapRegionSize                         = 1048576                                   {product} {ergonomic}
    uintx GCDrainStackTargetSize                   = 64                                        {product} {ergonomic}
   size_t InitialHeapSize                          = 130023424                                 {product} {ergonomic}
   size_t MarkStackSize                            = 4194304                                   {product} {ergonomic}
   size_t MaxHeapSize                              = 2080374784                                {product} {ergonomic}
   size_t MaxNewSize                               = 1247805440                                {product} {ergonomic}
   size_t MinHeapDeltaBytes                        = 1048576                                   {product} {ergonomic}
   size_t MinHeapSize                              = 8388608                                   {product} {ergonomic}
    uintx NonNMethodCodeHeapSize                   = 4096                                   {pd product} {ergonomic}
    uintx NonProfiledCodeHeapSize                  = 0                                      {pd product} {ergonomic}
     bool ProfileInterpreter                       = false                                  {pd product} {command line}
    uintx ProfiledCodeHeapSize                     = 0                                      {pd product} {ergonomic}
   size_t SoftMaxHeapSize                          = 2080374784                             {manageable} {ergonomic}
     intx TieredStopAtLevel                        = 1                                         {product} {command line}
     bool UseCompressedOops                        = true                           {product lp64_product} {ergonomic}
     bool UseG1GC                                  = true                                      {product} {ergonomic}
     bool UseLargePagesIndividualAllocation        = false                                  {pd product} {ergonomic}

Logging:
Log output configuration:
 #0: stdout all=warning,jni+resolve=off uptime,level,tags foldmultilines=false
 #1: stderr all=off uptime,level,tags foldmultilines=false

Release file:
JAVA_VERSION="21.0.9" 
MODULES="java.base java.compiler java.datatransfer java.xml java.prefs java.desktop java.instrument java.logging java.management java.security.sasl java.naming java.rmi java.management.rmi java.net.http java.scripting java.security.jgss java.transaction.xa java.sql java.sql.rowset java.xml.crypto java.se java.smartcardio jdk.accessibility jdk.internal.jvmstat jdk.attach jdk.charsets jdk.internal.opt jdk.zipfs jdk.compiler jdk.crypto.ec jdk.crypto.cryptoki jdk.crypto.mscapi jdk.dynalink jdk.internal.ed jdk.editpad jdk.hotspot.agent jdk.httpserver jdk.internal.le jdk.internal.vm.ci jdk.internal.vm.compiler jdk.internal.vm.compiler.management jdk.jartool jdk.javadoc jdk.jcmd jdk.management jdk.management.agent jdk.jconsole jdk.jdeps jdk.jdwp.agent jdk.jdi jdk.jfr jdk.jshell jdk.jsobject jdk.jstatd jdk.localedata jdk.management.jfr jdk.naming.dns jdk.naming.rmi jdk.net jdk.nio.mapmode jdk.random jdk.sctp jdk.security.auth jdk.security.jgss jdk.unsupported jdk.unsupported.desktop jdk.xml.dom" 

Environment Variables:
JAVA_HOME=C:\Program Files\jdk-23.0.1
PATH=c:\Users\Glymin Terra Selasi\.trae\tools\trae-gopls\current;c:\Users\Glymin Terra Selasi\.trae\sdks\workspaces\9c0f5ab8\versions\node\current;c:\Users\Glymin Terra Selasi\.trae\sdks\versions\node\current;C:\Python312\Scripts\;C:\Python312\;C:\WINDOWS\system32;C:\WINDOWS;C:\WINDOWS\System32\Wbem;C:\WINDOWS\System32\WindowsPowerShell\v1.0\;C:\WINDOWS\System32\OpenSSH\;C:\Program Files\dotnet\;C:\ProgramData\chocolatey\bin;C:\Program Files (x86)\Microsoft SQL Server\160\Tools\Binn\;C:\Program Files\Microsoft SQL Server\160\Tools\Binn\;C:\Program Files\Microsoft SQL Server\Client SDK\ODBC\170\Tools\Binn\;C:\Program Files\Microsoft SQL Server\160\DTS\Binn\;C:\Program Files\php-8.3.12;C:\Program Files\php-8.3.12\php;C:\xampp\php;C:\Users\Glymin Terra Selasi\AppData\Local\Yarn\bin;C:\Program Files\PostgreSQL\15\bin;C:\Program Files\Git\cmd;C:\Program Files\jdk-23.0.1\bin;C:\Program Files\PostgreSQL\12\bin;C:\Program Files (x86)\cloudflared\;C:\Windows\System32;C:\composer;C:\Users\Glymin Terra Selasi\AppData\Roaming\npm;C:\Users\Glymin Terra Selasi\AppData\Roaming\nvm;C:\Program Files\nodejs;C:\xampp\mysql\bin;C:\Program Files\apache-maven-3.9.11\bin;C:\Python312\Scripts\;C:\Python312\;C:\WINDOWS\system32;C:\WINDOWS;C:\WINDOWS\System32\Wbem;C:\WINDOWS\System32\WindowsPowerShell\v1.0\;C:\WINDOWS\System32\OpenSSH\;C:\Program Files\dotnet\;C:\ProgramData\chocolatey\bin;C:\Program Files (x86)\Microsoft SQL Server\160\Tools\Binn\;C:\Program Files\Microsoft SQL Server\160\Tools\Binn\;C:\Program Files\Microsoft SQL Server\Client SDK\ODBC\170\Tools\Binn\;C:\Program Files\Microsoft SQL Server\160\DTS\Binn\;C:\Program Files (x86)\Microsoft SQL Server\160\DTS\Binn\;C:\Program Files\php-8.3.12;C:\Program Files\php-8.3.12\php;C:\xampp\php;C:\Users\Glymin Terra Selasi\AppData\Local\Yarn\bin;C:\Program Files\PostgreSQL\15\bin;C:\Program Files\Git\cmd;C:\Program Files\jdk-23.0.1\bin;C:\Program Files\PostgreSQL\12\bin;C:\Program Files (x86)\cloudflared\;C:\Windows\System32;C:\composer;C:\Users\Glymin Terra Selasi\AppData\Local\Microsoft\WindowsApps;C:\Users\Glymin Terra Selasi\AppData\Local\Programs\Microsoft VS Code\bin;C:\Users\Glymin Terra Sela;C:\Users\Glymin Terra Selasi\AppData\Roaming\npm;C:\Users\Glymin Terra Selasi\AppData\Roaming\nvm;C:\Program Files\nodejs;C:\Users\Glymin Terra Selasi\AppData\Local\Microsoft\WindowsApps;C:\Users\Glymin Terra Selasi\AppData\Local\Programs\Antigravity\bin;c:\Users\Glymin Terra Selasi\AppData\Local\Programs\Trae1\resources\app\bin\lib
USERNAME=Glymin Terra Selasi
OS=Windows_NT
PROCESSOR_IDENTIFIER=Intel64 Family 6 Model 140 Stepping 1, GenuineIntel
TMP=C:\Users\GLYMIN~1\AppData\Local\Temp
TEMP=C:\Users\GLYMIN~1\AppData\Local\Temp




Periodic native trim disabled

---------------  S Y S T E M  ---------------

OS:
 Windows 11 , 64 bit Build 26100 (10.0.26100.6725)
OS uptime: 0 days 23:50 hours
Hyper-V role detected

CPU: total 8 (initial active 8) (4 cores per cpu, 2 threads per core) family 6 model 140 stepping 1 microcode 0xbe, cx8, cmov, fxsr, ht, mmx, 3dnowpref, sse, sse2, sse3, ssse3, sse4.1, sse4.2, popcnt, lzcnt, tsc, tscinvbit, avx, avx2, aes, erms, clmul, bmi1, bmi2, adx, avx512f, avx512dq, avx512cd, avx512bw, avx512vl, sha, fma, vzeroupper, avx512_vpopcntdq, avx512_vpclmulqdq, avx512_vaes, avx512_vnni, clflush, clflushopt, clwb, avx512_vbmi2, avx512_vbmi, hv, rdtscp, rdpid, fsrm, gfni, avx512_bitalg, f16c, cet_ibt, cet_ss, avx512_ifma
Processor Information for the first 8 processors :
  Max Mhz: 2419, Current Mhz: 2419, Mhz Limit: 2419

Memory: 4k page, system-wide physical 7934M (350M free)
TotalPageFile size 32263M (AvailPageFile size 136M)
current process WorkingSet (physical memory assigned to process): 299M, peak: 302M
current process commit charge ("private bytes"): 344M, peak: 539M

vm_info: OpenJDK 64-Bit Server VM (21.0.9+10-LTS) for windows-amd64 JRE (21.0.9+10-LTS), built on 2025-10-21T00:00:00Z by "admin" with unknown MS VC++:1942

END.
