#
# There is insufficient memory for the Java Runtime Environment to continue.
# Native memory allocation (mmap) failed to map 213909504 bytes. Error detail: G1 virtual space
# Possible reasons:
#   The system is out of physical RAM or swap space
#   This process is running with CompressedOops enabled, and the Java Heap may be blocking the growth of the native heap
# Possible solutions:
#   Reduce memory load on the system
#   Increase physical memory or swap space
#   Check if swap backing store is full
#   Decrease Java heap size (-Xmx/-Xms)
#   Decrease number of Java threads
#   Decrease Java thread stack sizes (-Xss)
#   Set larger code cache with -XX:ReservedCodeCacheSize=
#   JVM is running with Unscaled Compressed Oops mode in which the Java heap is
#     placed in the first 4GB address space. The Java Heap base address is the
#     maximum limit for the native heap growth. Please use -XX:HeapBaseMinAddress
#     to set the Java Heap base and to place the Java Heap above 4GB virtual address.
# This output file may be truncated or incomplete.
#
#  Out of Memory Error (os_windows.cpp:3713), pid=29876, tid=10820
#
# JRE version: OpenJDK Runtime Environment Temurin-21.0.9+10 (21.0.9+10) (build 21.0.9+10-LTS)
# Java VM: OpenJDK 64-Bit Server VM Temurin-21.0.9+10 (21.0.9+10-LTS, mixed mode, emulated-client, sharing, tiered, compressed oops, compressed class ptrs, g1 gc, windows-amd64)
# No core dump will be written. Minidumps are not enabled by default on client versions of Windows
#

---------------  S U M M A R Y ------------

Command Line: -Dsts.lsp.client=vscode -Dsts.log.file=/dev/null -XX:TieredStopAtLevel=1 -Xlog:jni+resolve=off -Dspring.config.location=file:c:\Users\Glymin Terra Selasi\.trae\extensions\pivotal.vscode-spring-boot-1.43.0-universal\language-server\BOOT-INF\classes\application.properties org.springframework.ide.vscode.boot.app.BootLanguageServerBootApp

Host: 11th Gen Intel(R) Core(TM) i5-1135G7 @ 2.40GHz, 8 cores, 7G,  Windows 11 , 64 bit Build 26100 (10.0.26100.6725)
Time: Mon Feb 23 13:10:27 2026 Greenwich Standard Time elapsed time: 83.334753 seconds (0d 0h 1m 23s)

---------------  T H R E A D  ---------------

Current thread (0x0000011cb8c47100):  VMThread "VM Thread"          [id=10820, stack(0x0000001bd3a00000,0x0000001bd3b00000) (1024K)]

Stack: [0x0000001bd3a00000,0x0000001bd3b00000]
Native frames: (J=compiled Java code, j=interpreted, Vv=VM code, C=native code)
V  [jvm.dll+0x6d6e29]
V  [jvm.dll+0x8b4b76]
V  [jvm.dll+0x8b712e]
V  [jvm.dll+0x8b7813]
V  [jvm.dll+0x283d86]
V  [jvm.dll+0x6d3745]
V  [jvm.dll+0x6c747a]
V  [jvm.dll+0x35e7e8]
V  [jvm.dll+0x366426]
V  [jvm.dll+0x3b73fe]
V  [jvm.dll+0x3b76a8]
V  [jvm.dll+0x3329ec]
V  [jvm.dll+0x332a77]
V  [jvm.dll+0x37684c]
V  [jvm.dll+0x374fee]
V  [jvm.dll+0x332131]
V  [jvm.dll+0x37465a]
V  [jvm.dll+0x8bd500]
V  [jvm.dll+0x8be8a4]
V  [jvm.dll+0x8bede0]
V  [jvm.dll+0x8bf083]
V  [jvm.dll+0x85e9ad]
V  [jvm.dll+0x6d565d]
C  [ucrtbase.dll+0x37b0]
C  [KERNEL32.DLL+0x2e8d7]
C  [ntdll.dll+0x8c53c]

VM_Operation (0x0000001bd62fe4a0): G1CollectForAllocation, mode: safepoint, requested by thread 0x0000011cff824800


---------------  P R O C E S S  ---------------

Threads class SMR info:
_java_thread_list=0x0000011c805fdc20, length=47, elements={
0x0000011cb8c65570, 0x0000011cb8c65fc0, 0x0000011cb8c68040, 0x0000011cb8c6ad00,
0x0000011cb8c6b880, 0x0000011cb8c6e5a0, 0x0000011cb8c6f1a0, 0x0000011cfe176810,
0x0000011cfe17ce90, 0x0000011cff2cbcb0, 0x0000011cff3ec680, 0x0000011cff54d3a0,
0x0000011cad7bbe30, 0x0000011cfea8d480, 0x0000011cfe936ae0, 0x0000011cff2cd540,
0x0000011cb8c35eb0, 0x0000011cff606b10, 0x0000011cfec9c050, 0x0000011cfec9c6e0,
0x0000011cfec9d400, 0x0000011cfec9e7b0, 0x0000011cfec9b330, 0x0000011cfec9b9c0,
0x0000011cfec9cd70, 0x0000011cfec9da90, 0x0000011cfe3208a0, 0x0000011cfec9e120,
0x0000011cff824e90, 0x0000011cff825520, 0x0000011cff826240, 0x0000011cff824170,
0x0000011cff822dc0, 0x0000011cff824800, 0x0000011cff8268d0, 0x0000011cff825bb0,
0x0000011cff823450, 0x0000011cff826f60, 0x0000011cff823ae0, 0x0000011cff8275f0,
0x0000011cff827c80, 0x0000011cff828310, 0x0000011cff8289a0, 0x0000011cff8296c0,
0x0000011c80215080, 0x0000011c80217150, 0x0000011cff7e37d0
}

Java Threads: ( => current thread )
  0x0000011cb8c65570 JavaThread "Reference Handler"          daemon [_thread_blocked, id=30628, stack(0x0000001bd3b00000,0x0000001bd3c00000) (1024K)]
  0x0000011cb8c65fc0 JavaThread "Finalizer"                  daemon [_thread_blocked, id=6912, stack(0x0000001bd3c00000,0x0000001bd3d00000) (1024K)]
  0x0000011cb8c68040 JavaThread "Signal Dispatcher"          daemon [_thread_blocked, id=1080, stack(0x0000001bd3d00000,0x0000001bd3e00000) (1024K)]
  0x0000011cb8c6ad00 JavaThread "Attach Listener"            daemon [_thread_blocked, id=1660, stack(0x0000001bd3e00000,0x0000001bd3f00000) (1024K)]
  0x0000011cb8c6b880 JavaThread "Service Thread"             daemon [_thread_blocked, id=28628, stack(0x0000001bd3f00000,0x0000001bd4000000) (1024K)]
  0x0000011cb8c6e5a0 JavaThread "Monitor Deflation Thread"   daemon [_thread_blocked, id=17744, stack(0x0000001bd4000000,0x0000001bd4100000) (1024K)]
  0x0000011cb8c6f1a0 JavaThread "C1 CompilerThread0"         daemon [_thread_blocked, id=24748, stack(0x0000001bd4100000,0x0000001bd4200000) (1024K)]
  0x0000011cfe176810 JavaThread "Notification Thread"        daemon [_thread_blocked, id=29008, stack(0x0000001bd4300000,0x0000001bd4400000) (1024K)]
  0x0000011cfe17ce90 JavaThread "Common-Cleaner"             daemon [_thread_blocked, id=26820, stack(0x0000001bd4400000,0x0000001bd4500000) (1024K)]
  0x0000011cff2cbcb0 JavaThread "boundedElastic-evictor-1"   daemon [_thread_blocked, id=23936, stack(0x0000001bd4e00000,0x0000001bd4f00000) (1024K)]
  0x0000011cff3ec680 JavaThread "pool-11-thread-1"                  [_thread_blocked, id=23056, stack(0x0000001bd5000000,0x0000001bd5100000) (1024K)]
  0x0000011cff54d3a0 JavaThread "LanguageServerApp-lifecycle"        [_thread_blocked, id=31248, stack(0x0000001bd5100000,0x0000001bd5200000) (1024K)]
  0x0000011cad7bbe30 JavaThread "DestroyJavaVM"                     [_thread_blocked, id=22588, stack(0x0000001bd3300000,0x0000001bd3400000) (1024K)]
  0x0000011cfea8d480 JavaThread "pool-12-thread-1"                  [_thread_in_native, id=13024, stack(0x0000001bd5200000,0x0000001bd5300000) (1024K)]
  0x0000011cfe936ae0 JavaThread "Simple-Language-Server main thread" daemon [_thread_blocked, id=22236, stack(0x0000001bd4200000,0x0000001bd4300000) (1024K)]
  0x0000011cff2cd540 JavaThread "parallel-1"                 daemon [_thread_blocked, id=12572, stack(0x0000001bd4500000,0x0000001bd4600000) (1024K)]
  0x0000011cb8c35eb0 JavaThread "pool-8-thread-1"                   [_thread_blocked, id=24660, stack(0x0000001bd4d00000,0x0000001bd4e00000) (1024K)]
  0x0000011cff606b10 JavaThread "parallel-2"                 daemon [_thread_blocked, id=6528, stack(0x0000001bd5300000,0x0000001bd5400000) (1024K)]
  0x0000011cfec9c050 JavaThread "parallel-3"                 daemon [_thread_blocked, id=11472, stack(0x0000001bd5400000,0x0000001bd5500000) (1024K)]
  0x0000011cfec9c6e0 JavaThread "parallel-4"                 daemon [_thread_blocked, id=10524, stack(0x0000001bd5500000,0x0000001bd5600000) (1024K)]
  0x0000011cfec9d400 JavaThread "Reconciler-1"               daemon [_thread_blocked, id=31284, stack(0x0000001bd3000000,0x0000001bd3100000) (1024K)]
  0x0000011cfec9e7b0 JavaThread "ForkJoinPool.commonPool-worker-1" daemon [_thread_blocked, id=29140, stack(0x0000001bd3100000,0x0000001bd3200000) (1024K)]
  0x0000011cfec9b330 JavaThread "parallel-5"                 daemon [_thread_blocked, id=27276, stack(0x0000001bd3200000,0x0000001bd3300000) (1024K)]
  0x0000011cfec9b9c0 JavaThread "parallel-6"                 daemon [_thread_blocked, id=20476, stack(0x0000001bd5600000,0x0000001bd5700000) (1024K)]
  0x0000011cfec9cd70 JavaThread "parallel-7"                 daemon [_thread_blocked, id=25096, stack(0x0000001bd5700000,0x0000001bd5800000) (1024K)]
  0x0000011cfec9da90 JavaThread "parallel-8"                 daemon [_thread_blocked, id=26848, stack(0x0000001bd5800000,0x0000001bd5900000) (1024K)]
  0x0000011cfe3208a0 JavaThread "C1 CompilerThread1"         daemon [_thread_blocked, id=2100, stack(0x0000001bd5900000,0x0000001bd5a00000) (1024K)]
  0x0000011cfec9e120 JavaThread "ClassGraph-worker-0"        daemon [_thread_blocked, id=7880, stack(0x0000001bd5c00000,0x0000001bd5d00000) (1024K)]
  0x0000011cff824e90 JavaThread "ClassGraph-worker-1"        daemon [_thread_blocked, id=28936, stack(0x0000001bd5d00000,0x0000001bd5e00000) (1024K)]
  0x0000011cff825520 JavaThread "ClassGraph-worker-2"        daemon [_thread_blocked, id=19372, stack(0x0000001bd5e00000,0x0000001bd5f00000) (1024K)]
  0x0000011cff826240 JavaThread "ClassGraph-worker-3"        daemon [_thread_blocked, id=7092, stack(0x0000001bd5f00000,0x0000001bd6000000) (1024K)]
  0x0000011cff824170 JavaThread "ClassGraph-worker-4"        daemon [_thread_blocked, id=26344, stack(0x0000001bd6000000,0x0000001bd6100000) (1024K)]
  0x0000011cff822dc0 JavaThread "ClassGraph-worker-5"        daemon [_thread_blocked, id=5244, stack(0x0000001bd6100000,0x0000001bd6200000) (1024K)]
  0x0000011cff824800 JavaThread "ClassGraph-worker-6"        daemon [_thread_blocked, id=3324, stack(0x0000001bd6200000,0x0000001bd6300000) (1024K)]
  0x0000011cff8268d0 JavaThread "ClassGraph-worker-7"        daemon [_thread_blocked, id=28132, stack(0x0000001bd6300000,0x0000001bd6400000) (1024K)]
  0x0000011cff825bb0 JavaThread "ClassGraph-worker-8"        daemon [_thread_blocked, id=23680, stack(0x0000001bd6400000,0x0000001bd6500000) (1024K)]
  0x0000011cff823450 JavaThread "ClassGraph-worker-9"        daemon [_thread_blocked, id=5592, stack(0x0000001bd6500000,0x0000001bd6600000) (1024K)]
  0x0000011cff826f60 JavaThread "ClassGraph-worker-10"       daemon [_thread_blocked, id=31604, stack(0x0000001bd6600000,0x0000001bd6700000) (1024K)]
  0x0000011cff823ae0 JavaThread "ClassGraph-worker-11"       daemon [_thread_blocked, id=3308, stack(0x0000001bd6700000,0x0000001bd6800000) (1024K)]
  0x0000011cff8275f0 JavaThread "ClassGraph-worker-12"       daemon [_thread_blocked, id=23580, stack(0x0000001bd6800000,0x0000001bd6900000) (1024K)]
  0x0000011cff827c80 JavaThread "ClassGraph-worker-13"       daemon [_thread_blocked, id=30948, stack(0x0000001bd6900000,0x0000001bd6a00000) (1024K)]
  0x0000011cff828310 JavaThread "pool-5-thread-1"                   [_thread_blocked, id=27624, stack(0x0000001bd6a00000,0x0000001bd6b00000) (1024K)]
  0x0000011cff8289a0 JavaThread "ForkJoinPool.commonPool-worker-2" daemon [_thread_blocked, id=3168, stack(0x0000001bd6b00000,0x0000001bd6c00000) (1024K)]
  0x0000011cff8296c0 JavaThread "ForkJoinPool.commonPool-worker-3" daemon [_thread_blocked, id=6984, stack(0x0000001bd6c00000,0x0000001bd6d00000) (1024K)]
  0x0000011c80215080 JavaThread "pool-6-thread-1"                   [_thread_blocked, id=25604, stack(0x0000001bd5b00000,0x0000001bd5c00000) (1024K)]
  0x0000011c80217150 JavaThread "pool-10-thread-1"                  [_thread_blocked, id=7456, stack(0x0000001bd6d00000,0x0000001bd6e00000) (1024K)]
  0x0000011cff7e37d0 JavaThread "C1 CompilerThread2"         daemon [_thread_blocked, id=29640, stack(0x0000001bd5a00000,0x0000001bd5b00000) (1024K)]
Total: 47

Other Threads:
=>0x0000011cb8c47100 VMThread "VM Thread"                           [id=10820, stack(0x0000001bd3a00000,0x0000001bd3b00000) (1024K)]
  0x0000011cb8c33e40 WatcherThread "VM Periodic Task Thread"        [id=17652, stack(0x0000001bd3900000,0x0000001bd3a00000) (1024K)]
  0x0000011cad8134c0 WorkerThread "GC Thread#0"                     [id=9036, stack(0x0000001bd3400000,0x0000001bd3500000) (1024K)]
  0x0000011cfe914600 WorkerThread "GC Thread#1"                     [id=9176, stack(0x0000001bd4600000,0x0000001bd4700000) (1024K)]
  0x0000011cfebc2200 WorkerThread "GC Thread#2"                     [id=20776, stack(0x0000001bd4700000,0x0000001bd4800000) (1024K)]
  0x0000011cfebc25a0 WorkerThread "GC Thread#3"                     [id=14960, stack(0x0000001bd4800000,0x0000001bd4900000) (1024K)]
  0x0000011cfebc2940 WorkerThread "GC Thread#4"                     [id=4924, stack(0x0000001bd4900000,0x0000001bd4a00000) (1024K)]
  0x0000011cfec7a780 WorkerThread "GC Thread#5"                     [id=5788, stack(0x0000001bd4a00000,0x0000001bd4b00000) (1024K)]
  0x0000011cfec7ab20 WorkerThread "GC Thread#6"                     [id=27692, stack(0x0000001bd4b00000,0x0000001bd4c00000) (1024K)]
  0x0000011cfed08cb0 WorkerThread "GC Thread#7"                     [id=23508, stack(0x0000001bd4c00000,0x0000001bd4d00000) (1024K)]
  0x0000011cad840c20 ConcurrentGCThread "G1 Main Marker"            [id=29388, stack(0x0000001bd3500000,0x0000001bd3600000) (1024K)]
  0x0000011cad841620 WorkerThread "G1 Conc#0"                       [id=21300, stack(0x0000001bd3600000,0x0000001bd3700000) (1024K)]
  0x0000011cff1c0710 WorkerThread "G1 Conc#1"                       [id=19660, stack(0x0000001bd4f00000,0x0000001bd5000000) (1024K)]
  0x0000011cb8b052e0 ConcurrentGCThread "G1 Refine#0"               [id=24072, stack(0x0000001bd3700000,0x0000001bd3800000) (1024K)]
  0x0000011cb8b07d60 ConcurrentGCThread "G1 Service"                [id=3504, stack(0x0000001bd3800000,0x0000001bd3900000) (1024K)]
Total: 15

Threads with active compile tasks:
Total: 0

VM state: at safepoint (normal execution)

VM Mutex/Monitor currently owned by a thread:  ([mutex/lock_event])
[0x00007ffc9650d570] Threads_lock - owner thread: 0x0000011cb8c47100
[0x00007ffc9650d670] Heap_lock - owner thread: 0x0000011cff824800

Heap address: 0x0000000084000000, size: 1984 MB, Compressed Oops mode: 32-bit

CDS archive(s) mapped at: [0x0000011cb9000000-0x0000011cb9ba0000-0x0000011cb9ba0000), size 12189696, SharedBaseAddress: 0x0000011cb9000000, ArchiveRelocationMode: 1.
Compressed class space mapped at: 0x0000011cba000000-0x0000011cfa000000, reserved size: 1073741824
Narrow klass base: 0x0000011cb9000000, Narrow klass shift: 0, Narrow klass range: 0x100000000

GC Precious Log:
 CardTable entry size: 512
 Card Set container configuration: InlinePtr #cards 5 size 8 Array Of Cards #cards 12 size 40 Howl #buckets 4 coarsen threshold 1843 Howl Bitmap #cards 512 size 80 coarsen threshold 460 Card regions per heap region 1 cards per card region 2048
 CPUs: 8 total, 8 available
 Memory: 7934M
 Large Page Support: Disabled
 NUMA Support: Disabled
 Compressed Oops: Enabled (32-bit)
 Heap Region Size: 1M
 Heap Min Capacity: 8M
 Heap Initial Capacity: 124M
 Heap Max Capacity: 1984M
 Pre-touch: Disabled
 Parallel Workers: 8
 Concurrent Workers: 2
 Concurrent Refinement Workers: 8
 Periodic GC: Disabled

Heap:
 garbage-first heap   total 536576K, used 228440K [0x0000000084000000, 0x0000000100000000)
  region size 1024K, 22 young (22528K), 22 survivors (22528K)
 Metaspace       used 40876K, committed 41408K, reserved 1114112K
  class space    used 5300K, committed 5568K, reserved 1048576K

Heap Regions: E=young(eden), S=young(survivor), O=old, HS=humongous(starts), HC=humongous(continues), CS=collection set, F=free, TAMS=top-at-mark-start, PB=parsable bottom
|   0|0x0000000084000000, 0x0000000084100000, 0x0000000084100000|100%| O|  |TAMS 0x0000000084000000| PB 0x0000000084000000| Untracked 
|   1|0x0000000084100000, 0x0000000084200000, 0x0000000084200000|100%| O|  |TAMS 0x0000000084100000| PB 0x0000000084100000| Untracked 
|   2|0x0000000084200000, 0x0000000084300000, 0x0000000084300000|100%| O|  |TAMS 0x0000000084200000| PB 0x0000000084200000| Untracked 
|   3|0x0000000084300000, 0x0000000084400000, 0x0000000084400000|100%| O|  |TAMS 0x0000000084300000| PB 0x0000000084300000| Untracked 
|   4|0x0000000084400000, 0x0000000084500000, 0x0000000084500000|100%| O|  |TAMS 0x0000000084400000| PB 0x0000000084400000| Untracked 
|   5|0x0000000084500000, 0x0000000084600000, 0x0000000084600000|100%| O|  |TAMS 0x0000000084500000| PB 0x0000000084500000| Untracked 
|   6|0x0000000084600000, 0x0000000084700000, 0x0000000084700000|100%| O|  |TAMS 0x0000000084600000| PB 0x0000000084600000| Untracked 
|   7|0x0000000084700000, 0x0000000084800000, 0x0000000084800000|100%| O|  |TAMS 0x0000000084700000| PB 0x0000000084700000| Untracked 
|   8|0x0000000084800000, 0x0000000084900000, 0x0000000084900000|100%| O|  |TAMS 0x0000000084800000| PB 0x0000000084800000| Untracked 
|   9|0x0000000084900000, 0x0000000084a00000, 0x0000000084a00000|100%| O|  |TAMS 0x0000000084900000| PB 0x0000000084900000| Untracked 
|  10|0x0000000084a00000, 0x0000000084b00000, 0x0000000084b00000|100%| O|  |TAMS 0x0000000084a00000| PB 0x0000000084a00000| Untracked 
|  11|0x0000000084b00000, 0x0000000084c00000, 0x0000000084c00000|100%| O|  |TAMS 0x0000000084b00000| PB 0x0000000084b00000| Untracked 
|  12|0x0000000084c00000, 0x0000000084d00000, 0x0000000084d00000|100%| O|  |TAMS 0x0000000084c00000| PB 0x0000000084c00000| Untracked 
|  13|0x0000000084d00000, 0x0000000084e00000, 0x0000000084e00000|100%| O|  |TAMS 0x0000000084d00000| PB 0x0000000084d00000| Untracked 
|  14|0x0000000084e00000, 0x0000000084f00000, 0x0000000084f00000|100%| O|  |TAMS 0x0000000084e00000| PB 0x0000000084e00000| Untracked 
|  15|0x0000000084f00000, 0x0000000085000000, 0x0000000085000000|100%| O|  |TAMS 0x0000000084f00000| PB 0x0000000084f00000| Untracked 
|  16|0x0000000085000000, 0x0000000085100000, 0x0000000085100000|100%| O|  |TAMS 0x0000000085000000| PB 0x0000000085000000| Untracked 
|  17|0x0000000085100000, 0x0000000085200000, 0x0000000085200000|100%| O|  |TAMS 0x0000000085100000| PB 0x0000000085100000| Untracked 
|  18|0x0000000085200000, 0x0000000085300000, 0x0000000085300000|100%| O|  |TAMS 0x0000000085200000| PB 0x0000000085200000| Untracked 
|  19|0x0000000085300000, 0x0000000085400000, 0x0000000085400000|100%| O|  |TAMS 0x0000000085300000| PB 0x0000000085300000| Untracked 
|  20|0x0000000085400000, 0x0000000085500000, 0x0000000085500000|100%| O|  |TAMS 0x0000000085400000| PB 0x0000000085400000| Untracked 
|  21|0x0000000085500000, 0x0000000085600000, 0x0000000085600000|100%| O|  |TAMS 0x0000000085500000| PB 0x0000000085500000| Untracked 
|  22|0x0000000085600000, 0x0000000085700000, 0x0000000085700000|100%| O|  |TAMS 0x0000000085600000| PB 0x0000000085600000| Untracked 
|  23|0x0000000085700000, 0x0000000085800000, 0x0000000085800000|100%| O|  |TAMS 0x0000000085700000| PB 0x0000000085700000| Untracked 
|  24|0x0000000085800000, 0x0000000085900000, 0x0000000085900000|100%| O|  |TAMS 0x0000000085800000| PB 0x0000000085800000| Untracked 
|  25|0x0000000085900000, 0x0000000085a00000, 0x0000000085a00000|100%| O|  |TAMS 0x0000000085900000| PB 0x0000000085900000| Untracked 
|  26|0x0000000085a00000, 0x0000000085b00000, 0x0000000085b00000|100%| O|  |TAMS 0x0000000085a00000| PB 0x0000000085a00000| Untracked 
|  27|0x0000000085b00000, 0x0000000085c00000, 0x0000000085c00000|100%| O|  |TAMS 0x0000000085b00000| PB 0x0000000085b00000| Untracked 
|  28|0x0000000085c00000, 0x0000000085d00000, 0x0000000085d00000|100%| O|  |TAMS 0x0000000085c00000| PB 0x0000000085c00000| Untracked 
|  29|0x0000000085d00000, 0x0000000085e00000, 0x0000000085e00000|100%| O|  |TAMS 0x0000000085d00000| PB 0x0000000085d00000| Untracked 
|  30|0x0000000085e00000, 0x0000000085f00000, 0x0000000085f00000|100%| O|  |TAMS 0x0000000085e00000| PB 0x0000000085e00000| Untracked 
|  31|0x0000000085f00000, 0x0000000086000000, 0x0000000086000000|100%| O|  |TAMS 0x0000000085f00000| PB 0x0000000085f00000| Untracked 
|  32|0x0000000086000000, 0x0000000086100000, 0x0000000086100000|100%| O|  |TAMS 0x0000000086000000| PB 0x0000000086000000| Untracked 
|  33|0x0000000086100000, 0x0000000086200000, 0x0000000086200000|100%| O|  |TAMS 0x0000000086100000| PB 0x0000000086100000| Untracked 
|  34|0x0000000086200000, 0x0000000086300000, 0x0000000086300000|100%| O|  |TAMS 0x0000000086200000| PB 0x0000000086200000| Untracked 
|  35|0x0000000086300000, 0x0000000086400000, 0x0000000086400000|100%| O|  |TAMS 0x0000000086300000| PB 0x0000000086300000| Untracked 
|  36|0x0000000086400000, 0x0000000086500000, 0x0000000086500000|100%| O|  |TAMS 0x0000000086400000| PB 0x0000000086400000| Untracked 
|  37|0x0000000086500000, 0x0000000086600000, 0x0000000086600000|100%| O|  |TAMS 0x0000000086500000| PB 0x0000000086500000| Untracked 
|  38|0x0000000086600000, 0x0000000086700000, 0x0000000086700000|100%| O|  |TAMS 0x0000000086600000| PB 0x0000000086600000| Untracked 
|  39|0x0000000086700000, 0x0000000086800000, 0x0000000086800000|100%| O|  |TAMS 0x0000000086700000| PB 0x0000000086700000| Untracked 
|  40|0x0000000086800000, 0x0000000086900000, 0x0000000086900000|100%| O|  |TAMS 0x0000000086800000| PB 0x0000000086800000| Untracked 
|  41|0x0000000086900000, 0x0000000086a00000, 0x0000000086a00000|100%| O|  |TAMS 0x0000000086900000| PB 0x0000000086900000| Untracked 
|  42|0x0000000086a00000, 0x0000000086b00000, 0x0000000086b00000|100%| O|  |TAMS 0x0000000086a00000| PB 0x0000000086a00000| Untracked 
|  43|0x0000000086b00000, 0x0000000086c00000, 0x0000000086c00000|100%| O|  |TAMS 0x0000000086b00000| PB 0x0000000086b00000| Untracked 
|  44|0x0000000086c00000, 0x0000000086d00000, 0x0000000086d00000|100%| O|  |TAMS 0x0000000086c00000| PB 0x0000000086c00000| Untracked 
|  45|0x0000000086d00000, 0x0000000086e00000, 0x0000000086e00000|100%| O|  |TAMS 0x0000000086d00000| PB 0x0000000086d00000| Untracked 
|  46|0x0000000086e00000, 0x0000000086e00000, 0x0000000086f00000|  0%| F|  |TAMS 0x0000000086e00000| PB 0x0000000086e00000| Untracked 
|  47|0x0000000086f00000, 0x0000000087000000, 0x0000000087000000|100%| O|  |TAMS 0x0000000086f00000| PB 0x0000000086f00000| Untracked 
|  48|0x0000000087000000, 0x0000000087100000, 0x0000000087100000|100%| O|  |TAMS 0x0000000087000000| PB 0x0000000087000000| Untracked 
|  49|0x0000000087100000, 0x0000000087200000, 0x0000000087200000|100%| O|  |TAMS 0x0000000087100000| PB 0x0000000087100000| Untracked 
|  50|0x0000000087200000, 0x0000000087300000, 0x0000000087300000|100%|HS|  |TAMS 0x0000000087200000| PB 0x0000000087200000| Complete 
|  51|0x0000000087300000, 0x0000000087400000, 0x0000000087400000|100%| O|  |TAMS 0x0000000087300000| PB 0x0000000087300000| Untracked 
|  52|0x0000000087400000, 0x0000000087500000, 0x0000000087500000|100%| O|  |TAMS 0x0000000087400000| PB 0x0000000087400000| Untracked 
|  53|0x0000000087500000, 0x0000000087600000, 0x0000000087600000|100%| O|  |TAMS 0x0000000087500000| PB 0x0000000087500000| Untracked 
|  54|0x0000000087600000, 0x0000000087700000, 0x0000000087700000|100%| O|  |TAMS 0x0000000087600000| PB 0x0000000087600000| Untracked 
|  55|0x0000000087700000, 0x0000000087800000, 0x0000000087800000|100%| O|  |TAMS 0x0000000087700000| PB 0x0000000087700000| Untracked 
|  56|0x0000000087800000, 0x0000000087900000, 0x0000000087900000|100%| O|  |TAMS 0x0000000087800000| PB 0x0000000087800000| Untracked 
|  57|0x0000000087900000, 0x0000000087a00000, 0x0000000087a00000|100%| O|  |TAMS 0x0000000087900000| PB 0x0000000087900000| Untracked 
|  58|0x0000000087a00000, 0x0000000087b00000, 0x0000000087b00000|100%| O|  |TAMS 0x0000000087a00000| PB 0x0000000087a00000| Untracked 
|  59|0x0000000087b00000, 0x0000000087c00000, 0x0000000087c00000|100%| O|  |TAMS 0x0000000087b00000| PB 0x0000000087b00000| Untracked 
|  60|0x0000000087c00000, 0x0000000087d00000, 0x0000000087d00000|100%| O|  |TAMS 0x0000000087c00000| PB 0x0000000087c00000| Untracked 
|  61|0x0000000087d00000, 0x0000000087e00000, 0x0000000087e00000|100%| O|  |TAMS 0x0000000087d00000| PB 0x0000000087d00000| Untracked 
|  62|0x0000000087e00000, 0x0000000087f00000, 0x0000000087f00000|100%| O|  |TAMS 0x0000000087e00000| PB 0x0000000087e00000| Untracked 
|  63|0x0000000087f00000, 0x0000000088000000, 0x0000000088000000|100%| O|  |TAMS 0x0000000087f00000| PB 0x0000000087f00000| Untracked 
|  64|0x0000000088000000, 0x0000000088100000, 0x0000000088100000|100%| O|  |TAMS 0x0000000088000000| PB 0x0000000088000000| Untracked 
|  65|0x0000000088100000, 0x0000000088200000, 0x0000000088200000|100%| O|  |TAMS 0x0000000088100000| PB 0x0000000088100000| Untracked 
|  66|0x0000000088200000, 0x0000000088300000, 0x0000000088300000|100%| O|  |TAMS 0x0000000088200000| PB 0x0000000088200000| Untracked 
|  67|0x0000000088300000, 0x0000000088400000, 0x0000000088400000|100%| O|  |TAMS 0x0000000088300000| PB 0x0000000088300000| Untracked 
|  68|0x0000000088400000, 0x0000000088500000, 0x0000000088500000|100%| O|  |TAMS 0x0000000088400000| PB 0x0000000088400000| Untracked 
|  69|0x0000000088500000, 0x0000000088600000, 0x0000000088600000|100%| O|  |TAMS 0x0000000088500000| PB 0x0000000088500000| Untracked 
|  70|0x0000000088600000, 0x0000000088700000, 0x0000000088700000|100%| O|  |TAMS 0x0000000088600000| PB 0x0000000088600000| Untracked 
|  71|0x0000000088700000, 0x0000000088800000, 0x0000000088800000|100%| O|  |TAMS 0x0000000088700000| PB 0x0000000088700000| Untracked 
|  72|0x0000000088800000, 0x0000000088900000, 0x0000000088900000|100%| O|  |TAMS 0x0000000088800000| PB 0x0000000088800000| Untracked 
|  73|0x0000000088900000, 0x0000000088a00000, 0x0000000088a00000|100%| O|  |TAMS 0x0000000088900000| PB 0x0000000088900000| Untracked 
|  74|0x0000000088a00000, 0x0000000088b00000, 0x0000000088b00000|100%| O|  |TAMS 0x0000000088a00000| PB 0x0000000088a00000| Untracked 
|  75|0x0000000088b00000, 0x0000000088c00000, 0x0000000088c00000|100%| O|  |TAMS 0x0000000088b00000| PB 0x0000000088b00000| Untracked 
|  76|0x0000000088c00000, 0x0000000088d00000, 0x0000000088d00000|100%| O|  |TAMS 0x0000000088c00000| PB 0x0000000088c00000| Untracked 
|  77|0x0000000088d00000, 0x0000000088e00000, 0x0000000088e00000|100%| O|  |TAMS 0x0000000088d00000| PB 0x0000000088d00000| Untracked 
|  78|0x0000000088e00000, 0x0000000088f00000, 0x0000000088f00000|100%| O|  |TAMS 0x0000000088e00000| PB 0x0000000088e00000| Untracked 
|  79|0x0000000088f00000, 0x0000000089000000, 0x0000000089000000|100%| O|  |TAMS 0x0000000088f00000| PB 0x0000000088f00000| Untracked 
|  80|0x0000000089000000, 0x0000000089100000, 0x0000000089100000|100%| O|  |TAMS 0x0000000089000000| PB 0x0000000089000000| Untracked 
|  81|0x0000000089100000, 0x0000000089200000, 0x0000000089200000|100%| O|  |TAMS 0x0000000089100000| PB 0x0000000089100000| Untracked 
|  82|0x0000000089200000, 0x0000000089300000, 0x0000000089300000|100%| O|  |TAMS 0x0000000089200000| PB 0x0000000089200000| Untracked 
|  83|0x0000000089300000, 0x0000000089400000, 0x0000000089400000|100%| O|  |TAMS 0x0000000089300000| PB 0x0000000089300000| Untracked 
|  84|0x0000000089400000, 0x0000000089500000, 0x0000000089500000|100%| O|  |TAMS 0x0000000089400000| PB 0x0000000089400000| Untracked 
|  85|0x0000000089500000, 0x0000000089600000, 0x0000000089600000|100%| O|  |TAMS 0x0000000089500000| PB 0x0000000089500000| Untracked 
|  86|0x0000000089600000, 0x0000000089700000, 0x0000000089700000|100%| O|  |TAMS 0x0000000089600000| PB 0x0000000089600000| Untracked 
|  87|0x0000000089700000, 0x0000000089800000, 0x0000000089800000|100%| O|  |TAMS 0x0000000089700000| PB 0x0000000089700000| Untracked 
|  88|0x0000000089800000, 0x0000000089900000, 0x0000000089900000|100%| O|  |TAMS 0x0000000089800000| PB 0x0000000089800000| Untracked 
|  89|0x0000000089900000, 0x0000000089a00000, 0x0000000089a00000|100%| O|  |TAMS 0x0000000089900000| PB 0x0000000089900000| Untracked 
|  90|0x0000000089a00000, 0x0000000089b00000, 0x0000000089b00000|100%| O|  |TAMS 0x0000000089a00000| PB 0x0000000089a00000| Untracked 
|  91|0x0000000089b00000, 0x0000000089c00000, 0x0000000089c00000|100%| O|  |TAMS 0x0000000089b00000| PB 0x0000000089b00000| Untracked 
|  92|0x0000000089c00000, 0x0000000089d00000, 0x0000000089d00000|100%| O|  |TAMS 0x0000000089c00000| PB 0x0000000089c00000| Untracked 
|  93|0x0000000089d00000, 0x0000000089e00000, 0x0000000089e00000|100%| O|  |TAMS 0x0000000089d00000| PB 0x0000000089d00000| Untracked 
|  94|0x0000000089e00000, 0x0000000089f00000, 0x0000000089f00000|100%| O|  |TAMS 0x0000000089e00000| PB 0x0000000089e00000| Untracked 
|  95|0x0000000089f00000, 0x000000008a000000, 0x000000008a000000|100%| O|  |TAMS 0x0000000089f00000| PB 0x0000000089f00000| Untracked 
|  96|0x000000008a000000, 0x000000008a100000, 0x000000008a100000|100%| O|  |TAMS 0x000000008a000000| PB 0x000000008a000000| Untracked 
|  97|0x000000008a100000, 0x000000008a200000, 0x000000008a200000|100%| O|  |TAMS 0x000000008a100000| PB 0x000000008a100000| Untracked 
|  98|0x000000008a200000, 0x000000008a300000, 0x000000008a300000|100%| O|  |TAMS 0x000000008a200000| PB 0x000000008a200000| Untracked 
|  99|0x000000008a300000, 0x000000008a400000, 0x000000008a400000|100%| O|  |TAMS 0x000000008a300000| PB 0x000000008a300000| Untracked 
| 100|0x000000008a400000, 0x000000008a500000, 0x000000008a500000|100%| O|  |TAMS 0x000000008a400000| PB 0x000000008a400000| Untracked 
| 101|0x000000008a500000, 0x000000008a600000, 0x000000008a600000|100%| O|  |TAMS 0x000000008a500000| PB 0x000000008a500000| Untracked 
| 102|0x000000008a600000, 0x000000008a700000, 0x000000008a700000|100%| O|  |TAMS 0x000000008a600000| PB 0x000000008a600000| Untracked 
| 103|0x000000008a700000, 0x000000008a800000, 0x000000008a800000|100%| O|  |TAMS 0x000000008a700000| PB 0x000000008a700000| Untracked 
| 104|0x000000008a800000, 0x000000008a900000, 0x000000008a900000|100%| O|  |TAMS 0x000000008a800000| PB 0x000000008a800000| Untracked 
| 105|0x000000008a900000, 0x000000008aa00000, 0x000000008aa00000|100%| O|  |TAMS 0x000000008a900000| PB 0x000000008a900000| Untracked 
| 106|0x000000008aa00000, 0x000000008ab00000, 0x000000008ab00000|100%| O|  |TAMS 0x000000008aa00000| PB 0x000000008aa00000| Untracked 
| 107|0x000000008ab00000, 0x000000008ac00000, 0x000000008ac00000|100%| O|  |TAMS 0x000000008ab00000| PB 0x000000008ab00000| Untracked 
| 108|0x000000008ac00000, 0x000000008ad00000, 0x000000008ad00000|100%| O|  |TAMS 0x000000008ac00000| PB 0x000000008ac00000| Untracked 
| 109|0x000000008ad00000, 0x000000008ae00000, 0x000000008ae00000|100%| O|  |TAMS 0x000000008ad00000| PB 0x000000008ad00000| Untracked 
| 110|0x000000008ae00000, 0x000000008af00000, 0x000000008af00000|100%| O|  |TAMS 0x000000008ae00000| PB 0x000000008ae00000| Untracked 
| 111|0x000000008af00000, 0x000000008af00000, 0x000000008b000000|  0%| F|  |TAMS 0x000000008af00000| PB 0x000000008af00000| Untracked 
| 112|0x000000008b000000, 0x000000008b100000, 0x000000008b100000|100%|HS|  |TAMS 0x000000008b000000| PB 0x000000008b000000| Complete 
| 113|0x000000008b100000, 0x000000008b200000, 0x000000008b200000|100%| O|  |TAMS 0x000000008b100000| PB 0x000000008b100000| Untracked 
| 114|0x000000008b200000, 0x000000008b300000, 0x000000008b300000|100%| O|  |TAMS 0x000000008b200000| PB 0x000000008b200000| Untracked 
| 115|0x000000008b300000, 0x000000008b400000, 0x000000008b400000|100%| O|  |TAMS 0x000000008b300000| PB 0x000000008b300000| Untracked 
| 116|0x000000008b400000, 0x000000008b500000, 0x000000008b500000|100%| O|  |TAMS 0x000000008b400000| PB 0x000000008b400000| Untracked 
| 117|0x000000008b500000, 0x000000008b600000, 0x000000008b600000|100%| O|  |TAMS 0x000000008b500000| PB 0x000000008b500000| Untracked 
| 118|0x000000008b600000, 0x000000008b700000, 0x000000008b700000|100%| O|  |TAMS 0x000000008b600000| PB 0x000000008b600000| Untracked 
| 119|0x000000008b700000, 0x000000008b800000, 0x000000008b800000|100%| O|  |TAMS 0x000000008b700000| PB 0x000000008b700000| Untracked 
| 120|0x000000008b800000, 0x000000008b900000, 0x000000008b900000|100%| O|  |TAMS 0x000000008b800000| PB 0x000000008b800000| Untracked 
| 121|0x000000008b900000, 0x000000008ba00000, 0x000000008ba00000|100%| O|  |TAMS 0x000000008b900000| PB 0x000000008b900000| Untracked 
| 122|0x000000008ba00000, 0x000000008bb00000, 0x000000008bb00000|100%| O|  |TAMS 0x000000008ba00000| PB 0x000000008ba00000| Untracked 
| 123|0x000000008bb00000, 0x000000008bc00000, 0x000000008bc00000|100%| O|  |TAMS 0x000000008bb00000| PB 0x000000008bb00000| Untracked 
| 124|0x000000008bc00000, 0x000000008bd00000, 0x000000008bd00000|100%| O|  |TAMS 0x000000008bc00000| PB 0x000000008bc00000| Untracked 
| 125|0x000000008bd00000, 0x000000008be00000, 0x000000008be00000|100%| O|  |TAMS 0x000000008bd00000| PB 0x000000008bd00000| Untracked 
| 126|0x000000008be00000, 0x000000008bf00000, 0x000000008bf00000|100%| O|  |TAMS 0x000000008be00000| PB 0x000000008be00000| Untracked 
| 127|0x000000008bf00000, 0x000000008c000000, 0x000000008c000000|100%| O|  |TAMS 0x000000008bf00000| PB 0x000000008bf00000| Untracked 
| 128|0x000000008c000000, 0x000000008c100000, 0x000000008c100000|100%| O|  |TAMS 0x000000008c000000| PB 0x000000008c000000| Untracked 
| 129|0x000000008c100000, 0x000000008c200000, 0x000000008c200000|100%| O|  |TAMS 0x000000008c100000| PB 0x000000008c100000| Untracked 
| 130|0x000000008c200000, 0x000000008c300000, 0x000000008c300000|100%| O|  |TAMS 0x000000008c200000| PB 0x000000008c200000| Untracked 
| 131|0x000000008c300000, 0x000000008c400000, 0x000000008c400000|100%| O|  |TAMS 0x000000008c300000| PB 0x000000008c300000| Untracked 
| 132|0x000000008c400000, 0x000000008c500000, 0x000000008c500000|100%| O|  |TAMS 0x000000008c400000| PB 0x000000008c400000| Untracked 
| 133|0x000000008c500000, 0x000000008c600000, 0x000000008c600000|100%| O|  |TAMS 0x000000008c500000| PB 0x000000008c500000| Untracked 
| 134|0x000000008c600000, 0x000000008c700000, 0x000000008c700000|100%| O|  |TAMS 0x000000008c600000| PB 0x000000008c600000| Untracked 
| 135|0x000000008c700000, 0x000000008c800000, 0x000000008c800000|100%| O|  |TAMS 0x000000008c700000| PB 0x000000008c700000| Untracked 
| 136|0x000000008c800000, 0x000000008c900000, 0x000000008c900000|100%| O|  |TAMS 0x000000008c800000| PB 0x000000008c800000| Untracked 
| 137|0x000000008c900000, 0x000000008ca00000, 0x000000008ca00000|100%| O|  |TAMS 0x000000008c900000| PB 0x000000008c900000| Untracked 
| 138|0x000000008ca00000, 0x000000008cb00000, 0x000000008cb00000|100%| O|  |TAMS 0x000000008ca00000| PB 0x000000008ca00000| Untracked 
| 139|0x000000008cb00000, 0x000000008cc00000, 0x000000008cc00000|100%| O|  |TAMS 0x000000008cb00000| PB 0x000000008cb00000| Untracked 
| 140|0x000000008cc00000, 0x000000008cd00000, 0x000000008cd00000|100%| O|  |TAMS 0x000000008cc00000| PB 0x000000008cc00000| Untracked 
| 141|0x000000008cd00000, 0x000000008ce00000, 0x000000008ce00000|100%| O|  |TAMS 0x000000008cd00000| PB 0x000000008cd00000| Untracked 
| 142|0x000000008ce00000, 0x000000008cf00000, 0x000000008cf00000|100%| O|  |TAMS 0x000000008ce00000| PB 0x000000008ce00000| Untracked 
| 143|0x000000008cf00000, 0x000000008cf00000, 0x000000008d000000|  0%| F|  |TAMS 0x000000008cf00000| PB 0x000000008cf00000| Untracked 
| 144|0x000000008d000000, 0x000000008d100000, 0x000000008d100000|100%| O|  |TAMS 0x000000008d000000| PB 0x000000008d000000| Untracked 
| 145|0x000000008d100000, 0x000000008d200000, 0x000000008d200000|100%| O|  |TAMS 0x000000008d100000| PB 0x000000008d100000| Untracked 
| 146|0x000000008d200000, 0x000000008d300000, 0x000000008d300000|100%| O|  |TAMS 0x000000008d200000| PB 0x000000008d200000| Untracked 
| 147|0x000000008d300000, 0x000000008d400000, 0x000000008d400000|100%| O|  |TAMS 0x000000008d300000| PB 0x000000008d300000| Untracked 
| 148|0x000000008d400000, 0x000000008d500000, 0x000000008d500000|100%| O|  |TAMS 0x000000008d400000| PB 0x000000008d400000| Untracked 
| 149|0x000000008d500000, 0x000000008d600000, 0x000000008d600000|100%| O|  |TAMS 0x000000008d500000| PB 0x000000008d500000| Untracked 
| 150|0x000000008d600000, 0x000000008d700000, 0x000000008d700000|100%| O|  |TAMS 0x000000008d600000| PB 0x000000008d600000| Untracked 
| 151|0x000000008d700000, 0x000000008d800000, 0x000000008d800000|100%| O|  |TAMS 0x000000008d700000| PB 0x000000008d700000| Untracked 
| 152|0x000000008d800000, 0x000000008d900000, 0x000000008d900000|100%| O|  |TAMS 0x000000008d800000| PB 0x000000008d800000| Untracked 
| 153|0x000000008d900000, 0x000000008da00000, 0x000000008da00000|100%| O|  |TAMS 0x000000008d900000| PB 0x000000008d900000| Untracked 
| 154|0x000000008da00000, 0x000000008db00000, 0x000000008db00000|100%| O|  |TAMS 0x000000008da00000| PB 0x000000008da00000| Untracked 
| 155|0x000000008db00000, 0x000000008dc00000, 0x000000008dc00000|100%| O|  |TAMS 0x000000008db00000| PB 0x000000008db00000| Untracked 
| 156|0x000000008dc00000, 0x000000008dd00000, 0x000000008dd00000|100%| O|  |TAMS 0x000000008dc00000| PB 0x000000008dc00000| Untracked 
| 157|0x000000008dd00000, 0x000000008de00000, 0x000000008de00000|100%| O|  |TAMS 0x000000008dd00000| PB 0x000000008dd00000| Untracked 
| 158|0x000000008de00000, 0x000000008df00000, 0x000000008df00000|100%| O|  |TAMS 0x000000008de00000| PB 0x000000008de00000| Untracked 
| 159|0x000000008df00000, 0x000000008e000000, 0x000000008e000000|100%| O|  |TAMS 0x000000008df00000| PB 0x000000008df00000| Untracked 
| 160|0x000000008e000000, 0x000000008e100000, 0x000000008e100000|100%| O|  |TAMS 0x000000008e000000| PB 0x000000008e000000| Untracked 
| 161|0x000000008e100000, 0x000000008e200000, 0x000000008e200000|100%| O|  |TAMS 0x000000008e100000| PB 0x000000008e100000| Untracked 
| 162|0x000000008e200000, 0x000000008e300000, 0x000000008e300000|100%| O|  |TAMS 0x000000008e200000| PB 0x000000008e200000| Untracked 
| 163|0x000000008e300000, 0x000000008e400000, 0x000000008e400000|100%| O|  |TAMS 0x000000008e300000| PB 0x000000008e300000| Untracked 
| 164|0x000000008e400000, 0x000000008e500000, 0x000000008e500000|100%| O|  |TAMS 0x000000008e400000| PB 0x000000008e400000| Untracked 
| 165|0x000000008e500000, 0x000000008e600000, 0x000000008e600000|100%| O|  |TAMS 0x000000008e500000| PB 0x000000008e500000| Untracked 
| 166|0x000000008e600000, 0x000000008e700000, 0x000000008e700000|100%| O|  |TAMS 0x000000008e600000| PB 0x000000008e600000| Untracked 
| 167|0x000000008e700000, 0x000000008e700000, 0x000000008e800000|  0%| F|  |TAMS 0x000000008e700000| PB 0x000000008e700000| Untracked 
| 168|0x000000008e800000, 0x000000008e900000, 0x000000008e900000|100%| O|  |TAMS 0x000000008e800000| PB 0x000000008e800000| Untracked 
| 169|0x000000008e900000, 0x000000008ea00000, 0x000000008ea00000|100%| O|  |TAMS 0x000000008e900000| PB 0x000000008e900000| Untracked 
| 170|0x000000008ea00000, 0x000000008eb00000, 0x000000008eb00000|100%| O|  |TAMS 0x000000008ea00000| PB 0x000000008ea00000| Untracked 
| 171|0x000000008eb00000, 0x000000008ec00000, 0x000000008ec00000|100%| O|  |TAMS 0x000000008eb00000| PB 0x000000008eb00000| Untracked 
| 172|0x000000008ec00000, 0x000000008ed00000, 0x000000008ed00000|100%| O|  |TAMS 0x000000008ec00000| PB 0x000000008ec00000| Untracked 
| 173|0x000000008ed00000, 0x000000008ee00000, 0x000000008ee00000|100%| O|  |TAMS 0x000000008ed00000| PB 0x000000008ed00000| Untracked 
| 174|0x000000008ee00000, 0x000000008ef00000, 0x000000008ef00000|100%| O|  |TAMS 0x000000008ee00000| PB 0x000000008ee00000| Untracked 
| 175|0x000000008ef00000, 0x000000008ef00000, 0x000000008f000000|  0%| F|  |TAMS 0x000000008ef00000| PB 0x000000008ef00000| Untracked 
| 176|0x000000008f000000, 0x000000008f100000, 0x000000008f100000|100%| O|  |TAMS 0x000000008f000000| PB 0x000000008f000000| Untracked 
| 177|0x000000008f100000, 0x000000008f200000, 0x000000008f200000|100%| O|  |TAMS 0x000000008f100000| PB 0x000000008f100000| Untracked 
| 178|0x000000008f200000, 0x000000008f300000, 0x000000008f300000|100%| O|  |TAMS 0x000000008f200000| PB 0x000000008f200000| Untracked 
| 179|0x000000008f300000, 0x000000008f400000, 0x000000008f400000|100%| O|  |TAMS 0x000000008f300000| PB 0x000000008f300000| Untracked 
| 180|0x000000008f400000, 0x000000008f500000, 0x000000008f500000|100%| O|  |TAMS 0x000000008f400000| PB 0x000000008f400000| Untracked 
| 181|0x000000008f500000, 0x000000008f600000, 0x000000008f600000|100%| O|  |TAMS 0x000000008f500000| PB 0x000000008f500000| Untracked 
| 182|0x000000008f600000, 0x000000008f700000, 0x000000008f700000|100%| O|  |TAMS 0x000000008f600000| PB 0x000000008f600000| Untracked 
| 183|0x000000008f700000, 0x000000008f800000, 0x000000008f800000|100%| O|  |TAMS 0x000000008f700000| PB 0x000000008f700000| Untracked 
| 184|0x000000008f800000, 0x000000008f900000, 0x000000008f900000|100%| O|  |TAMS 0x000000008f800000| PB 0x000000008f800000| Untracked 
| 185|0x000000008f900000, 0x000000008f9cbbd0, 0x000000008fa00000| 79%| O|  |TAMS 0x000000008f900000| PB 0x000000008f900000| Untracked 
| 186|0x000000008fa00000, 0x000000008fa4a598, 0x000000008fb00000| 29%| S|CS|TAMS 0x000000008fa00000| PB 0x000000008fa00000| Complete 
| 187|0x000000008fb00000, 0x000000008fc00000, 0x000000008fc00000|100%| S|CS|TAMS 0x000000008fb00000| PB 0x000000008fb00000| Complete 
| 188|0x000000008fc00000, 0x000000008fd00000, 0x000000008fd00000|100%| S|CS|TAMS 0x000000008fc00000| PB 0x000000008fc00000| Complete 
| 189|0x000000008fd00000, 0x000000008fe00000, 0x000000008fe00000|100%| S|CS|TAMS 0x000000008fd00000| PB 0x000000008fd00000| Complete 
| 190|0x000000008fe00000, 0x000000008ff00000, 0x000000008ff00000|100%| S|CS|TAMS 0x000000008fe00000| PB 0x000000008fe00000| Complete 
| 191|0x000000008ff00000, 0x0000000090000000, 0x0000000090000000|100%| S|CS|TAMS 0x000000008ff00000| PB 0x000000008ff00000| Complete 
| 192|0x0000000090000000, 0x0000000090100000, 0x0000000090100000|100%| S|CS|TAMS 0x0000000090000000| PB 0x0000000090000000| Complete 
| 193|0x0000000090100000, 0x0000000090200000, 0x0000000090200000|100%| S|CS|TAMS 0x0000000090100000| PB 0x0000000090100000| Complete 
| 194|0x0000000090200000, 0x0000000090300000, 0x0000000090300000|100%| S|CS|TAMS 0x0000000090200000| PB 0x0000000090200000| Complete 
| 195|0x0000000090300000, 0x0000000090400000, 0x0000000090400000|100%| O|  |TAMS 0x0000000090300000| PB 0x0000000090300000| Untracked 
| 196|0x0000000090400000, 0x0000000090500000, 0x0000000090500000|100%| O|  |TAMS 0x0000000090400000| PB 0x0000000090400000| Untracked 
| 197|0x0000000090500000, 0x0000000090600000, 0x0000000090600000|100%| O|  |TAMS 0x0000000090500000| PB 0x0000000090500000| Untracked 
| 198|0x0000000090600000, 0x0000000090700000, 0x0000000090700000|100%| O|  |TAMS 0x0000000090600000| PB 0x0000000090600000| Untracked 
| 199|0x0000000090700000, 0x0000000090800000, 0x0000000090800000|100%| O|  |TAMS 0x0000000090700000| PB 0x0000000090700000| Untracked 
| 200|0x0000000090800000, 0x0000000090900000, 0x0000000090900000|100%| O|  |TAMS 0x0000000090800000| PB 0x0000000090800000| Untracked 
| 201|0x0000000090900000, 0x0000000090a00000, 0x0000000090a00000|100%| O|  |TAMS 0x0000000090900000| PB 0x0000000090900000| Untracked 
| 202|0x0000000090a00000, 0x0000000090b00000, 0x0000000090b00000|100%| O|  |TAMS 0x0000000090a00000| PB 0x0000000090a00000| Untracked 
| 203|0x0000000090b00000, 0x0000000090c00000, 0x0000000090c00000|100%| O|  |TAMS 0x0000000090b00000| PB 0x0000000090b00000| Untracked 
| 204|0x0000000090c00000, 0x0000000090d00000, 0x0000000090d00000|100%| O|  |TAMS 0x0000000090c00000| PB 0x0000000090c00000| Untracked 
| 205|0x0000000090d00000, 0x0000000090e00000, 0x0000000090e00000|100%| S|CS|TAMS 0x0000000090d00000| PB 0x0000000090d00000| Complete 
| 206|0x0000000090e00000, 0x0000000090f00000, 0x0000000090f00000|100%| S|CS|TAMS 0x0000000090e00000| PB 0x0000000090e00000| Complete 
| 207|0x0000000090f00000, 0x0000000091000000, 0x0000000091000000|100%| O|  |TAMS 0x0000000090f00000| PB 0x0000000090f00000| Untracked 
| 208|0x0000000091000000, 0x0000000091100000, 0x0000000091100000|100%| O|  |TAMS 0x0000000091000000| PB 0x0000000091000000| Untracked 
| 209|0x0000000091100000, 0x0000000091200000, 0x0000000091200000|100%| O|  |TAMS 0x0000000091100000| PB 0x0000000091100000| Untracked 
| 210|0x0000000091200000, 0x0000000091300000, 0x0000000091300000|100%| O|  |TAMS 0x0000000091200000| PB 0x0000000091200000| Untracked 
| 211|0x0000000091300000, 0x0000000091400000, 0x0000000091400000|100%| O|  |TAMS 0x0000000091300000| PB 0x0000000091300000| Untracked 
| 212|0x0000000091400000, 0x0000000091500000, 0x0000000091500000|100%| O|  |TAMS 0x0000000091400000| PB 0x0000000091400000| Untracked 
| 213|0x0000000091500000, 0x0000000091600000, 0x0000000091600000|100%| O|  |TAMS 0x0000000091500000| PB 0x0000000091500000| Untracked 
| 214|0x0000000091600000, 0x0000000091700000, 0x0000000091700000|100%| O|  |TAMS 0x0000000091600000| PB 0x0000000091600000| Untracked 
| 215|0x0000000091700000, 0x0000000091700000, 0x0000000091800000|  0%| F|  |TAMS 0x0000000091700000| PB 0x0000000091700000| Untracked 
| 216|0x0000000091800000, 0x0000000091800000, 0x0000000091900000|  0%| F|  |TAMS 0x0000000091800000| PB 0x0000000091800000| Untracked 
| 217|0x0000000091900000, 0x0000000091900000, 0x0000000091a00000|  0%| F|  |TAMS 0x0000000091900000| PB 0x0000000091900000| Untracked 
| 218|0x0000000091a00000, 0x0000000091a00000, 0x0000000091b00000|  0%| F|  |TAMS 0x0000000091a00000| PB 0x0000000091a00000| Untracked 
| 219|0x0000000091b00000, 0x0000000091b00000, 0x0000000091c00000|  0%| F|  |TAMS 0x0000000091b00000| PB 0x0000000091b00000| Untracked 
| 220|0x0000000091c00000, 0x0000000091c00000, 0x0000000091d00000|  0%| F|  |TAMS 0x0000000091c00000| PB 0x0000000091c00000| Untracked 
| 221|0x0000000091d00000, 0x0000000091d00000, 0x0000000091e00000|  0%| F|  |TAMS 0x0000000091d00000| PB 0x0000000091d00000| Untracked 
| 222|0x0000000091e00000, 0x0000000091e00000, 0x0000000091f00000|  0%| F|  |TAMS 0x0000000091e00000| PB 0x0000000091e00000| Untracked 
| 223|0x0000000091f00000, 0x0000000092000000, 0x0000000092000000|100%| S|CS|TAMS 0x0000000091f00000| PB 0x0000000091f00000| Complete 
| 224|0x0000000092000000, 0x0000000092100000, 0x0000000092100000|100%| S|CS|TAMS 0x0000000092000000| PB 0x0000000092000000| Complete 
| 225|0x0000000092100000, 0x0000000092200000, 0x0000000092200000|100%| S|CS|TAMS 0x0000000092100000| PB 0x0000000092100000| Complete 
| 226|0x0000000092200000, 0x0000000092300000, 0x0000000092300000|100%| S|CS|TAMS 0x0000000092200000| PB 0x0000000092200000| Complete 
| 227|0x0000000092300000, 0x0000000092400000, 0x0000000092400000|100%| S|CS|TAMS 0x0000000092300000| PB 0x0000000092300000| Complete 
| 228|0x0000000092400000, 0x0000000092500000, 0x0000000092500000|100%| S|CS|TAMS 0x0000000092400000| PB 0x0000000092400000| Complete 
| 229|0x0000000092500000, 0x0000000092600000, 0x0000000092600000|100%| S|CS|TAMS 0x0000000092500000| PB 0x0000000092500000| Complete 
| 230|0x0000000092600000, 0x0000000092700000, 0x0000000092700000|100%| S|CS|TAMS 0x0000000092600000| PB 0x0000000092600000| Complete 
| 231|0x0000000092700000, 0x0000000092800000, 0x0000000092800000|100%| S|CS|TAMS 0x0000000092700000| PB 0x0000000092700000| Complete 
| 232|0x0000000092800000, 0x0000000092900000, 0x0000000092900000|100%| S|CS|TAMS 0x0000000092800000| PB 0x0000000092800000| Complete 
| 233|0x0000000092900000, 0x0000000092a00000, 0x0000000092a00000|100%| S|CS|TAMS 0x0000000092900000| PB 0x0000000092900000| Complete 
| 234|0x0000000092a00000, 0x0000000092a00000, 0x0000000092b00000|  0%| F|  |TAMS 0x0000000092a00000| PB 0x0000000092a00000| Untracked 
| 235|0x0000000092b00000, 0x0000000092b00000, 0x0000000092c00000|  0%| F|  |TAMS 0x0000000092b00000| PB 0x0000000092b00000| Untracked 
| 236|0x0000000092c00000, 0x0000000092c00000, 0x0000000092d00000|  0%| F|  |TAMS 0x0000000092c00000| PB 0x0000000092c00000| Untracked 
| 237|0x0000000092d00000, 0x0000000092d00000, 0x0000000092e00000|  0%| F|  |TAMS 0x0000000092d00000| PB 0x0000000092d00000| Untracked 
| 238|0x0000000092e00000, 0x0000000092e00000, 0x0000000092f00000|  0%| F|  |TAMS 0x0000000092e00000| PB 0x0000000092e00000| Untracked 
| 239|0x0000000092f00000, 0x0000000092f00000, 0x0000000093000000|  0%| F|  |TAMS 0x0000000092f00000| PB 0x0000000092f00000| Untracked 
| 240|0x0000000093000000, 0x0000000093000000, 0x0000000093100000|  0%| F|  |TAMS 0x0000000093000000| PB 0x0000000093000000| Untracked 
| 241|0x0000000093100000, 0x0000000093100000, 0x0000000093200000|  0%| F|  |TAMS 0x0000000093100000| PB 0x0000000093100000| Untracked 
| 242|0x0000000093200000, 0x0000000093200000, 0x0000000093300000|  0%| F|  |TAMS 0x0000000093200000| PB 0x0000000093200000| Untracked 
| 243|0x0000000093300000, 0x0000000093300000, 0x0000000093400000|  0%| F|  |TAMS 0x0000000093300000| PB 0x0000000093300000| Untracked 
| 244|0x0000000093400000, 0x0000000093400000, 0x0000000093500000|  0%| F|  |TAMS 0x0000000093400000| PB 0x0000000093400000| Untracked 
| 245|0x0000000093500000, 0x0000000093500000, 0x0000000093600000|  0%| F|  |TAMS 0x0000000093500000| PB 0x0000000093500000| Untracked 
| 246|0x0000000093600000, 0x0000000093600000, 0x0000000093700000|  0%| F|  |TAMS 0x0000000093600000| PB 0x0000000093600000| Untracked 
| 247|0x0000000093700000, 0x0000000093700000, 0x0000000093800000|  0%| F|  |TAMS 0x0000000093700000| PB 0x0000000093700000| Untracked 
| 248|0x0000000093800000, 0x0000000093800000, 0x0000000093900000|  0%| F|  |TAMS 0x0000000093800000| PB 0x0000000093800000| Untracked 
| 249|0x0000000093900000, 0x0000000093900000, 0x0000000093a00000|  0%| F|  |TAMS 0x0000000093900000| PB 0x0000000093900000| Untracked 
| 250|0x0000000093a00000, 0x0000000093a00000, 0x0000000093b00000|  0%| F|  |TAMS 0x0000000093a00000| PB 0x0000000093a00000| Untracked 
| 251|0x0000000093b00000, 0x0000000093b00000, 0x0000000093c00000|  0%| F|  |TAMS 0x0000000093b00000| PB 0x0000000093b00000| Untracked 
| 252|0x0000000093c00000, 0x0000000093c00000, 0x0000000093d00000|  0%| F|  |TAMS 0x0000000093c00000| PB 0x0000000093c00000| Untracked 
| 253|0x0000000093d00000, 0x0000000093d00000, 0x0000000093e00000|  0%| F|  |TAMS 0x0000000093d00000| PB 0x0000000093d00000| Untracked 
| 254|0x0000000093e00000, 0x0000000093e00000, 0x0000000093f00000|  0%| F|  |TAMS 0x0000000093e00000| PB 0x0000000093e00000| Untracked 
| 255|0x0000000093f00000, 0x0000000093f00000, 0x0000000094000000|  0%| F|  |TAMS 0x0000000093f00000| PB 0x0000000093f00000| Untracked 
| 256|0x0000000094000000, 0x0000000094000000, 0x0000000094100000|  0%| F|  |TAMS 0x0000000094000000| PB 0x0000000094000000| Untracked 
| 257|0x0000000094100000, 0x0000000094100000, 0x0000000094200000|  0%| F|  |TAMS 0x0000000094100000| PB 0x0000000094100000| Untracked 
| 258|0x0000000094200000, 0x0000000094200000, 0x0000000094300000|  0%| F|  |TAMS 0x0000000094200000| PB 0x0000000094200000| Untracked 
| 259|0x0000000094300000, 0x0000000094300000, 0x0000000094400000|  0%| F|  |TAMS 0x0000000094300000| PB 0x0000000094300000| Untracked 
| 260|0x0000000094400000, 0x0000000094400000, 0x0000000094500000|  0%| F|  |TAMS 0x0000000094400000| PB 0x0000000094400000| Untracked 
| 261|0x0000000094500000, 0x0000000094500000, 0x0000000094600000|  0%| F|  |TAMS 0x0000000094500000| PB 0x0000000094500000| Untracked 
| 262|0x0000000094600000, 0x0000000094600000, 0x0000000094700000|  0%| F|  |TAMS 0x0000000094600000| PB 0x0000000094600000| Untracked 
| 263|0x0000000094700000, 0x0000000094700000, 0x0000000094800000|  0%| F|  |TAMS 0x0000000094700000| PB 0x0000000094700000| Untracked 
| 264|0x0000000094800000, 0x0000000094800000, 0x0000000094900000|  0%| F|  |TAMS 0x0000000094800000| PB 0x0000000094800000| Untracked 
| 265|0x0000000094900000, 0x0000000094900000, 0x0000000094a00000|  0%| F|  |TAMS 0x0000000094900000| PB 0x0000000094900000| Untracked 
| 266|0x0000000094a00000, 0x0000000094a00000, 0x0000000094b00000|  0%| F|  |TAMS 0x0000000094a00000| PB 0x0000000094a00000| Untracked 
| 267|0x0000000094b00000, 0x0000000094b00000, 0x0000000094c00000|  0%| F|  |TAMS 0x0000000094b00000| PB 0x0000000094b00000| Untracked 
| 268|0x0000000094c00000, 0x0000000094c00000, 0x0000000094d00000|  0%| F|  |TAMS 0x0000000094c00000| PB 0x0000000094c00000| Untracked 
| 269|0x0000000094d00000, 0x0000000094d00000, 0x0000000094e00000|  0%| F|  |TAMS 0x0000000094d00000| PB 0x0000000094d00000| Untracked 
| 270|0x0000000094e00000, 0x0000000094e00000, 0x0000000094f00000|  0%| F|  |TAMS 0x0000000094e00000| PB 0x0000000094e00000| Untracked 
| 271|0x0000000094f00000, 0x0000000094f00000, 0x0000000095000000|  0%| F|  |TAMS 0x0000000094f00000| PB 0x0000000094f00000| Untracked 
| 272|0x0000000095000000, 0x0000000095000000, 0x0000000095100000|  0%| F|  |TAMS 0x0000000095000000| PB 0x0000000095000000| Untracked 
| 273|0x0000000095100000, 0x0000000095100000, 0x0000000095200000|  0%| F|  |TAMS 0x0000000095100000| PB 0x0000000095100000| Untracked 
| 274|0x0000000095200000, 0x0000000095200000, 0x0000000095300000|  0%| F|  |TAMS 0x0000000095200000| PB 0x0000000095200000| Untracked 
| 275|0x0000000095300000, 0x0000000095300000, 0x0000000095400000|  0%| F|  |TAMS 0x0000000095300000| PB 0x0000000095300000| Untracked 
| 276|0x0000000095400000, 0x0000000095400000, 0x0000000095500000|  0%| F|  |TAMS 0x0000000095400000| PB 0x0000000095400000| Untracked 
| 277|0x0000000095500000, 0x0000000095500000, 0x0000000095600000|  0%| F|  |TAMS 0x0000000095500000| PB 0x0000000095500000| Untracked 
| 278|0x0000000095600000, 0x0000000095600000, 0x0000000095700000|  0%| F|  |TAMS 0x0000000095600000| PB 0x0000000095600000| Untracked 
| 279|0x0000000095700000, 0x0000000095700000, 0x0000000095800000|  0%| F|  |TAMS 0x0000000095700000| PB 0x0000000095700000| Untracked 
| 280|0x0000000095800000, 0x0000000095800000, 0x0000000095900000|  0%| F|  |TAMS 0x0000000095800000| PB 0x0000000095800000| Untracked 
| 281|0x0000000095900000, 0x0000000095900000, 0x0000000095a00000|  0%| F|  |TAMS 0x0000000095900000| PB 0x0000000095900000| Untracked 
| 282|0x0000000095a00000, 0x0000000095a00000, 0x0000000095b00000|  0%| F|  |TAMS 0x0000000095a00000| PB 0x0000000095a00000| Untracked 
| 283|0x0000000095b00000, 0x0000000095b00000, 0x0000000095c00000|  0%| F|  |TAMS 0x0000000095b00000| PB 0x0000000095b00000| Untracked 
| 284|0x0000000095c00000, 0x0000000095c00000, 0x0000000095d00000|  0%| F|  |TAMS 0x0000000095c00000| PB 0x0000000095c00000| Untracked 
| 285|0x0000000095d00000, 0x0000000095d00000, 0x0000000095e00000|  0%| F|  |TAMS 0x0000000095d00000| PB 0x0000000095d00000| Untracked 
| 286|0x0000000095e00000, 0x0000000095e00000, 0x0000000095f00000|  0%| F|  |TAMS 0x0000000095e00000| PB 0x0000000095e00000| Untracked 
| 287|0x0000000095f00000, 0x0000000095f00000, 0x0000000096000000|  0%| F|  |TAMS 0x0000000095f00000| PB 0x0000000095f00000| Untracked 
| 288|0x0000000096000000, 0x0000000096000000, 0x0000000096100000|  0%| F|  |TAMS 0x0000000096000000| PB 0x0000000096000000| Untracked 
| 289|0x0000000096100000, 0x0000000096100000, 0x0000000096200000|  0%| F|  |TAMS 0x0000000096100000| PB 0x0000000096100000| Untracked 
| 290|0x0000000096200000, 0x0000000096200000, 0x0000000096300000|  0%| F|  |TAMS 0x0000000096200000| PB 0x0000000096200000| Untracked 
| 291|0x0000000096300000, 0x0000000096300000, 0x0000000096400000|  0%| F|  |TAMS 0x0000000096300000| PB 0x0000000096300000| Untracked 
| 292|0x0000000096400000, 0x0000000096400000, 0x0000000096500000|  0%| F|  |TAMS 0x0000000096400000| PB 0x0000000096400000| Untracked 
| 293|0x0000000096500000, 0x0000000096500000, 0x0000000096600000|  0%| F|  |TAMS 0x0000000096500000| PB 0x0000000096500000| Untracked 
| 294|0x0000000096600000, 0x0000000096600000, 0x0000000096700000|  0%| F|  |TAMS 0x0000000096600000| PB 0x0000000096600000| Untracked 
| 295|0x0000000096700000, 0x0000000096700000, 0x0000000096800000|  0%| F|  |TAMS 0x0000000096700000| PB 0x0000000096700000| Untracked 
| 296|0x0000000096800000, 0x0000000096800000, 0x0000000096900000|  0%| F|  |TAMS 0x0000000096800000| PB 0x0000000096800000| Untracked 
| 297|0x0000000096900000, 0x0000000096900000, 0x0000000096a00000|  0%| F|  |TAMS 0x0000000096900000| PB 0x0000000096900000| Untracked 
| 298|0x0000000096a00000, 0x0000000096a00000, 0x0000000096b00000|  0%| F|  |TAMS 0x0000000096a00000| PB 0x0000000096a00000| Untracked 
| 299|0x0000000096b00000, 0x0000000096b00000, 0x0000000096c00000|  0%| F|  |TAMS 0x0000000096b00000| PB 0x0000000096b00000| Untracked 
| 300|0x0000000096c00000, 0x0000000096c00000, 0x0000000096d00000|  0%| F|  |TAMS 0x0000000096c00000| PB 0x0000000096c00000| Untracked 
| 301|0x0000000096d00000, 0x0000000096d00000, 0x0000000096e00000|  0%| F|  |TAMS 0x0000000096d00000| PB 0x0000000096d00000| Untracked 
| 302|0x0000000096e00000, 0x0000000096e00000, 0x0000000096f00000|  0%| F|  |TAMS 0x0000000096e00000| PB 0x0000000096e00000| Untracked 
| 303|0x0000000096f00000, 0x0000000096f00000, 0x0000000097000000|  0%| F|  |TAMS 0x0000000096f00000| PB 0x0000000096f00000| Untracked 
| 304|0x0000000097000000, 0x0000000097000000, 0x0000000097100000|  0%| F|  |TAMS 0x0000000097000000| PB 0x0000000097000000| Untracked 
| 305|0x0000000097100000, 0x0000000097100000, 0x0000000097200000|  0%| F|  |TAMS 0x0000000097100000| PB 0x0000000097100000| Untracked 
| 306|0x0000000097200000, 0x0000000097200000, 0x0000000097300000|  0%| F|  |TAMS 0x0000000097200000| PB 0x0000000097200000| Untracked 
| 307|0x0000000097300000, 0x0000000097300000, 0x0000000097400000|  0%| F|  |TAMS 0x0000000097300000| PB 0x0000000097300000| Untracked 
| 308|0x0000000097400000, 0x0000000097400000, 0x0000000097500000|  0%| F|  |TAMS 0x0000000097400000| PB 0x0000000097400000| Untracked 
| 309|0x0000000097500000, 0x0000000097500000, 0x0000000097600000|  0%| F|  |TAMS 0x0000000097500000| PB 0x0000000097500000| Untracked 
| 310|0x0000000097600000, 0x0000000097600000, 0x0000000097700000|  0%| F|  |TAMS 0x0000000097600000| PB 0x0000000097600000| Untracked 
| 311|0x0000000097700000, 0x0000000097700000, 0x0000000097800000|  0%| F|  |TAMS 0x0000000097700000| PB 0x0000000097700000| Untracked 
| 312|0x0000000097800000, 0x0000000097800000, 0x0000000097900000|  0%| F|  |TAMS 0x0000000097800000| PB 0x0000000097800000| Untracked 
| 313|0x0000000097900000, 0x0000000097900000, 0x0000000097a00000|  0%| F|  |TAMS 0x0000000097900000| PB 0x0000000097900000| Untracked 
| 314|0x0000000097a00000, 0x0000000097a00000, 0x0000000097b00000|  0%| F|  |TAMS 0x0000000097a00000| PB 0x0000000097a00000| Untracked 
| 315|0x0000000097b00000, 0x0000000097b00000, 0x0000000097c00000|  0%| F|  |TAMS 0x0000000097b00000| PB 0x0000000097b00000| Untracked 
| 316|0x0000000097c00000, 0x0000000097c00000, 0x0000000097d00000|  0%| F|  |TAMS 0x0000000097c00000| PB 0x0000000097c00000| Untracked 
| 317|0x0000000097d00000, 0x0000000097d00000, 0x0000000097e00000|  0%| F|  |TAMS 0x0000000097d00000| PB 0x0000000097d00000| Untracked 
| 318|0x0000000097e00000, 0x0000000097e00000, 0x0000000097f00000|  0%| F|  |TAMS 0x0000000097e00000| PB 0x0000000097e00000| Untracked 
| 319|0x0000000097f00000, 0x0000000097f00000, 0x0000000098000000|  0%| F|  |TAMS 0x0000000097f00000| PB 0x0000000097f00000| Untracked 
| 320|0x0000000098000000, 0x0000000098000000, 0x0000000098100000|  0%| F|  |TAMS 0x0000000098000000| PB 0x0000000098000000| Untracked 
| 321|0x0000000098100000, 0x0000000098100000, 0x0000000098200000|  0%| F|  |TAMS 0x0000000098100000| PB 0x0000000098100000| Untracked 
| 322|0x0000000098200000, 0x0000000098200000, 0x0000000098300000|  0%| F|  |TAMS 0x0000000098200000| PB 0x0000000098200000| Untracked 
| 323|0x0000000098300000, 0x0000000098300000, 0x0000000098400000|  0%| F|  |TAMS 0x0000000098300000| PB 0x0000000098300000| Untracked 
| 324|0x0000000098400000, 0x0000000098400000, 0x0000000098500000|  0%| F|  |TAMS 0x0000000098400000| PB 0x0000000098400000| Untracked 
| 325|0x0000000098500000, 0x0000000098500000, 0x0000000098600000|  0%| F|  |TAMS 0x0000000098500000| PB 0x0000000098500000| Untracked 
| 326|0x0000000098600000, 0x0000000098600000, 0x0000000098700000|  0%| F|  |TAMS 0x0000000098600000| PB 0x0000000098600000| Untracked 
| 327|0x0000000098700000, 0x0000000098700000, 0x0000000098800000|  0%| F|  |TAMS 0x0000000098700000| PB 0x0000000098700000| Untracked 
| 328|0x0000000098800000, 0x0000000098800000, 0x0000000098900000|  0%| F|  |TAMS 0x0000000098800000| PB 0x0000000098800000| Untracked 
| 329|0x0000000098900000, 0x0000000098900000, 0x0000000098a00000|  0%| F|  |TAMS 0x0000000098900000| PB 0x0000000098900000| Untracked 
| 330|0x0000000098a00000, 0x0000000098a00000, 0x0000000098b00000|  0%| F|  |TAMS 0x0000000098a00000| PB 0x0000000098a00000| Untracked 
| 331|0x0000000098b00000, 0x0000000098b00000, 0x0000000098c00000|  0%| F|  |TAMS 0x0000000098b00000| PB 0x0000000098b00000| Untracked 
| 332|0x0000000098c00000, 0x0000000098c00000, 0x0000000098d00000|  0%| F|  |TAMS 0x0000000098c00000| PB 0x0000000098c00000| Untracked 
| 333|0x0000000098d00000, 0x0000000098d00000, 0x0000000098e00000|  0%| F|  |TAMS 0x0000000098d00000| PB 0x0000000098d00000| Untracked 
| 334|0x0000000098e00000, 0x0000000098e00000, 0x0000000098f00000|  0%| F|  |TAMS 0x0000000098e00000| PB 0x0000000098e00000| Untracked 
| 335|0x0000000098f00000, 0x0000000098f00000, 0x0000000099000000|  0%| F|  |TAMS 0x0000000098f00000| PB 0x0000000098f00000| Untracked 
| 336|0x0000000099000000, 0x0000000099000000, 0x0000000099100000|  0%| F|  |TAMS 0x0000000099000000| PB 0x0000000099000000| Untracked 
| 337|0x0000000099100000, 0x0000000099100000, 0x0000000099200000|  0%| F|  |TAMS 0x0000000099100000| PB 0x0000000099100000| Untracked 
| 338|0x0000000099200000, 0x0000000099200000, 0x0000000099300000|  0%| F|  |TAMS 0x0000000099200000| PB 0x0000000099200000| Untracked 
| 339|0x0000000099300000, 0x0000000099300000, 0x0000000099400000|  0%| F|  |TAMS 0x0000000099300000| PB 0x0000000099300000| Untracked 
| 340|0x0000000099400000, 0x0000000099400000, 0x0000000099500000|  0%| F|  |TAMS 0x0000000099400000| PB 0x0000000099400000| Untracked 
| 341|0x0000000099500000, 0x0000000099500000, 0x0000000099600000|  0%| F|  |TAMS 0x0000000099500000| PB 0x0000000099500000| Untracked 
| 342|0x0000000099600000, 0x0000000099600000, 0x0000000099700000|  0%| F|  |TAMS 0x0000000099600000| PB 0x0000000099600000| Untracked 
| 343|0x0000000099700000, 0x0000000099700000, 0x0000000099800000|  0%| F|  |TAMS 0x0000000099700000| PB 0x0000000099700000| Untracked 
| 344|0x0000000099800000, 0x0000000099800000, 0x0000000099900000|  0%| F|  |TAMS 0x0000000099800000| PB 0x0000000099800000| Untracked 
| 345|0x0000000099900000, 0x0000000099900000, 0x0000000099a00000|  0%| F|  |TAMS 0x0000000099900000| PB 0x0000000099900000| Untracked 
| 346|0x0000000099a00000, 0x0000000099a00000, 0x0000000099b00000|  0%| F|  |TAMS 0x0000000099a00000| PB 0x0000000099a00000| Untracked 
| 347|0x0000000099b00000, 0x0000000099b00000, 0x0000000099c00000|  0%| F|  |TAMS 0x0000000099b00000| PB 0x0000000099b00000| Untracked 
| 348|0x0000000099c00000, 0x0000000099c00000, 0x0000000099d00000|  0%| F|  |TAMS 0x0000000099c00000| PB 0x0000000099c00000| Untracked 
| 349|0x0000000099d00000, 0x0000000099d00000, 0x0000000099e00000|  0%| F|  |TAMS 0x0000000099d00000| PB 0x0000000099d00000| Untracked 
| 350|0x0000000099e00000, 0x0000000099e00000, 0x0000000099f00000|  0%| F|  |TAMS 0x0000000099e00000| PB 0x0000000099e00000| Untracked 
| 351|0x0000000099f00000, 0x0000000099f00000, 0x000000009a000000|  0%| F|  |TAMS 0x0000000099f00000| PB 0x0000000099f00000| Untracked 
| 352|0x000000009a000000, 0x000000009a000000, 0x000000009a100000|  0%| F|  |TAMS 0x000000009a000000| PB 0x000000009a000000| Untracked 
| 353|0x000000009a100000, 0x000000009a100000, 0x000000009a200000|  0%| F|  |TAMS 0x000000009a100000| PB 0x000000009a100000| Untracked 
| 354|0x000000009a200000, 0x000000009a200000, 0x000000009a300000|  0%| F|  |TAMS 0x000000009a200000| PB 0x000000009a200000| Untracked 
| 355|0x000000009a300000, 0x000000009a300000, 0x000000009a400000|  0%| F|  |TAMS 0x000000009a300000| PB 0x000000009a300000| Untracked 
| 356|0x000000009a400000, 0x000000009a400000, 0x000000009a500000|  0%| F|  |TAMS 0x000000009a400000| PB 0x000000009a400000| Untracked 
| 357|0x000000009a500000, 0x000000009a500000, 0x000000009a600000|  0%| F|  |TAMS 0x000000009a500000| PB 0x000000009a500000| Untracked 
| 358|0x000000009a600000, 0x000000009a600000, 0x000000009a700000|  0%| F|  |TAMS 0x000000009a600000| PB 0x000000009a600000| Untracked 
| 359|0x000000009a700000, 0x000000009a700000, 0x000000009a800000|  0%| F|  |TAMS 0x000000009a700000| PB 0x000000009a700000| Untracked 
| 360|0x000000009a800000, 0x000000009a800000, 0x000000009a900000|  0%| F|  |TAMS 0x000000009a800000| PB 0x000000009a800000| Untracked 
| 361|0x000000009a900000, 0x000000009a900000, 0x000000009aa00000|  0%| F|  |TAMS 0x000000009a900000| PB 0x000000009a900000| Untracked 
| 362|0x000000009aa00000, 0x000000009aa00000, 0x000000009ab00000|  0%| F|  |TAMS 0x000000009aa00000| PB 0x000000009aa00000| Untracked 
| 363|0x000000009ab00000, 0x000000009ab00000, 0x000000009ac00000|  0%| F|  |TAMS 0x000000009ab00000| PB 0x000000009ab00000| Untracked 
| 364|0x000000009ac00000, 0x000000009ac00000, 0x000000009ad00000|  0%| F|  |TAMS 0x000000009ac00000| PB 0x000000009ac00000| Untracked 
| 365|0x000000009ad00000, 0x000000009ad00000, 0x000000009ae00000|  0%| F|  |TAMS 0x000000009ad00000| PB 0x000000009ad00000| Untracked 
| 366|0x000000009ae00000, 0x000000009ae00000, 0x000000009af00000|  0%| F|  |TAMS 0x000000009ae00000| PB 0x000000009ae00000| Untracked 
| 367|0x000000009af00000, 0x000000009af00000, 0x000000009b000000|  0%| F|  |TAMS 0x000000009af00000| PB 0x000000009af00000| Untracked 
| 368|0x000000009b000000, 0x000000009b000000, 0x000000009b100000|  0%| F|  |TAMS 0x000000009b000000| PB 0x000000009b000000| Untracked 
| 369|0x000000009b100000, 0x000000009b100000, 0x000000009b200000|  0%| F|  |TAMS 0x000000009b100000| PB 0x000000009b100000| Untracked 
| 370|0x000000009b200000, 0x000000009b200000, 0x000000009b300000|  0%| F|  |TAMS 0x000000009b200000| PB 0x000000009b200000| Untracked 
| 371|0x000000009b300000, 0x000000009b300000, 0x000000009b400000|  0%| F|  |TAMS 0x000000009b300000| PB 0x000000009b300000| Untracked 
| 372|0x000000009b400000, 0x000000009b400000, 0x000000009b500000|  0%| F|  |TAMS 0x000000009b400000| PB 0x000000009b400000| Untracked 
| 373|0x000000009b500000, 0x000000009b500000, 0x000000009b600000|  0%| F|  |TAMS 0x000000009b500000| PB 0x000000009b500000| Untracked 
| 374|0x000000009b600000, 0x000000009b600000, 0x000000009b700000|  0%| F|  |TAMS 0x000000009b600000| PB 0x000000009b600000| Untracked 
| 375|0x000000009b700000, 0x000000009b700000, 0x000000009b800000|  0%| F|  |TAMS 0x000000009b700000| PB 0x000000009b700000| Untracked 
| 376|0x000000009b800000, 0x000000009b800000, 0x000000009b900000|  0%| F|  |TAMS 0x000000009b800000| PB 0x000000009b800000| Untracked 
| 377|0x000000009b900000, 0x000000009b900000, 0x000000009ba00000|  0%| F|  |TAMS 0x000000009b900000| PB 0x000000009b900000| Untracked 
| 378|0x000000009ba00000, 0x000000009ba00000, 0x000000009bb00000|  0%| F|  |TAMS 0x000000009ba00000| PB 0x000000009ba00000| Untracked 
| 379|0x000000009bb00000, 0x000000009bb00000, 0x000000009bc00000|  0%| F|  |TAMS 0x000000009bb00000| PB 0x000000009bb00000| Untracked 
| 380|0x000000009bc00000, 0x000000009bc00000, 0x000000009bd00000|  0%| F|  |TAMS 0x000000009bc00000| PB 0x000000009bc00000| Untracked 
| 381|0x000000009bd00000, 0x000000009bd00000, 0x000000009be00000|  0%| F|  |TAMS 0x000000009bd00000| PB 0x000000009bd00000| Untracked 
| 382|0x000000009be00000, 0x000000009be00000, 0x000000009bf00000|  0%| F|  |TAMS 0x000000009be00000| PB 0x000000009be00000| Untracked 
| 383|0x000000009bf00000, 0x000000009bf00000, 0x000000009c000000|  0%| F|  |TAMS 0x000000009bf00000| PB 0x000000009bf00000| Untracked 
| 384|0x000000009c000000, 0x000000009c000000, 0x000000009c100000|  0%| F|  |TAMS 0x000000009c000000| PB 0x000000009c000000| Untracked 
| 385|0x000000009c100000, 0x000000009c100000, 0x000000009c200000|  0%| F|  |TAMS 0x000000009c100000| PB 0x000000009c100000| Untracked 
| 386|0x000000009c200000, 0x000000009c200000, 0x000000009c300000|  0%| F|  |TAMS 0x000000009c200000| PB 0x000000009c200000| Untracked 
| 387|0x000000009c300000, 0x000000009c300000, 0x000000009c400000|  0%| F|  |TAMS 0x000000009c300000| PB 0x000000009c300000| Untracked 
| 388|0x000000009c400000, 0x000000009c400000, 0x000000009c500000|  0%| F|  |TAMS 0x000000009c400000| PB 0x000000009c400000| Untracked 
| 389|0x000000009c500000, 0x000000009c500000, 0x000000009c600000|  0%| F|  |TAMS 0x000000009c500000| PB 0x000000009c500000| Untracked 
| 390|0x000000009c600000, 0x000000009c600000, 0x000000009c700000|  0%| F|  |TAMS 0x000000009c600000| PB 0x000000009c600000| Untracked 
| 391|0x000000009c700000, 0x000000009c700000, 0x000000009c800000|  0%| F|  |TAMS 0x000000009c700000| PB 0x000000009c700000| Untracked 
| 392|0x000000009c800000, 0x000000009c800000, 0x000000009c900000|  0%| F|  |TAMS 0x000000009c800000| PB 0x000000009c800000| Untracked 
| 393|0x000000009c900000, 0x000000009c900000, 0x000000009ca00000|  0%| F|  |TAMS 0x000000009c900000| PB 0x000000009c900000| Untracked 
| 394|0x000000009ca00000, 0x000000009ca00000, 0x000000009cb00000|  0%| F|  |TAMS 0x000000009ca00000| PB 0x000000009ca00000| Untracked 
| 395|0x000000009cb00000, 0x000000009cb00000, 0x000000009cc00000|  0%| F|  |TAMS 0x000000009cb00000| PB 0x000000009cb00000| Untracked 
| 396|0x000000009cc00000, 0x000000009cc00000, 0x000000009cd00000|  0%| F|  |TAMS 0x000000009cc00000| PB 0x000000009cc00000| Untracked 
| 397|0x000000009cd00000, 0x000000009cd00000, 0x000000009ce00000|  0%| F|  |TAMS 0x000000009cd00000| PB 0x000000009cd00000| Untracked 
| 398|0x000000009ce00000, 0x000000009ce00000, 0x000000009cf00000|  0%| F|  |TAMS 0x000000009ce00000| PB 0x000000009ce00000| Untracked 
| 399|0x000000009cf00000, 0x000000009cf00000, 0x000000009d000000|  0%| F|  |TAMS 0x000000009cf00000| PB 0x000000009cf00000| Untracked 
| 400|0x000000009d000000, 0x000000009d000000, 0x000000009d100000|  0%| F|  |TAMS 0x000000009d000000| PB 0x000000009d000000| Untracked 
| 401|0x000000009d100000, 0x000000009d100000, 0x000000009d200000|  0%| F|  |TAMS 0x000000009d100000| PB 0x000000009d100000| Untracked 
| 402|0x000000009d200000, 0x000000009d200000, 0x000000009d300000|  0%| F|  |TAMS 0x000000009d200000| PB 0x000000009d200000| Untracked 
| 403|0x000000009d300000, 0x000000009d300000, 0x000000009d400000|  0%| F|  |TAMS 0x000000009d300000| PB 0x000000009d300000| Untracked 
| 404|0x000000009d400000, 0x000000009d400000, 0x000000009d500000|  0%| F|  |TAMS 0x000000009d400000| PB 0x000000009d400000| Untracked 
| 405|0x000000009d500000, 0x000000009d500000, 0x000000009d600000|  0%| F|  |TAMS 0x000000009d500000| PB 0x000000009d500000| Untracked 
| 406|0x000000009d600000, 0x000000009d600000, 0x000000009d700000|  0%| F|  |TAMS 0x000000009d600000| PB 0x000000009d600000| Untracked 
| 407|0x000000009d700000, 0x000000009d700000, 0x000000009d800000|  0%| F|  |TAMS 0x000000009d700000| PB 0x000000009d700000| Untracked 
| 408|0x000000009d800000, 0x000000009d800000, 0x000000009d900000|  0%| F|  |TAMS 0x000000009d800000| PB 0x000000009d800000| Untracked 
| 409|0x000000009d900000, 0x000000009d900000, 0x000000009da00000|  0%| F|  |TAMS 0x000000009d900000| PB 0x000000009d900000| Untracked 
| 410|0x000000009da00000, 0x000000009da00000, 0x000000009db00000|  0%| F|  |TAMS 0x000000009da00000| PB 0x000000009da00000| Untracked 
| 411|0x000000009db00000, 0x000000009db00000, 0x000000009dc00000|  0%| F|  |TAMS 0x000000009db00000| PB 0x000000009db00000| Untracked 
| 412|0x000000009dc00000, 0x000000009dc00000, 0x000000009dd00000|  0%| F|  |TAMS 0x000000009dc00000| PB 0x000000009dc00000| Untracked 
| 413|0x000000009dd00000, 0x000000009dd00000, 0x000000009de00000|  0%| F|  |TAMS 0x000000009dd00000| PB 0x000000009dd00000| Untracked 
| 414|0x000000009de00000, 0x000000009de00000, 0x000000009df00000|  0%| F|  |TAMS 0x000000009de00000| PB 0x000000009de00000| Untracked 
| 415|0x000000009df00000, 0x000000009df00000, 0x000000009e000000|  0%| F|  |TAMS 0x000000009df00000| PB 0x000000009df00000| Untracked 
| 416|0x000000009e000000, 0x000000009e000000, 0x000000009e100000|  0%| F|  |TAMS 0x000000009e000000| PB 0x000000009e000000| Untracked 
| 417|0x000000009e100000, 0x000000009e100000, 0x000000009e200000|  0%| F|  |TAMS 0x000000009e100000| PB 0x000000009e100000| Untracked 
| 418|0x000000009e200000, 0x000000009e200000, 0x000000009e300000|  0%| F|  |TAMS 0x000000009e200000| PB 0x000000009e200000| Untracked 
| 419|0x000000009e300000, 0x000000009e300000, 0x000000009e400000|  0%| F|  |TAMS 0x000000009e300000| PB 0x000000009e300000| Untracked 
| 420|0x000000009e400000, 0x000000009e400000, 0x000000009e500000|  0%| F|  |TAMS 0x000000009e400000| PB 0x000000009e400000| Untracked 
| 421|0x000000009e500000, 0x000000009e500000, 0x000000009e600000|  0%| F|  |TAMS 0x000000009e500000| PB 0x000000009e500000| Untracked 
| 422|0x000000009e600000, 0x000000009e600000, 0x000000009e700000|  0%| F|  |TAMS 0x000000009e600000| PB 0x000000009e600000| Untracked 
| 423|0x000000009e700000, 0x000000009e700000, 0x000000009e800000|  0%| F|  |TAMS 0x000000009e700000| PB 0x000000009e700000| Untracked 
| 424|0x000000009e800000, 0x000000009e800000, 0x000000009e900000|  0%| F|  |TAMS 0x000000009e800000| PB 0x000000009e800000| Untracked 
| 425|0x000000009e900000, 0x000000009e900000, 0x000000009ea00000|  0%| F|  |TAMS 0x000000009e900000| PB 0x000000009e900000| Untracked 
| 426|0x000000009ea00000, 0x000000009ea00000, 0x000000009eb00000|  0%| F|  |TAMS 0x000000009ea00000| PB 0x000000009ea00000| Untracked 
| 427|0x000000009eb00000, 0x000000009eb00000, 0x000000009ec00000|  0%| F|  |TAMS 0x000000009eb00000| PB 0x000000009eb00000| Untracked 
| 428|0x000000009ec00000, 0x000000009ec00000, 0x000000009ed00000|  0%| F|  |TAMS 0x000000009ec00000| PB 0x000000009ec00000| Untracked 
| 429|0x000000009ed00000, 0x000000009ed00000, 0x000000009ee00000|  0%| F|  |TAMS 0x000000009ed00000| PB 0x000000009ed00000| Untracked 
| 430|0x000000009ee00000, 0x000000009ee00000, 0x000000009ef00000|  0%| F|  |TAMS 0x000000009ee00000| PB 0x000000009ee00000| Untracked 
| 431|0x000000009ef00000, 0x000000009ef00000, 0x000000009f000000|  0%| F|  |TAMS 0x000000009ef00000| PB 0x000000009ef00000| Untracked 
| 432|0x000000009f000000, 0x000000009f000000, 0x000000009f100000|  0%| F|  |TAMS 0x000000009f000000| PB 0x000000009f000000| Untracked 
| 433|0x000000009f100000, 0x000000009f100000, 0x000000009f200000|  0%| F|  |TAMS 0x000000009f100000| PB 0x000000009f100000| Untracked 
| 434|0x000000009f200000, 0x000000009f200000, 0x000000009f300000|  0%| F|  |TAMS 0x000000009f200000| PB 0x000000009f200000| Untracked 
| 435|0x000000009f300000, 0x000000009f300000, 0x000000009f400000|  0%| F|  |TAMS 0x000000009f300000| PB 0x000000009f300000| Untracked 
| 436|0x000000009f400000, 0x000000009f400000, 0x000000009f500000|  0%| F|  |TAMS 0x000000009f400000| PB 0x000000009f400000| Untracked 
| 437|0x000000009f500000, 0x000000009f500000, 0x000000009f600000|  0%| F|  |TAMS 0x000000009f500000| PB 0x000000009f500000| Untracked 
| 438|0x000000009f600000, 0x000000009f600000, 0x000000009f700000|  0%| F|  |TAMS 0x000000009f600000| PB 0x000000009f600000| Untracked 
| 439|0x000000009f700000, 0x000000009f700000, 0x000000009f800000|  0%| F|  |TAMS 0x000000009f700000| PB 0x000000009f700000| Untracked 
| 440|0x000000009f800000, 0x000000009f800000, 0x000000009f900000|  0%| F|  |TAMS 0x000000009f800000| PB 0x000000009f800000| Untracked 
| 441|0x000000009f900000, 0x000000009f900000, 0x000000009fa00000|  0%| F|  |TAMS 0x000000009f900000| PB 0x000000009f900000| Untracked 
| 442|0x000000009fa00000, 0x000000009fa00000, 0x000000009fb00000|  0%| F|  |TAMS 0x000000009fa00000| PB 0x000000009fa00000| Untracked 
| 443|0x000000009fb00000, 0x000000009fb00000, 0x000000009fc00000|  0%| F|  |TAMS 0x000000009fb00000| PB 0x000000009fb00000| Untracked 
| 444|0x000000009fc00000, 0x000000009fc00000, 0x000000009fd00000|  0%| F|  |TAMS 0x000000009fc00000| PB 0x000000009fc00000| Untracked 
| 445|0x000000009fd00000, 0x000000009fd00000, 0x000000009fe00000|  0%| F|  |TAMS 0x000000009fd00000| PB 0x000000009fd00000| Untracked 
| 446|0x000000009fe00000, 0x000000009fe00000, 0x000000009ff00000|  0%| F|  |TAMS 0x000000009fe00000| PB 0x000000009fe00000| Untracked 
| 447|0x000000009ff00000, 0x000000009ff00000, 0x00000000a0000000|  0%| F|  |TAMS 0x000000009ff00000| PB 0x000000009ff00000| Untracked 
| 448|0x00000000a0000000, 0x00000000a0000000, 0x00000000a0100000|  0%| F|  |TAMS 0x00000000a0000000| PB 0x00000000a0000000| Untracked 
| 449|0x00000000a0100000, 0x00000000a0100000, 0x00000000a0200000|  0%| F|  |TAMS 0x00000000a0100000| PB 0x00000000a0100000| Untracked 
| 450|0x00000000a0200000, 0x00000000a0200000, 0x00000000a0300000|  0%| F|  |TAMS 0x00000000a0200000| PB 0x00000000a0200000| Untracked 
| 451|0x00000000a0300000, 0x00000000a0300000, 0x00000000a0400000|  0%| F|  |TAMS 0x00000000a0300000| PB 0x00000000a0300000| Untracked 
| 452|0x00000000a0400000, 0x00000000a0400000, 0x00000000a0500000|  0%| F|  |TAMS 0x00000000a0400000| PB 0x00000000a0400000| Untracked 
| 453|0x00000000a0500000, 0x00000000a0500000, 0x00000000a0600000|  0%| F|  |TAMS 0x00000000a0500000| PB 0x00000000a0500000| Untracked 
| 454|0x00000000a0600000, 0x00000000a0600000, 0x00000000a0700000|  0%| F|  |TAMS 0x00000000a0600000| PB 0x00000000a0600000| Untracked 
| 455|0x00000000a0700000, 0x00000000a0700000, 0x00000000a0800000|  0%| F|  |TAMS 0x00000000a0700000| PB 0x00000000a0700000| Untracked 
| 456|0x00000000a0800000, 0x00000000a0800000, 0x00000000a0900000|  0%| F|  |TAMS 0x00000000a0800000| PB 0x00000000a0800000| Untracked 
| 457|0x00000000a0900000, 0x00000000a0900000, 0x00000000a0a00000|  0%| F|  |TAMS 0x00000000a0900000| PB 0x00000000a0900000| Untracked 
| 458|0x00000000a0a00000, 0x00000000a0a00000, 0x00000000a0b00000|  0%| F|  |TAMS 0x00000000a0a00000| PB 0x00000000a0a00000| Untracked 
| 459|0x00000000a0b00000, 0x00000000a0b00000, 0x00000000a0c00000|  0%| F|  |TAMS 0x00000000a0b00000| PB 0x00000000a0b00000| Untracked 
| 460|0x00000000a0c00000, 0x00000000a0c00000, 0x00000000a0d00000|  0%| F|  |TAMS 0x00000000a0c00000| PB 0x00000000a0c00000| Untracked 
| 461|0x00000000a0d00000, 0x00000000a0d00000, 0x00000000a0e00000|  0%| F|  |TAMS 0x00000000a0d00000| PB 0x00000000a0d00000| Untracked 
| 462|0x00000000a0e00000, 0x00000000a0e00000, 0x00000000a0f00000|  0%| F|  |TAMS 0x00000000a0e00000| PB 0x00000000a0e00000| Untracked 
| 463|0x00000000a0f00000, 0x00000000a0f00000, 0x00000000a1000000|  0%| F|  |TAMS 0x00000000a0f00000| PB 0x00000000a0f00000| Untracked 
| 464|0x00000000a1000000, 0x00000000a1000000, 0x00000000a1100000|  0%| F|  |TAMS 0x00000000a1000000| PB 0x00000000a1000000| Untracked 
| 465|0x00000000a1100000, 0x00000000a1100000, 0x00000000a1200000|  0%| F|  |TAMS 0x00000000a1100000| PB 0x00000000a1100000| Untracked 
| 466|0x00000000a1200000, 0x00000000a1200000, 0x00000000a1300000|  0%| F|  |TAMS 0x00000000a1200000| PB 0x00000000a1200000| Untracked 
| 467|0x00000000a1300000, 0x00000000a1300000, 0x00000000a1400000|  0%| F|  |TAMS 0x00000000a1300000| PB 0x00000000a1300000| Untracked 
| 468|0x00000000a1400000, 0x00000000a1400000, 0x00000000a1500000|  0%| F|  |TAMS 0x00000000a1400000| PB 0x00000000a1400000| Untracked 
| 469|0x00000000a1500000, 0x00000000a1500000, 0x00000000a1600000|  0%| F|  |TAMS 0x00000000a1500000| PB 0x00000000a1500000| Untracked 
| 470|0x00000000a1600000, 0x00000000a1600000, 0x00000000a1700000|  0%| F|  |TAMS 0x00000000a1600000| PB 0x00000000a1600000| Untracked 
| 471|0x00000000a1700000, 0x00000000a1700000, 0x00000000a1800000|  0%| F|  |TAMS 0x00000000a1700000| PB 0x00000000a1700000| Untracked 
| 472|0x00000000a1800000, 0x00000000a1800000, 0x00000000a1900000|  0%| F|  |TAMS 0x00000000a1800000| PB 0x00000000a1800000| Untracked 
| 473|0x00000000a1900000, 0x00000000a1900000, 0x00000000a1a00000|  0%| F|  |TAMS 0x00000000a1900000| PB 0x00000000a1900000| Untracked 
| 474|0x00000000a1a00000, 0x00000000a1a00000, 0x00000000a1b00000|  0%| F|  |TAMS 0x00000000a1a00000| PB 0x00000000a1a00000| Untracked 
| 475|0x00000000a1b00000, 0x00000000a1b00000, 0x00000000a1c00000|  0%| F|  |TAMS 0x00000000a1b00000| PB 0x00000000a1b00000| Untracked 
| 476|0x00000000a1c00000, 0x00000000a1c00000, 0x00000000a1d00000|  0%| F|  |TAMS 0x00000000a1c00000| PB 0x00000000a1c00000| Untracked 
| 477|0x00000000a1d00000, 0x00000000a1d00000, 0x00000000a1e00000|  0%| F|  |TAMS 0x00000000a1d00000| PB 0x00000000a1d00000| Untracked 
| 478|0x00000000a1e00000, 0x00000000a1e00000, 0x00000000a1f00000|  0%| F|  |TAMS 0x00000000a1e00000| PB 0x00000000a1e00000| Untracked 
| 479|0x00000000a1f00000, 0x00000000a1f00000, 0x00000000a2000000|  0%| F|  |TAMS 0x00000000a1f00000| PB 0x00000000a1f00000| Untracked 
| 480|0x00000000a2000000, 0x00000000a2000000, 0x00000000a2100000|  0%| F|  |TAMS 0x00000000a2000000| PB 0x00000000a2000000| Untracked 
| 481|0x00000000a2100000, 0x00000000a2100000, 0x00000000a2200000|  0%| F|  |TAMS 0x00000000a2100000| PB 0x00000000a2100000| Untracked 
| 482|0x00000000a2200000, 0x00000000a2200000, 0x00000000a2300000|  0%| F|  |TAMS 0x00000000a2200000| PB 0x00000000a2200000| Untracked 
| 483|0x00000000a2300000, 0x00000000a2300000, 0x00000000a2400000|  0%| F|  |TAMS 0x00000000a2300000| PB 0x00000000a2300000| Untracked 
| 484|0x00000000a2400000, 0x00000000a2400000, 0x00000000a2500000|  0%| F|  |TAMS 0x00000000a2400000| PB 0x00000000a2400000| Untracked 
| 485|0x00000000a2500000, 0x00000000a2500000, 0x00000000a2600000|  0%| F|  |TAMS 0x00000000a2500000| PB 0x00000000a2500000| Untracked 
| 486|0x00000000a2600000, 0x00000000a2600000, 0x00000000a2700000|  0%| F|  |TAMS 0x00000000a2600000| PB 0x00000000a2600000| Untracked 
| 487|0x00000000a2700000, 0x00000000a2700000, 0x00000000a2800000|  0%| F|  |TAMS 0x00000000a2700000| PB 0x00000000a2700000| Untracked 
| 488|0x00000000a2800000, 0x00000000a2800000, 0x00000000a2900000|  0%| F|  |TAMS 0x00000000a2800000| PB 0x00000000a2800000| Untracked 
| 489|0x00000000a2900000, 0x00000000a2900000, 0x00000000a2a00000|  0%| F|  |TAMS 0x00000000a2900000| PB 0x00000000a2900000| Untracked 
| 490|0x00000000a2a00000, 0x00000000a2a00000, 0x00000000a2b00000|  0%| F|  |TAMS 0x00000000a2a00000| PB 0x00000000a2a00000| Untracked 
| 491|0x00000000a2b00000, 0x00000000a2b00000, 0x00000000a2c00000|  0%| F|  |TAMS 0x00000000a2b00000| PB 0x00000000a2b00000| Untracked 
| 492|0x00000000a2c00000, 0x00000000a2c00000, 0x00000000a2d00000|  0%| F|  |TAMS 0x00000000a2c00000| PB 0x00000000a2c00000| Untracked 
| 493|0x00000000a2d00000, 0x00000000a2d00000, 0x00000000a2e00000|  0%| F|  |TAMS 0x00000000a2d00000| PB 0x00000000a2d00000| Untracked 
| 494|0x00000000a2e00000, 0x00000000a2e00000, 0x00000000a2f00000|  0%| F|  |TAMS 0x00000000a2e00000| PB 0x00000000a2e00000| Untracked 
| 495|0x00000000a2f00000, 0x00000000a2f00000, 0x00000000a3000000|  0%| F|  |TAMS 0x00000000a2f00000| PB 0x00000000a2f00000| Untracked 
| 496|0x00000000a3000000, 0x00000000a3000000, 0x00000000a3100000|  0%| F|  |TAMS 0x00000000a3000000| PB 0x00000000a3000000| Untracked 
| 497|0x00000000a3100000, 0x00000000a3100000, 0x00000000a3200000|  0%| F|  |TAMS 0x00000000a3100000| PB 0x00000000a3100000| Untracked 
| 498|0x00000000a3200000, 0x00000000a3200000, 0x00000000a3300000|  0%| F|  |TAMS 0x00000000a3200000| PB 0x00000000a3200000| Untracked 
| 499|0x00000000a3300000, 0x00000000a3300000, 0x00000000a3400000|  0%| F|  |TAMS 0x00000000a3300000| PB 0x00000000a3300000| Untracked 
| 500|0x00000000a3400000, 0x00000000a3400000, 0x00000000a3500000|  0%| F|  |TAMS 0x00000000a3400000| PB 0x00000000a3400000| Untracked 
| 501|0x00000000a3500000, 0x00000000a3500000, 0x00000000a3600000|  0%| F|  |TAMS 0x00000000a3500000| PB 0x00000000a3500000| Untracked 
| 502|0x00000000a3600000, 0x00000000a3600000, 0x00000000a3700000|  0%| F|  |TAMS 0x00000000a3600000| PB 0x00000000a3600000| Untracked 
| 503|0x00000000a3700000, 0x00000000a3700000, 0x00000000a3800000|  0%| F|  |TAMS 0x00000000a3700000| PB 0x00000000a3700000| Untracked 
| 504|0x00000000a3800000, 0x00000000a3800000, 0x00000000a3900000|  0%| F|  |TAMS 0x00000000a3800000| PB 0x00000000a3800000| Untracked 
| 505|0x00000000a3900000, 0x00000000a3900000, 0x00000000a3a00000|  0%| F|  |TAMS 0x00000000a3900000| PB 0x00000000a3900000| Untracked 
| 506|0x00000000a3a00000, 0x00000000a3a00000, 0x00000000a3b00000|  0%| F|  |TAMS 0x00000000a3a00000| PB 0x00000000a3a00000| Untracked 
| 507|0x00000000a3b00000, 0x00000000a3b00000, 0x00000000a3c00000|  0%| F|  |TAMS 0x00000000a3b00000| PB 0x00000000a3b00000| Untracked 
| 508|0x00000000a3c00000, 0x00000000a3c00000, 0x00000000a3d00000|  0%| F|  |TAMS 0x00000000a3c00000| PB 0x00000000a3c00000| Untracked 
| 509|0x00000000a3d00000, 0x00000000a3d00000, 0x00000000a3e00000|  0%| F|  |TAMS 0x00000000a3d00000| PB 0x00000000a3d00000| Untracked 
| 510|0x00000000a3e00000, 0x00000000a3e00000, 0x00000000a3f00000|  0%| F|  |TAMS 0x00000000a3e00000| PB 0x00000000a3e00000| Untracked 
| 511|0x00000000a3f00000, 0x00000000a3f00000, 0x00000000a4000000|  0%| F|  |TAMS 0x00000000a3f00000| PB 0x00000000a3f00000| Untracked 
| 512|0x00000000a4000000, 0x00000000a4000000, 0x00000000a4100000|  0%| F|  |TAMS 0x00000000a4000000| PB 0x00000000a4000000| Untracked 
| 513|0x00000000a4100000, 0x00000000a4100000, 0x00000000a4200000|  0%| F|  |TAMS 0x00000000a4100000| PB 0x00000000a4100000| Untracked 
| 514|0x00000000a4200000, 0x00000000a4200000, 0x00000000a4300000|  0%| F|  |TAMS 0x00000000a4200000| PB 0x00000000a4200000| Untracked 
| 515|0x00000000a4300000, 0x00000000a4300000, 0x00000000a4400000|  0%| F|  |TAMS 0x00000000a4300000| PB 0x00000000a4300000| Untracked 
| 516|0x00000000a4400000, 0x00000000a4400000, 0x00000000a4500000|  0%| F|  |TAMS 0x00000000a4400000| PB 0x00000000a4400000| Untracked 
| 517|0x00000000a4500000, 0x00000000a4500000, 0x00000000a4600000|  0%| F|  |TAMS 0x00000000a4500000| PB 0x00000000a4500000| Untracked 
| 518|0x00000000a4600000, 0x00000000a4600000, 0x00000000a4700000|  0%| F|  |TAMS 0x00000000a4600000| PB 0x00000000a4600000| Untracked 
| 519|0x00000000a4700000, 0x00000000a4700000, 0x00000000a4800000|  0%| F|  |TAMS 0x00000000a4700000| PB 0x00000000a4700000| Untracked 
|1980|0x00000000ffc00000, 0x00000000ffd00000, 0x00000000ffd00000|100%| O|  |TAMS 0x00000000ffc00000| PB 0x00000000ffc00000| Untracked 
|1981|0x00000000ffd00000, 0x00000000ffd00000, 0x00000000ffe00000|  0%| F|  |TAMS 0x00000000ffd00000| PB 0x00000000ffd00000| Untracked 
|1982|0x00000000ffe00000, 0x00000000fff00000, 0x00000000fff00000|100%| O|  |TAMS 0x00000000ffe00000| PB 0x00000000ffe00000| Untracked 
|1983|0x00000000fff00000, 0x0000000100000000, 0x0000000100000000|100%| O|  |TAMS 0x00000000fff00000| PB 0x00000000fff00000| Untracked 

Card table byte_map: [0x0000011cb3eb0000,0x0000011cb4290000] _byte_map_base: 0x0000011cb3a90000

Marking Bits: (CMBitMap*) 0x0000011cad813ac0
 Bits: [0x0000011cb4290000, 0x0000011cb6190000)

Polling page: 0x0000011cab640000

Metaspace:

Usage:
  Non-class:     34.74 MB used.
      Class:      5.18 MB used.
       Both:     39.92 MB used.

Virtual space:
  Non-class space:       64.00 MB reserved,      35.00 MB ( 55%) committed,  1 nodes.
      Class space:        1.00 GB reserved,       5.44 MB ( <1%) committed,  1 nodes.
             Both:        1.06 GB reserved,      40.44 MB (  4%) committed. 

Chunk freelists:
   Non-Class:  12.08 MB
       Class:  10.48 MB
        Both:  22.56 MB

MaxMetaspaceSize: unlimited
CompressedClassSpaceSize: 1.00 GB
Initial GC threshold: 21.00 MB
Current GC threshold: 63.38 MB
CDS: on
 - commit_granule_bytes: 65536.
 - commit_granule_words: 8192.
 - virtual_space_node_default_size: 8388608.
 - enlarge_chunks_in_place: 1.
 - use_allocation_guard: 0.


Internal statistics:

num_allocs_failed_limit: 3.
num_arena_births: 828.
num_arena_deaths: 270.
num_vsnodes_births: 2.
num_vsnodes_deaths: 0.
num_space_committed: 647.
num_space_uncommitted: 0.
num_chunks_returned_to_freelist: 301.
num_chunks_taken_from_freelist: 2480.
num_chunk_merges: 84.
num_chunk_splits: 1570.
num_chunks_enlarged: 1145.
num_inconsistent_stats: 0.

CodeCache: size=49152Kb used=8256Kb max_used=9699Kb free=40895Kb
 bounds [0x0000011cb09b0000, 0x0000011cb1330000, 0x0000011cb39b0000]
 total_blobs=3643, nmethods=3012, adapters=553, full_count=0
Compilation: enabled, stopped_count=0, restarted_count=0

Compilation events (20 events):
Event: 83.252 Thread 0x0000011cfe3208a0 5799       1       org.eclipse.jdt.internal.compiler.env.ITypeAnnotationWalker$1::toReceiver (2 bytes)
Event: 83.252 Thread 0x0000011cff7e37d0 nmethod 5795 0x0000011cb10c4610 code [0x0000011cb10c47c0, 0x0000011cb10c49c8]
Event: 83.252 Thread 0x0000011cfe3208a0 nmethod 5799 0x0000011cb10c4310 code [0x0000011cb10c44a0, 0x0000011cb10c4568]
Event: 83.252 Thread 0x0000011cff7e37d0 5800       1       org.eclipse.jdt.internal.compiler.lookup.MethodBinding::setAnnotations (17 bytes)
Event: 83.252 Thread 0x0000011cfe3208a0 5802       1       org.eclipse.jdt.internal.compiler.classfmt.MethodInfo::getMethodDescriptor (46 bytes)
Event: 83.252 Thread 0x0000011cff7e37d0 nmethod 5800 0x0000011cb10c3f10 code [0x0000011cb10c40c0, 0x0000011cb10c41f8]
Event: 83.252 Thread 0x0000011cfe3208a0 nmethod 5802 0x0000011cb10c3910 code [0x0000011cb10c3ac0, 0x0000011cb10c3d20]
Event: 83.253 Thread 0x0000011cb8c6f1a0 nmethod 5776 0x0000011cb0ff5190 code [0x0000011cb0ff5840, 0x0000011cb0ff8d08]
Event: 83.257 Thread 0x0000011cff7e37d0 5803       1       org.eclipse.jdt.internal.compiler.impl.IrritantSet::clear (22 bytes)
Event: 83.258 Thread 0x0000011cff7e37d0 nmethod 5803 0x0000011cb0ff4e10 code [0x0000011cb0ff4fa0, 0x0000011cb0ff50b0]
Event: 83.259 Thread 0x0000011cff7e37d0 5804       1       org.eclipse.jdt.core.compiler.CharOperation::indexOf (270 bytes)
Event: 83.260 Thread 0x0000011cff7e37d0 nmethod 5804 0x0000011cb10c2c10 code [0x0000011cb10c2e60, 0x0000011cb10c3448]
Event: 83.261 Thread 0x0000011cfe3208a0 5805       1       java.nio.charset.Charset::name (5 bytes)
Event: 83.261 Thread 0x0000011cfe3208a0 nmethod 5805 0x0000011cb0ff4610 code [0x0000011cb0ff47a0, 0x0000011cb0ff4868]
Event: 83.261 Thread 0x0000011cff7e37d0 5806       1       org.eclipse.jdt.core.compiler.CharOperation::indexOf (10 bytes)
Event: 83.261 Thread 0x0000011cff7e37d0 nmethod 5806 0x0000011cb0ff4190 code [0x0000011cb0ff4340, 0x0000011cb0ff4408]
Event: 83.262 Thread 0x0000011cff7e37d0 5807       1       org.eclipse.jdt.internal.compiler.impl.CompilerOptions::updateSeverity (158 bytes)
Event: 83.263 Thread 0x0000011cff7e37d0 nmethod 5807 0x0000011cb10c1e90 code [0x0000011cb10c20e0, 0x0000011cb10c2668]
Event: 83.291 Thread 0x0000011cff7e37d0 5808       1       sun.nio.fs.WindowsPath::getPathForExceptionMessage (5 bytes)
Event: 83.292 Thread 0x0000011cff7e37d0 nmethod 5808 0x0000011cb10c1590 code [0x0000011cb10c1720, 0x0000011cb10c17e8]

GC Heap History (20 events):
Event: 73.627 GC heap after
{Heap after GC invocations=33 (full 0):
 garbage-first heap   total 372736K, used 120306K [0x0000000084000000, 0x0000000100000000)
  region size 1024K, 21 young (21504K), 21 survivors (21504K)
 Metaspace       used 29450K, committed 29952K, reserved 1114112K
  class space    used 4099K, committed 4352K, reserved 1048576K
}
Event: 73.791 GC heap before
{Heap before GC invocations=33 (full 0):
 garbage-first heap   total 372736K, used 321010K [0x0000000084000000, 0x0000000100000000)
  region size 1024K, 219 young (224256K), 21 survivors (21504K)
 Metaspace       used 29452K, committed 29952K, reserved 1114112K
  class space    used 4099K, committed 4352K, reserved 1048576K
}
Event: 73.804 GC heap after
{Heap after GC invocations=34 (full 0):
 garbage-first heap   total 372736K, used 130020K [0x0000000084000000, 0x0000000100000000)
  region size 1024K, 26 young (26624K), 26 survivors (26624K)
 Metaspace       used 29452K, committed 29952K, reserved 1114112K
  class space    used 4099K, committed 4352K, reserved 1048576K
}
Event: 73.918 GC heap before
{Heap before GC invocations=34 (full 0):
 garbage-first heap   total 372736K, used 325604K [0x0000000084000000, 0x0000000100000000)
  region size 1024K, 219 young (224256K), 26 survivors (26624K)
 Metaspace       used 29705K, committed 30144K, reserved 1114112K
  class space    used 4108K, committed 4352K, reserved 1048576K
}
Event: 73.932 GC heap after
{Heap after GC invocations=35 (full 0):
 garbage-first heap   total 372736K, used 143443K [0x0000000084000000, 0x0000000100000000)
  region size 1024K, 26 young (26624K), 26 survivors (26624K)
 Metaspace       used 29705K, committed 30144K, reserved 1114112K
  class space    used 4108K, committed 4352K, reserved 1048576K
}
Event: 75.619 GC heap before
{Heap before GC invocations=36 (full 0):
 garbage-first heap   total 372736K, used 340051K [0x0000000084000000, 0x0000000100000000)
  region size 1024K, 218 young (223232K), 26 survivors (26624K)
 Metaspace       used 31591K, committed 32064K, reserved 1114112K
  class space    used 4250K, committed 4480K, reserved 1048576K
}
Event: 75.634 GC heap after
{Heap after GC invocations=37 (full 0):
 garbage-first heap   total 380928K, used 156726K [0x0000000084000000, 0x0000000100000000)
  region size 1024K, 26 young (26624K), 26 survivors (26624K)
 Metaspace       used 31591K, committed 32064K, reserved 1114112K
  class space    used 4250K, committed 4480K, reserved 1048576K
}
Event: 76.149 GC heap before
{Heap before GC invocations=37 (full 0):
 garbage-first heap   total 380928K, used 350262K [0x0000000084000000, 0x0000000100000000)
  region size 1024K, 216 young (221184K), 26 survivors (26624K)
 Metaspace       used 32311K, committed 32704K, reserved 1114112K
  class space    used 4331K, committed 4480K, reserved 1048576K
}
Event: 76.166 GC heap after
{Heap after GC invocations=38 (full 0):
 garbage-first heap   total 392192K, used 166912K [0x0000000084000000, 0x0000000100000000)
  region size 1024K, 23 young (23552K), 23 survivors (23552K)
 Metaspace       used 32311K, committed 32704K, reserved 1114112K
  class space    used 4331K, committed 4480K, reserved 1048576K
}
Event: 76.646 GC heap before
{Heap before GC invocations=38 (full 0):
 garbage-first heap   total 392192K, used 361472K [0x0000000084000000, 0x0000000100000000)
  region size 1024K, 214 young (219136K), 23 survivors (23552K)
 Metaspace       used 32475K, committed 32896K, reserved 1114112K
  class space    used 4364K, committed 4544K, reserved 1048576K
}
Event: 76.665 GC heap after
{Heap after GC invocations=39 (full 0):
 garbage-first heap   total 399360K, used 179075K [0x0000000084000000, 0x0000000100000000)
  region size 1024K, 24 young (24576K), 24 survivors (24576K)
 Metaspace       used 32475K, committed 32896K, reserved 1114112K
  class space    used 4364K, committed 4544K, reserved 1048576K
}
Event: 78.673 GC heap before
{Heap before GC invocations=40 (full 0):
 garbage-first heap   total 399360K, used 367491K [0x0000000084000000, 0x0000000100000000)
  region size 1024K, 209 young (214016K), 24 survivors (24576K)
 Metaspace       used 34084K, committed 34560K, reserved 1114112K
  class space    used 4507K, committed 4672K, reserved 1048576K
}
Event: 78.692 GC heap after
{Heap after GC invocations=41 (full 0):
 garbage-first heap   total 404480K, used 189952K [0x0000000084000000, 0x0000000100000000)
  region size 1024K, 24 young (24576K), 24 survivors (24576K)
 Metaspace       used 34084K, committed 34560K, reserved 1114112K
  class space    used 4507K, committed 4672K, reserved 1048576K
}
Event: 81.143 GC heap before
{Heap before GC invocations=41 (full 0):
 garbage-first heap   total 404480K, used 375296K [0x0000000084000000, 0x0000000100000000)
  region size 1024K, 206 young (210944K), 24 survivors (24576K)
 Metaspace       used 35870K, committed 36352K, reserved 1114112K
  class space    used 4703K, committed 4928K, reserved 1048576K
}
Event: 81.160 GC heap after
{Heap after GC invocations=42 (full 0):
 garbage-first heap   total 411648K, used 195831K [0x0000000084000000, 0x0000000100000000)
  region size 1024K, 19 young (19456K), 19 survivors (19456K)
 Metaspace       used 35870K, committed 36352K, reserved 1114112K
  class space    used 4703K, committed 4928K, reserved 1048576K
}
Event: 82.403 GC heap before
{Heap before GC invocations=42 (full 0):
 garbage-first heap   total 411648K, used 383223K [0x0000000084000000, 0x0000000100000000)
  region size 1024K, 204 young (208896K), 19 survivors (19456K)
 Metaspace       used 37715K, committed 38144K, reserved 1114112K
  class space    used 4914K, committed 5120K, reserved 1048576K
}
Event: 82.418 GC heap after
{Heap after GC invocations=43 (full 0):
 garbage-first heap   total 419840K, used 210442K [0x0000000084000000, 0x0000000100000000)
  region size 1024K, 23 young (23552K), 23 survivors (23552K)
 Metaspace       used 37715K, committed 38144K, reserved 1114112K
  class space    used 4914K, committed 5120K, reserved 1048576K
}
Event: 82.831 GC heap before
{Heap before GC invocations=44 (full 0):
 garbage-first heap   total 419840K, used 389642K [0x0000000084000000, 0x0000000100000000)
  region size 1024K, 199 young (203776K), 23 survivors (23552K)
 Metaspace       used 40094K, committed 40576K, reserved 1114112K
  class space    used 5218K, committed 5440K, reserved 1048576K
}
Event: 82.847 GC heap after
{Heap after GC invocations=45 (full 0):
 garbage-first heap   total 422912K, used 219136K [0x0000000084000000, 0x0000000100000000)
  region size 1024K, 11 young (11264K), 11 survivors (11264K)
 Metaspace       used 40094K, committed 40576K, reserved 1114112K
  class space    used 5218K, committed 5440K, reserved 1048576K
}
Event: 83.311 GC heap before
{Heap before GC invocations=45 (full 0):
 garbage-first heap   total 422912K, used 394240K [0x0000000084000000, 0x0000000100000000)
  region size 1024K, 184 young (188416K), 11 survivors (11264K)
 Metaspace       used 40876K, committed 41408K, reserved 1114112K
  class space    used 5300K, committed 5568K, reserved 1048576K
}

Dll operation events (11 events):
Event: 0.016 Loaded shared library c:\Users\Glymin Terra Selasi\.trae\extensions\redhat.java-1.52.0-win32-x64\jre\21.0.9-win32-x86_64\bin\java.dll
Event: 0.833 Loaded shared library c:\Users\Glymin Terra Selasi\.trae\extensions\redhat.java-1.52.0-win32-x64\jre\21.0.9-win32-x86_64\bin\zip.dll
Event: 0.881 Loaded shared library C:\Users\Glymin Terra Selasi\.trae\extensions\redhat.java-1.52.0-win32-x64\jre\21.0.9-win32-x86_64\bin\net.dll
Event: 0.887 Loaded shared library C:\Users\Glymin Terra Selasi\.trae\extensions\redhat.java-1.52.0-win32-x64\jre\21.0.9-win32-x86_64\bin\nio.dll
Event: 0.898 Loaded shared library C:\Users\Glymin Terra Selasi\.trae\extensions\redhat.java-1.52.0-win32-x64\jre\21.0.9-win32-x86_64\bin\zip.dll
Event: 1.819 Loaded shared library C:\Users\Glymin Terra Selasi\.trae\extensions\redhat.java-1.52.0-win32-x64\jre\21.0.9-win32-x86_64\bin\jimage.dll
Event: 2.425 Loaded shared library c:\Users\Glymin Terra Selasi\.trae\extensions\redhat.java-1.52.0-win32-x64\jre\21.0.9-win32-x86_64\bin\verify.dll
Event: 16.488 Loaded shared library C:\Users\Glymin Terra Selasi\.trae\extensions\redhat.java-1.52.0-win32-x64\jre\21.0.9-win32-x86_64\bin\management.dll
Event: 16.501 Loaded shared library C:\Users\Glymin Terra Selasi\.trae\extensions\redhat.java-1.52.0-win32-x64\jre\21.0.9-win32-x86_64\bin\management_ext.dll
Event: 82.732 Loaded shared library C:\Users\Glymin Terra Selasi\.trae\extensions\redhat.java-1.52.0-win32-x64\jre\21.0.9-win32-x86_64\bin\sunmscapi.dll
Event: 83.198 Loaded shared library C:\Users\Glymin Terra Selasi\.trae\extensions\redhat.java-1.52.0-win32-x64\jre\21.0.9-win32-x86_64\bin\extnet.dll

Deoptimization events (2 events):
Event: 82.957 Thread 0x0000011c80215080 DEOPT PACKING pc=0x0000011cb1281dcc sp=0x0000001bd5bfec30
Event: 82.957 Thread 0x0000011c80215080 DEOPT UNPACKING pc=0x0000011cb0a086e2 sp=0x0000001bd5bfe168 mode 0

Classes loaded (20 events):
Event: 83.180 Loading class java/net/SocketOption done
Event: 83.180 Loading class jdk/net/ExtendedSocketOptions$ExtSocketOption done
Event: 83.180 Loading class jdk/net/UnixDomainPrincipal
Event: 83.181 Loading class jdk/net/UnixDomainPrincipal done
Event: 83.181 Loading class jdk/net/ExtendedSocketOptions$PlatformSocketOptions
Event: 83.187 Loading class jdk/net/ExtendedSocketOptions$PlatformSocketOptions done
Event: 83.187 Loading class jdk/net/ExtendedSocketOptions$2
Event: 83.187 Loading class jdk/net/ExtendedSocketOptions$2 done
Event: 83.187 Loading class jdk/internal/util/OperatingSystem
Event: 83.187 Loading class jdk/internal/util/OperatingSystem done
Event: 83.188 Loading class jdk/net/WindowsSocketOptions
Event: 83.188 Loading class jdk/net/WindowsSocketOptions done
Event: 83.199 Loading class jdk/net/ExtendedSocketOptions$1
Event: 83.199 Loading class jdk/net/ExtendedSocketOptions$1 done
Event: 83.201 Loading class java/net/StandardProtocolFamily
Event: 83.202 Loading class java/net/StandardProtocolFamily done
Event: 83.203 Loading class java/net/SocksSocketImpl$3
Event: 83.203 Loading class java/net/SocksSocketImpl$3 done
Event: 83.203 Loading class sun/net/NetHooks
Event: 83.203 Loading class sun/net/NetHooks done

Classes unloaded (20 events):
Event: 72.581 Thread 0x0000011cb8c47100 Unloading class 0x0000011cba432c00 'java/lang/invoke/LambdaForm$MH+0x0000011cba432c00'
Event: 72.581 Thread 0x0000011cb8c47100 Unloading class 0x0000011cba432800 'java/lang/invoke/LambdaForm$MH+0x0000011cba432800'
Event: 72.581 Thread 0x0000011cb8c47100 Unloading class 0x0000011cba432000 'java/lang/invoke/LambdaForm$MH+0x0000011cba432000'
Event: 72.581 Thread 0x0000011cb8c47100 Unloading class 0x0000011cba431c00 'java/lang/invoke/LambdaForm$MH+0x0000011cba431c00'
Event: 72.581 Thread 0x0000011cb8c47100 Unloading class 0x0000011cba431800 'java/lang/invoke/LambdaForm$MH+0x0000011cba431800'
Event: 72.581 Thread 0x0000011cb8c47100 Unloading class 0x0000011cba431400 'java/lang/invoke/LambdaForm$MH+0x0000011cba431400'
Event: 72.581 Thread 0x0000011cb8c47100 Unloading class 0x0000011cba431000 'java/lang/invoke/LambdaForm$MH+0x0000011cba431000'
Event: 72.581 Thread 0x0000011cb8c47100 Unloading class 0x0000011cba430c00 'java/lang/invoke/LambdaForm$MH+0x0000011cba430c00'
Event: 72.581 Thread 0x0000011cb8c47100 Unloading class 0x0000011cba422400 'java/lang/invoke/LambdaForm$MH+0x0000011cba422400'
Event: 72.581 Thread 0x0000011cb8c47100 Unloading class 0x0000011cba421800 'java/lang/invoke/LambdaForm$MH+0x0000011cba421800'
Event: 72.581 Thread 0x0000011cb8c47100 Unloading class 0x0000011cba421400 'java/lang/invoke/LambdaForm$MH+0x0000011cba421400'
Event: 72.581 Thread 0x0000011cb8c47100 Unloading class 0x0000011cba421000 'java/lang/invoke/LambdaForm$MH+0x0000011cba421000'
Event: 72.581 Thread 0x0000011cb8c47100 Unloading class 0x0000011cba420800 'java/lang/invoke/LambdaForm$MH+0x0000011cba420800'
Event: 72.581 Thread 0x0000011cb8c47100 Unloading class 0x0000011cba420000 'java/lang/invoke/LambdaForm$MH+0x0000011cba420000'
Event: 72.581 Thread 0x0000011cb8c47100 Unloading class 0x0000011cba290c00 'java/lang/invoke/LambdaForm$MH+0x0000011cba290c00'
Event: 72.581 Thread 0x0000011cb8c47100 Unloading class 0x0000011cba290800 'java/lang/invoke/LambdaForm$MH+0x0000011cba290800'
Event: 72.581 Thread 0x0000011cb8c47100 Unloading class 0x0000011cba290400 'java/lang/invoke/LambdaForm$MH+0x0000011cba290400'
Event: 72.581 Thread 0x0000011cb8c47100 Unloading class 0x0000011cba28dc00 'java/lang/invoke/LambdaForm$MH+0x0000011cba28dc00'
Event: 72.581 Thread 0x0000011cb8c47100 Unloading class 0x0000011cba12c800 'java/lang/invoke/LambdaForm$MH+0x0000011cba12c800'
Event: 72.581 Thread 0x0000011cb8c47100 Unloading class 0x0000011cba010400 'java/lang/invoke/LambdaForm$MH+0x0000011cba010400'

Classes redefined (0 events):
No events

Internal exceptions (20 events):
Event: 81.234 Thread 0x0000011cff823450 Exception <a 'sun/nio/fs/WindowsException'{0x00000000a42d9eb8}> (0x00000000a42d9eb8) 
thrown [s\src\hotspot\share\prims\jni.cpp, line 520]
Event: 81.234 Thread 0x0000011cff822dc0 Exception <a 'sun/nio/fs/WindowsException'{0x00000000a40219d0}> (0x00000000a40219d0) 
thrown [s\src\hotspot\share\prims\jni.cpp, line 520]
Event: 81.234 Thread 0x0000011cff822dc0 Exception <a 'sun/nio/fs/WindowsException'{0x00000000a4021ef0}> (0x00000000a4021ef0) 
thrown [s\src\hotspot\share\prims\jni.cpp, line 520]
Event: 81.240 Thread 0x0000011cff826240 Exception <a 'sun/nio/fs/WindowsException'{0x00000000a40f7f08}> (0x00000000a40f7f08) 
thrown [s\src\hotspot\share\prims\jni.cpp, line 520]
Event: 81.240 Thread 0x0000011cff826240 Exception <a 'sun/nio/fs/WindowsException'{0x00000000a40f8438}> (0x00000000a40f8438) 
thrown [s\src\hotspot\share\prims\jni.cpp, line 520]
Event: 81.733 Thread 0x0000011cff8275f0 Exception <a 'sun/nio/fs/WindowsException'{0x00000000a1cac848}> (0x00000000a1cac848) 
thrown [s\src\hotspot\share\prims\jni.cpp, line 520]
Event: 81.733 Thread 0x0000011cff8275f0 Exception <a 'sun/nio/fs/WindowsException'{0x00000000a1cacd58}> (0x00000000a1cacd58) 
thrown [s\src\hotspot\share\prims\jni.cpp, line 520]
Event: 81.769 Thread 0x0000011c80217150 Exception <a 'sun/nio/fs/WindowsException'{0x00000000a216e698}> (0x00000000a216e698) 
thrown [s\src\hotspot\share\prims\jni.cpp, line 520]
Event: 82.607 Thread 0x0000011c80215080 Exception <a 'java/lang/IncompatibleClassChangeError'{0x000000009f84c5d8}: Found class java.lang.Object, but interface was expected> (0x000000009f84c5d8) 
thrown [s\src\hotspot\share\interpreter\linkResolver.cpp, line 840]
Event: 82.850 Thread 0x0000011cff826240 Exception <a 'sun/nio/fs/WindowsException'{0x00000000ffd3c248}> (0x00000000ffd3c248) 
thrown [s\src\hotspot\share\prims\jni.cpp, line 520]
Event: 82.850 Thread 0x0000011cff826240 Exception <a 'sun/nio/fs/WindowsException'{0x00000000ffd3c7b8}> (0x00000000ffd3c7b8) 
thrown [s\src\hotspot\share\prims\jni.cpp, line 520]
Event: 82.861 Thread 0x0000011cff823450 Exception <a 'sun/nio/fs/WindowsException'{0x00000000a46a34d0}> (0x00000000a46a34d0) 
thrown [s\src\hotspot\share\prims\jni.cpp, line 520]
Event: 82.861 Thread 0x0000011cff823450 Exception <a 'sun/nio/fs/WindowsException'{0x00000000a46a39e0}> (0x00000000a46a39e0) 
thrown [s\src\hotspot\share\prims\jni.cpp, line 520]
Event: 83.036 Thread 0x0000011c80215080 Exception <a 'java/lang/NoSuchMethodError'{0x00000000a0512950}: 'int java.lang.invoke.DirectMethodHandle$Holder.invokeSpecialIFC(java.lang.Object, java.lang.Object, java.lang.Object)'> (0x00000000a0512950) 
thrown [s\src\hotspot\share\interpreter\linkResolver.cpp, line 773]
Event: 83.290 Thread 0x0000011cff823ae0 Exception <a 'sun/nio/fs/WindowsException'{0x00000000931f4260}> (0x00000000931f4260) 
thrown [s\src\hotspot\share\prims\jni.cpp, line 520]
Event: 83.290 Thread 0x0000011cff823ae0 Exception <a 'sun/nio/fs/WindowsException'{0x00000000931f4738}> (0x00000000931f4738) 
thrown [s\src\hotspot\share\prims\jni.cpp, line 520]
Event: 83.290 Thread 0x0000011cff825520 Exception <a 'sun/nio/fs/WindowsException'{0x00000000931af798}> (0x00000000931af798) 
thrown [s\src\hotspot\share\prims\jni.cpp, line 520]
Event: 83.290 Thread 0x0000011cff825520 Exception <a 'sun/nio/fs/WindowsException'{0x00000000931afc88}> (0x00000000931afc88) 
thrown [s\src\hotspot\share\prims\jni.cpp, line 520]
Event: 83.291 Thread 0x0000011cff824e90 Exception <a 'sun/nio/fs/WindowsException'{0x0000000092f218f8}> (0x0000000092f218f8) 
thrown [s\src\hotspot\share\prims\jni.cpp, line 520]
Event: 83.291 Thread 0x0000011cff824e90 Exception <a 'sun/nio/fs/WindowsException'{0x0000000092f21dd0}> (0x0000000092f21dd0) 
thrown [s\src\hotspot\share\prims\jni.cpp, line 520]

ZGC Phase Switch (0 events):
No events

VM Operations (20 events):
Event: 82.260 Executing VM operation: HandshakeAllThreads (Deoptimize) done
Event: 82.260 Executing VM operation: Cleanup
Event: 82.261 Executing VM operation: Cleanup done
Event: 82.385 Executing VM operation: G1CollectForAllocation (G1 Evacuation Pause)
Event: 82.401 Executing VM operation: G1CollectForAllocation (G1 Evacuation Pause) done
Event: 82.403 Executing VM operation: G1CollectForAllocation (GCLocker Initiated GC)
Event: 82.418 Executing VM operation: G1CollectForAllocation (GCLocker Initiated GC) done
Event: 82.539 Executing VM operation: G1PauseRemark
Event: 82.545 Executing VM operation: G1PauseRemark done
Event: 82.620 Executing VM operation: G1PauseCleanup
Event: 82.621 Executing VM operation: G1PauseCleanup done
Event: 82.776 Executing VM operation: HandshakeAllThreads (Deoptimize)
Event: 82.776 Executing VM operation: HandshakeAllThreads (Deoptimize) done
Event: 82.831 Executing VM operation: G1CollectForAllocation (G1 Evacuation Pause)
Event: 82.847 Executing VM operation: G1CollectForAllocation (G1 Evacuation Pause) done
Event: 82.942 Executing VM operation: HandshakeAllThreads (Deoptimize)
Event: 82.942 Executing VM operation: HandshakeAllThreads (Deoptimize) done
Event: 83.299 Executing VM operation: G1CollectForAllocation (G1 Evacuation Pause)
Event: 83.310 Executing VM operation: G1CollectForAllocation (G1 Evacuation Pause) done
Event: 83.311 Executing VM operation: G1CollectForAllocation (GCLocker Initiated GC)

Memory protections (0 events):
No events

Nmethod flushes (20 events):
Event: 76.818 Thread 0x0000011cb8c47100 flushing  nmethod 0x0000011cb0efd490
Event: 76.818 Thread 0x0000011cb8c47100 flushing  nmethod 0x0000011cb0efe210
Event: 76.818 Thread 0x0000011cb8c47100 flushing  nmethod 0x0000011cb100b410
Event: 76.818 Thread 0x0000011cb8c47100 flushing  nmethod 0x0000011cb10b1490
Event: 76.818 Thread 0x0000011cb8c47100 flushing  nmethod 0x0000011cb10e3190
Event: 76.818 Thread 0x0000011cb8c47100 flushing  nmethod 0x0000011cb12f0e90
Event: 76.818 Thread 0x0000011cb8c47100 flushing  nmethod 0x0000011cb12f2110
Event: 82.545 Thread 0x0000011cb8c47100 flushing  nmethod 0x0000011cb0e3ba90
Event: 82.545 Thread 0x0000011cb8c47100 flushing  nmethod 0x0000011cb0e5f090
Event: 82.545 Thread 0x0000011cb8c47100 flushing  nmethod 0x0000011cb0e8c210
Event: 82.545 Thread 0x0000011cb8c47100 flushing  nmethod 0x0000011cb0ac2510
Event: 82.545 Thread 0x0000011cb8c47100 flushing  nmethod 0x0000011cb0f77a90
Event: 82.545 Thread 0x0000011cb8c47100 flushing  nmethod 0x0000011cb0ffb790
Event: 82.545 Thread 0x0000011cb8c47100 flushing  nmethod 0x0000011cb0dcda90
Event: 82.545 Thread 0x0000011cb8c47100 flushing  nmethod 0x0000011cb0e4fb90
Event: 82.545 Thread 0x0000011cb8c47100 flushing  nmethod 0x0000011cb0e20710
Event: 82.545 Thread 0x0000011cb8c47100 flushing  nmethod 0x0000011cb1008990
Event: 82.545 Thread 0x0000011cb8c47100 flushing  nmethod 0x0000011cb0dc7310
Event: 82.545 Thread 0x0000011cb8c47100 flushing  nmethod 0x0000011cb0dcc310
Event: 82.545 Thread 0x0000011cb8c47100 flushing  nmethod 0x0000011cb10e4690

Events (20 events):
Event: 67.198 Thread 0x0000011cfec9e120 Thread added: 0x0000011cff825520
Event: 67.198 Thread 0x0000011cfec9e120 Thread added: 0x0000011cff826240
Event: 67.198 Thread 0x0000011cfec9e120 Thread added: 0x0000011cff824170
Event: 67.198 Thread 0x0000011cfec9e120 Thread added: 0x0000011cff822dc0
Event: 67.198 Thread 0x0000011cfec9e120 Thread added: 0x0000011cff824800
Event: 67.198 Thread 0x0000011cfec9e120 Thread added: 0x0000011cff8268d0
Event: 67.199 Thread 0x0000011cfec9e120 Thread added: 0x0000011cff825bb0
Event: 67.199 Thread 0x0000011cfec9e120 Thread added: 0x0000011cff823450
Event: 67.199 Thread 0x0000011cfec9e120 Thread added: 0x0000011cff826f60
Event: 67.199 Thread 0x0000011cfec9e120 Thread added: 0x0000011cff823ae0
Event: 67.199 Thread 0x0000011cfec9e120 Thread added: 0x0000011cff8275f0
Event: 67.199 Thread 0x0000011cfec9e120 Thread added: 0x0000011cff827c80
Event: 71.935 Thread 0x0000011cfea8d480 Thread added: 0x0000011cff828310
Event: 71.950 Thread 0x0000011cfea8d480 Thread added: 0x0000011cff8289a0
Event: 72.290 Thread 0x0000011cff8289a0 Thread added: 0x0000011cff8296c0
Event: 75.482 Thread 0x0000011cfe09f1e0 Thread exited: 0x0000011cfe09f1e0
Event: 76.733 Thread 0x0000011cfe936ae0 Thread added: 0x0000011c80215080
Event: 76.826 Thread 0x0000011cfe936ae0 Thread added: 0x0000011c80217150
Event: 78.765 Thread 0x0000011cfeb05bf0 Thread exited: 0x0000011cfeb05bf0
Event: 82.206 Thread 0x0000011cfe3208a0 Thread added: 0x0000011cff7e37d0


Dynamic libraries:
0x00007ff6fe090000 - 0x00007ff6fe09e000 	c:\Users\Glymin Terra Selasi\.trae\extensions\redhat.java-1.52.0-win32-x64\jre\21.0.9-win32-x86_64\bin\java.exe
0x00007ffd38340000 - 0x00007ffd385a8000 	C:\WINDOWS\SYSTEM32\ntdll.dll
0x00007ffd37bb0000 - 0x00007ffd37c79000 	C:\WINDOWS\System32\KERNEL32.DLL
0x00007ffd354d0000 - 0x00007ffd358c2000 	C:\WINDOWS\System32\KERNELBASE.dll
0x00007ffd35e40000 - 0x00007ffd35f8b000 	C:\WINDOWS\System32\ucrtbase.dll
0x00007ffca3c70000 - 0x00007ffca3c88000 	c:\Users\Glymin Terra Selasi\.trae\extensions\redhat.java-1.52.0-win32-x64\jre\21.0.9-win32-x86_64\bin\jli.dll
0x00007ffd37c80000 - 0x00007ffd37e45000 	C:\WINDOWS\System32\USER32.dll
0x00007ffca3c90000 - 0x00007ffca3cae000 	c:\Users\Glymin Terra Selasi\.trae\extensions\redhat.java-1.52.0-win32-x64\jre\21.0.9-win32-x86_64\bin\VCRUNTIME140.dll
0x00007ffd1bbd0000 - 0x00007ffd1be63000 	C:\WINDOWS\WinSxS\amd64_microsoft.windows.common-controls_6595b64144ccf1df_6.0.26100.6899_none_3e0efeeae32e88c1\COMCTL32.dll
0x00007ffd373e0000 - 0x00007ffd37489000 	C:\WINDOWS\System32\msvcrt.dll
0x00007ffd37210000 - 0x00007ffd3723b000 	C:\WINDOWS\System32\GDI32.dll
0x00007ffd358d0000 - 0x00007ffd358f7000 	C:\WINDOWS\System32\win32u.dll
0x00007ffd35900000 - 0x00007ffd35a2d000 	C:\WINDOWS\System32\gdi32full.dll
0x00007ffd35a30000 - 0x00007ffd35ad3000 	C:\WINDOWS\System32\msvcp_win.dll
0x00007ffd36a20000 - 0x00007ffd36a4f000 	C:\WINDOWS\System32\IMM32.DLL
0x00007ffce4db0000 - 0x00007ffce4dbc000 	c:\Users\Glymin Terra Selasi\.trae\extensions\redhat.java-1.52.0-win32-x64\jre\21.0.9-win32-x86_64\bin\vcruntime140_1.dll
0x00007ffc956a0000 - 0x00007ffc9572d000 	c:\Users\Glymin Terra Selasi\.trae\extensions\redhat.java-1.52.0-win32-x64\jre\21.0.9-win32-x86_64\bin\msvcp140.dll
0x00007ffc95850000 - 0x00007ffc965f0000 	c:\Users\Glymin Terra Selasi\.trae\extensions\redhat.java-1.52.0-win32-x64\jre\21.0.9-win32-x86_64\bin\server\jvm.dll
0x00007ffd37a00000 - 0x00007ffd37ab4000 	C:\WINDOWS\System32\ADVAPI32.dll
0x00007ffd37f50000 - 0x00007ffd37ff6000 	C:\WINDOWS\System32\sechost.dll
0x00007ffd368a0000 - 0x00007ffd369b8000 	C:\WINDOWS\System32\RPCRT4.dll
0x00007ffd37b30000 - 0x00007ffd37ba4000 	C:\WINDOWS\System32\WS2_32.dll
0x00007ffd35330000 - 0x00007ffd3538e000 	C:\WINDOWS\SYSTEM32\POWRPROF.dll
0x00007ffd2dba0000 - 0x00007ffd2dbd5000 	C:\WINDOWS\SYSTEM32\WINMM.dll
0x00007ffd26c70000 - 0x00007ffd26c7b000 	C:\WINDOWS\SYSTEM32\VERSION.dll
0x00007ffd35310000 - 0x00007ffd35324000 	C:\WINDOWS\SYSTEM32\UMPDC.dll
0x00007ffd342a0000 - 0x00007ffd342bb000 	C:\WINDOWS\SYSTEM32\kernel.appcore.dll
0x00007ffd26cb0000 - 0x00007ffd26cba000 	c:\Users\Glymin Terra Selasi\.trae\extensions\redhat.java-1.52.0-win32-x64\jre\21.0.9-win32-x86_64\bin\jimage.dll
0x00007ffd32b40000 - 0x00007ffd32d82000 	C:\WINDOWS\SYSTEM32\DBGHELP.DLL
0x00007ffd375f0000 - 0x00007ffd3796b000 	C:\WINDOWS\System32\combase.dll
0x00007ffd37240000 - 0x00007ffd37317000 	C:\WINDOWS\System32\OLEAUT32.dll
0x00007ffcf8180000 - 0x00007ffcf81bc000 	C:\WINDOWS\SYSTEM32\dbgcore.DLL
0x00007ffd35da0000 - 0x00007ffd35e38000 	C:\WINDOWS\System32\bcryptPrimitives.dll
0x00007ffce4dc0000 - 0x00007ffce4de0000 	c:\Users\Glymin Terra Selasi\.trae\extensions\redhat.java-1.52.0-win32-x64\jre\21.0.9-win32-x86_64\bin\java.dll
0x00007ffd36150000 - 0x00007ffd3689d000 	C:\WINDOWS\System32\SHELL32.dll
0x00007ffd35ae0000 - 0x00007ffd35c4b000 	C:\WINDOWS\System32\wintypes.dll
0x00007ffd33100000 - 0x00007ffd3395d000 	C:\WINDOWS\SYSTEM32\windows.storage.dll
0x00007ffd36ae0000 - 0x00007ffd36bd2000 	C:\WINDOWS\System32\SHCORE.dll
0x00007ffd37ac0000 - 0x00007ffd37b22000 	C:\WINDOWS\System32\shlwapi.dll
0x00007ffd353f0000 - 0x00007ffd35419000 	C:\WINDOWS\SYSTEM32\profapi.dll
0x00007ffcb2100000 - 0x00007ffcb2118000 	c:\Users\Glymin Terra Selasi\.trae\extensions\redhat.java-1.52.0-win32-x64\jre\21.0.9-win32-x86_64\bin\zip.dll
0x00007ffd268f0000 - 0x00007ffd26900000 	C:\Users\Glymin Terra Selasi\.trae\extensions\redhat.java-1.52.0-win32-x64\jre\21.0.9-win32-x86_64\bin\net.dll
0x00007ffd272b0000 - 0x00007ffd273cf000 	C:\WINDOWS\SYSTEM32\WINHTTP.dll
0x00007ffd34810000 - 0x00007ffd3487b000 	C:\WINDOWS\system32\mswsock.dll
0x00007ffca3c50000 - 0x00007ffca3c66000 	C:\Users\Glymin Terra Selasi\.trae\extensions\redhat.java-1.52.0-win32-x64\jre\21.0.9-win32-x86_64\bin\nio.dll
0x00007ffceb3a0000 - 0x00007ffceb3b0000 	c:\Users\Glymin Terra Selasi\.trae\extensions\redhat.java-1.52.0-win32-x64\jre\21.0.9-win32-x86_64\bin\verify.dll
0x00007ffd34ac0000 - 0x00007ffd34adb000 	C:\WINDOWS\SYSTEM32\CRYPTSP.dll
0x00007ffd34200000 - 0x00007ffd3423b000 	C:\WINDOWS\system32\rsaenh.dll
0x00007ffd348b0000 - 0x00007ffd348db000 	C:\WINDOWS\SYSTEM32\USERENV.dll
0x00007ffd353c0000 - 0x00007ffd353e6000 	C:\WINDOWS\SYSTEM32\bcrypt.dll
0x00007ffd34ae0000 - 0x00007ffd34aec000 	C:\WINDOWS\SYSTEM32\CRYPTBASE.dll
0x00007ffd33cd0000 - 0x00007ffd33d04000 	C:\WINDOWS\SYSTEM32\IPHLPAPI.DLL
0x00007ffd38000000 - 0x00007ffd3800a000 	C:\WINDOWS\System32\NSI.dll
0x00007ffd2fff0000 - 0x00007ffd2fffa000 	C:\Users\Glymin Terra Selasi\.trae\extensions\redhat.java-1.52.0-win32-x64\jre\21.0.9-win32-x86_64\bin\management.dll
0x00007ffd2ffe0000 - 0x00007ffd2ffec000 	C:\Users\Glymin Terra Selasi\.trae\extensions\redhat.java-1.52.0-win32-x64\jre\21.0.9-win32-x86_64\bin\management_ext.dll
0x00007ffd36a10000 - 0x00007ffd36a18000 	C:\WINDOWS\System32\PSAPI.DLL
0x00007ffd31fe0000 - 0x00007ffd31fee000 	C:\Users\Glymin Terra Selasi\.trae\extensions\redhat.java-1.52.0-win32-x64\jre\21.0.9-win32-x86_64\bin\sunmscapi.dll
0x00007ffd35f90000 - 0x00007ffd36107000 	C:\WINDOWS\System32\CRYPT32.dll
0x00007ffd34ce0000 - 0x00007ffd34d10000 	C:\WINDOWS\SYSTEM32\ncrypt.dll
0x00007ffd34c90000 - 0x00007ffd34ccf000 	C:\WINDOWS\SYSTEM32\NTASN1.dll
0x00007ffd33d70000 - 0x00007ffd33e96000 	C:\WINDOWS\SYSTEM32\DNSAPI.dll
0x00007ffd2d9b0000 - 0x00007ffd2d9bb000 	C:\Windows\System32\rasadhlp.dll
0x00007ffd2f660000 - 0x00007ffd2f6e6000 	C:\WINDOWS\System32\fwpuclnt.dll
0x00007ffd30210000 - 0x00007ffd30219000 	C:\Users\Glymin Terra Selasi\.trae\extensions\redhat.java-1.52.0-win32-x64\jre\21.0.9-win32-x86_64\bin\extnet.dll

JVMTI agents: none

dbghelp: loaded successfully - version: 4.0.5 - missing functions: none
symbol engine: initialized successfully - sym options: 0x614 - pdb path: .;c:\Users\Glymin Terra Selasi\.trae\extensions\redhat.java-1.52.0-win32-x64\jre\21.0.9-win32-x86_64\bin;C:\WINDOWS\SYSTEM32;C:\WINDOWS\WinSxS\amd64_microsoft.windows.common-controls_6595b64144ccf1df_6.0.26100.6899_none_3e0efeeae32e88c1;c:\Users\Glymin Terra Selasi\.trae\extensions\redhat.java-1.52.0-win32-x64\jre\21.0.9-win32-x86_64\bin\server

VM Arguments:
jvm_args: -Dsts.lsp.client=vscode -Dsts.log.file=/dev/null -XX:TieredStopAtLevel=1 -Xlog:jni+resolve=off -Dspring.config.location=file:c:\Users\Glymin Terra Selasi\.trae\extensions\pivotal.vscode-spring-boot-1.43.0-universal\language-server\BOOT-INF\classes\application.properties 
java_command: org.springframework.ide.vscode.boot.app.BootLanguageServerBootApp
java_class_path (initial): c:\Users\Glymin Terra Selasi\.trae\extensions\pivotal.vscode-spring-boot-1.43.0-universal\language-server\BOOT-INF\classes;c:\Users\Glymin Terra Selasi\.trae\extensions\pivotal.vscode-spring-boot-1.43.0-universal\language-server\BOOT-INF\lib\annotations-23.1.0.jar;c:\Users\Glymin Terra Selasi\.trae\extensions\pivotal.vscode-spring-boot-1.43.0-universal\language-server\BOOT-INF\lib\ant-1.10.12.jar;c:\Users\Glymin Terra Selasi\.trae\extensions\pivotal.vscode-spring-boot-1.43.0-universal\language-server\BOOT-INF\lib\ant-launcher-1.10.12.jar;c:\Users\Glymin Terra Selasi\.trae\extensions\pivotal.vscode-spring-boot-1.43.0-universal\language-server\BOOT-INF\lib\antlr-runtime-3.5.2.jar;c:\Users\Glymin Terra Selasi\.trae\extensions\pivotal.vscode-spring-boot-1.43.0-universal\language-server\BOOT-INF\lib\antlr4-4.9.3.jar;c:\Users\Glymin Terra Selasi\.trae\extensions\pivotal.vscode-spring-boot-1.43.0-universal\language-server\BOOT-INF\lib\antlr4-runtime-4.9.3.jar;c:\Users\Glymin Terra Selasi\.trae\extensions\pivotal.vscode-spring-boot-1.43.0-universal\language-server\BOOT-INF\lib\apiguardian-api-1.1.2.jar;c:\Users\Glymin Terra Selasi\.trae\extensions\pivotal.vscode-spring-boot-1.43.0-universal\language-server\BOOT-INF\lib\asm-9.4.jar;c:\Users\Glymin Terra Selasi\.trae\extensions\pivotal.vscode-spring-boot-1.43.0-universal\language-server\BOOT-INF\lib\asm-analysis-9.4.jar;c:\Users\Glymin Terra Selasi\.trae\extensions\pivotal.vscode-spring-boot-1.43.0-universal\language-server\BOOT-INF\lib\asm-tree-9.4.jar;c:\Users\Glymin Terra Selasi\.trae\extensions\pivotal.vscode-spring-boot-1.43.0-universal\language-server\BOOT-INF\lib\asm-util-9.4.jar;c:\Users\Glymin Terra Selasi\.trae\extensions\pivotal.vscode-spring-boot-1.43.0-universal\language-server\BOOT-INF\lib\caffeine-3.1.2.jar;c:\Users\Glymin Terra Selasi\.trae\extensions\pivotal.vscode-spring-boot-1.43.0-universal\language-server\BOOT-INF\lib\checker-qual-3.12.0.jar;c:\Users\Glymin Terra Selasi\.trae\extensions\pivotal.vscode-spring-boot-1.43.0-universal\language-server\BOOT-INF\lib\ci-environment-9.1.0.jar;c:\Users\Glymin Terra Selasi\.trae\extensions\pivotal.vscode-spring-boot-1.43.0-universal\language-server\BOOT-INF\lib\classgraph-4.8.149.jar;c:\Users\Glymin Terra Selasi\.trae\extensions\pivotal.vscode-spring-boot-1.43.0-universal\language-server\BOOT-INF\lib\commons-codec-1.15.jar;c:\Users\Glymin Terra Selasi\.trae\extensions\pivotal.vscode-spring-boot-1.43.0-universal\language-server\BOOT-INF\lib\commons-compress-1.22.jar;c:\Users\Glymin Terra Selasi\.trae\extensions\pivotal.vscode-spring-boot-1.43.0-universal\language-server\BOOT-INF\lib\commons-io-2.4.jar;c:\Users\Glymin Terra Selasi\.trae\extensions\pivotal.vscode-spring-boot-1.43.0-universal\language-server\BOOT-INF\lib\commons-java-1.43.0-SNAPSHOT.jar;c:\Users\Glymin Terra Selasi\.trae\extensions\pivotal.vscode-spring-boot-1.43.0-universal\language-server\BOOT-INF\lib\commons-lang3-3.12.0.jar;c:\Users\Glymin Terra Selasi\.trae\extensions\pivotal.vscode-spring-boot-1.43.0-universal\language-server\BOOT-INF\lib\commons-language-server-1.43.0-SNAPSHOT.jar;c:\Users\Glymin Terra Selasi\.trae\extensions\pivotal.vscode-spring-boot-1.43.0-universal\language-server\BOOT-INF\lib\commons-lsp-extensions-1.43.0-SNAPSHOT.jar;c:\Users\Glymin Terra Selasi\.trae\extensions\pivotal.vscode-spring-boot-1.43.0-universal\language-server\BOOT-INF\lib\commons-rewrite-1.43.0-SNAPSHOT.jar;c:\Users\Glymin Terra Selasi\.trae\extensions\pivotal.vscode-spring-boot-1.43.0-universal\language-server\BOOT-INF\lib\commons-text-1.10.0.jar;c:\Users\Glymin Terra Selasi\.trae\extensions\pivotal.vscode-spring-boot-1.43.0-universal\language-server\BOOT-INF\lib\commons-util-1.43.0-SNAPSHOT.jar;c:\Users\Glymin Terra Selasi\.trae\extensions\pivotal.vscode-spring-boot-1.43.0-universal\language-server\BOOT-INF\lib\commons-yaml-1.43.0-SNAPSHOT.jar;c:\Users\Glymin Terra Selasi\.trae\extensions\pivotal.vscode-spring-boot-1.43.0-universal\language-server\BOOT-INF\lib\cucumber-core-7.9.0.jar;c:\Users\Glymin Terra Selasi\.trae\extensions\pivotal.vscode-spring-boot-1.43.0-universal\language-server\BOOT-INF\lib\cucumber-expressions-16.0.0.jar;c:\Users\Glymin Terra Selasi\.trae\extensions\pivotal.vscode-spring-boot-1.43.0-universal\language-server\BOOT-INF\lib\cucumber-gherkin-7.9.0.jar;c:\Users\Glymin Terra Selasi\.trae\extensions\pivotal.vscode-spring-boot-1.43.0-universal\language-server\BOOT-INF\lib\cucumber-gherkin-messages-7.9.0.jar;c:\Users\Glymin Terra Selasi\.trae\extensions\pivotal.vscode-spring-boot-1.43.0-universal\language-server\BOOT-INF\lib\cucumber-java-7.9.0.jar;c:\Users\Glymin Terra Selasi\.trae\extensions\pivotal.vscode-spring-boot-1.43.0-universal\language-server\BOOT-INF\lib\cucumber-java8-7.9.0.jar;c:\Users\Glymin Terra Selasi\.trae\extensions\pivotal.vscode-spring-boot-1.43.0-universal\language-server\BOOT-INF\lib\cucumber-junit-platform-engine-7.9.0.jar;c:\Users\Glymin Terra Selasi\.trae\extensions\pivotal.vscode-spring-boot-1.43.0-universal\language-server\BOOT-INF\lib\cucumber-plugin-7.9.0.jar;c:\Users\Glymin Terra Selasi\.trae\extensions\pivotal.vscode-spring-boot-1.43.0-universal\language-server\BOOT-INF\lib\datatable-7.9.0.jar;c:\Users\Glymin Terra Selasi\.trae\extensions\pivotal.vscode-spring-boot-1.43.0-universal\language-server\BOOT-INF\lib\docstring-7.9.0.jar;c:\Users\Glymin Terra Selasi\.trae\extensions\pivotal.vscode-spring-boot-1.43.0-universal\language-server\BOOT-INF\lib\error_prone_annotations-2.11.0.jar;c:\Users\Glymin Terra Selasi\.trae\extensions\pivotal.vscode-spring-boot-1.43.0-universal\language-server\BOOT-INF\lib\failureaccess-1.0.1.jar;c:\Users\Glymin Terra Selasi\.trae\extensions\pivotal.vscode-spring-boot-1.43.0-universal\language-server\BOOT-INF\lib\fastfilter-1.0.2.jar;c:\Users\Glymin Terra Selasi\.trae\extensions\pivotal.vscode-spring-boot-1.43.0-universal\language-server\BOOT-INF\lib\gherkin-24.1.0.jar;c:\Users\Glymin Terra Selasi\.trae\extensions\pivotal.vscode-spring-boot-1.43.0-universal\language-server\BOOT-INF\lib\gizmo-1.0.11.Final.jar;c:\Users\Glymin Terra Selasi\.trae\extensions\pivotal.vscode-spring-boot-1.43.0-universal\language-server\BOOT-INF\lib\gson-2.9.1.jar;c:\Users\Glymin Terra Selasi\.trae\extensions\pivotal.vscode-spring-boot-1.43.0-universal\language-server\BOOT-INF\lib\guava-31.1-jre.jar;c:\Users\Glymin Terra Selasi\.trae\extensions\pivotal.vscode-spring-boot-1.43.0-universal\language-server\BOOT-INF\lib\hamcrest-2.2.jar;c:\Users\Glymin Terra Selasi\.trae\extensions\pivotal.vscode-spring-boot-1.43.0-universal\language-server\BOOT-INF\lib\HdrHistogram-2.1.12.jar;c:\Users\Glymin Terra Selasi\.trae\extensions\pivotal.vscode-spring-boot-1.43.0-universal\language-server\BOOT-INF\lib\html-formatter-20.1.0.jar;c:\Users\Glymin Terra Selasi\.trae\extensions\pivotal.vscode-spring-boot-1.43.0-universal\language-server\BOOT-INF\lib\icu4j-69.1.jar;c:\Users\Glymin Terra Selasi\.trae\extensions\pivotal.vscode-spring-boot-1.43.0-universal\language-server\BOOT-INF\lib\j2objc-annotations-1.3.jar;c:\Users\Glymin Terra Selasi\.trae\extensions\pivotal.vscode-spring-boot-1.43.0-universal\language-server\BOOT-INF\lib\jackson-annotations-2.14.1.jar;c:\Users\Glymin Terra Selasi\.trae\extensions\pivotal.vscode-spring-boot-1.43.0-universal\language-server\BOOT-INF\lib\jackson-core-2.14.1.jar;c:\Users\Glymin Terra Selasi\.trae\extensions\pivotal.vscode-spring-boot-1.43.0-universal\language-server\BOOT-INF\lib\jackson-databind-2.14.1.jar;c:\Users\Glymin Terra Selasi\.trae\extensions\pivotal.vscode-spring-boot-1.43.0-universal\language-server\BOOT-INF\lib\jackson-dataformat-smile-2.14.1.jar;c:\Users\Glymin Terra Selasi\.trae\extensions\pivotal.vscode-spring-boot-1.43.0-universal\language-server\BOOT-INF\lib\jackson-dataformat-xml-2.14.1.jar;c:\Users\Glymin Terra Selasi\.trae\extensions\pivotal.vscode-spring-boot-1.43.0-universal\language-server\BOOT-INF\lib\jackson-datatype-jdk8-2.14.1.jar;c:\Users\Glymin Terra Selasi\.trae\extensions\pivotal.vscode-spring-boot-1.43.0-universal\language-server\BOOT-INF\lib\jackson-module-jaxb-annotations-2.14.1.jar;c:\Users\Glymin Terra Selasi\.trae\extensions\pivotal.vscode-spring-boot-1.43.0-universal\language-server\BOOT-INF\lib\jackson-module-parameter-names-2.14.1.jar;c:\Users\Glymin Terra Selasi\.trae\extensions\pivotal.vscode-spring-boot-1.43.0-universal\language-server\BOOT-INF\lib\jakarta.activation-api-2.1.0.jar;c:\Users\Glymin Terra Selasi\.trae\extensions\pivotal.vscode-spring-boot-1.43.0-universal\language-server\BOOT-INF\lib\jakarta.annotation-api-2.1.1.jar;c:\Users\Glymin Terra Selasi\.trae\extensions\pivotal.vscode-spring-boot-1.43.0-universal\language-server\BOOT-INF\lib\jakarta.xml.bind-api-4.0.0.jar;c:\Users\Glymin Terra Selasi\.trae\extensions\pivotal.vscode-spring-boot-1.43.0-universal\language-server\BOOT-INF\lib\jandex-2.0.5.Final.jar;c:\Users\Glymin Terra Selasi\.trae\extensions\pivotal.vscode-spring-boot-1.43.0-universal\language-server\BOOT-INF\lib\java-object-diff-0.95.jar;c:\Users\Glymin Terra Selasi\.trae\extensions\pivotal.vscode-spring-boot-1.43.0-universal\language-server\BOOT-INF\lib\java-properties-1.43.0-SNAPSHOT.jar;c:\Users\Glymin Terra Selasi\.trae\extensions\pivotal.vscode-spring-boot-1.43.0-universal\language-server\BOOT-INF\lib\javax.activation-api-1.2.0.jar;c:\Users\Glymin Terra Selasi\.trae\extensions\pivotal.vscode-spring-boot-1.43.0-universal\language-server\BOOT-INF\lib\javax.inject-1.jar;c:\Users\Glymin Terra Selasi\.trae\extensions\pivotal.vscode-spring-boot-1.43.0-universal\language-server\BOOT-INF\lib\javax.json-1.0.4.jar;c:\Users\Glymin Terra Selasi\.trae\extensions\pivotal.vscode-spring-boot-1.43.0-universal\language-server\BOOT-INF\lib\javolution-core-java-6.0.0.jar;c:\Users\Glymin Terra Selasi\.trae\extensions\pivotal.vscode-spring-boot-1.43.0-universal\language-server\BOOT-INF\lib\jaxb-api-2.3.1.jar;c:\Users\Glymin Terra Selasi\.trae\extensions\pivotal.vscode-spring-boot-1.43.0-universal\language-server\BOOT-INF\lib\jna-5.12.1.jar;c:\Users\Glymin Terra Selasi\.trae\extensions\pivotal.vscode-spring-boot-1.43.0-universal\language-server\BOOT-INF\lib\jna-platform-5.12.1.jar;c:\Users\Glymin Terra Selasi\.trae\extensions\pivotal.vscode-spring-boot-1.43.0-universal\language-server\BOOT-INF\lib\json-20160810.jar;c:\Users\Glymin Terra Selasi\.trae\extensions\pivotal.vscode-spring-boot-1.43.0-universal\language-server\BOOT-INF\lib\jsoup-1.9.2.jar;c:\Users\Glymin Terra Selasi\.trae\extensions\pivotal.vscode-spring-boot-1.43.0-universal\language-server\BOOT-INF\lib\jsr305-3.0.2.jar;c:\Users\Glymin Terra Selasi\.trae\extensions\pivotal.vscode-spring-boot-1.43.0-universal\language-server\BOOT-INF\lib\jul-to-slf4j-2.0.4.jar;c:\Users\Glymin Terra Selasi\.trae\extensions\pivotal.vscode-spring-boot-1.43.0-universal\language-server\BOOT-INF\lib\junit-jupiter-params-5.9.1.jar;c:\Users\Glymin Terra Selasi\.trae\extensions\pivotal.vscode-spring-boot-1.43.0-universal\language-server\BOOT-INF\lib\junit-platform-commons-1.9.1.jar;c:\Users\Glymin Terra Selasi\.trae\extensions\pivotal.vscode-spring-boot-1.43.0-universal\language-server\BOOT-INF\lib\junit-platform-engine-1.9.1.jar;c:\Users\Glymin Terra Selasi\.trae\extensions\pivotal.vscode-spring-boot-1.43.0-universal\language-server\BOOT-INF\lib\junit-platform-suite-api-1.9.1.jar;c:\Users\Glymin Terra Selasi\.trae\extensions\pivotal.vscode-spring-boot-1.43.0-universal\language-server\BOOT-INF\lib\language-server-starter-1.43.0-SNAPSHOT.jar;c:\Users\Glymin Terra Selasi\.trae\extensions\pivotal.vscode-spring-boot-1.43.0-universal\language-server\BOOT-INF\lib\LatencyUtils-2.0.3.jar;c:\Users\Glymin Terra Selasi\.trae\extensions\pivotal.vscode-spring-boot-1.43.0-universal\language-server\BOOT-INF\lib\listenablefuture-9999.0-empty-to-avoid-conflict-with-guava.jar;c:\Users\Glymin Terra Selasi\.trae\extensions\pivotal.vscode-spring-boot-1.43.0-universal\language-server\BOOT-INF\lib\log4j-api-2.19.0.jar;c:\Users\Glymin Terra Selasi\.trae\extensions\pivotal.vscode-spring-boot-1.43.0-universal\language-server\BOOT-INF\lib\log4j-to-slf4j-2.19.0.jar;c:\Users\Glymin Terra Selasi\.trae\extensions\pivotal.vscode-spring-boot-1.43.0-universal\language-server\BOOT-INF\lib\logback-classic-1.4.5.jar;c:\Users\Glymin Terra Selasi\.trae\extensions\pivotal.vscode-spring-boot-1.43.0-universal\language-server\BOOT-INF\lib\logback-core-1.4.5.jar;c:\Users\Glymin Terra Selasi\.trae\extensions\pivotal.vscode-spring-boot-1.43.0-universal\language-server\BOOT-INF\lib\messages-19.1.4.jar;c:\Users\Glymin Terra Selasi\.trae\extensions\pivotal.vscode-spring-boot-1.43.0-universal\language-server\BOOT-INF\lib\micrometer-commons-1.10.2.jar;c:\Users\Glymin Terra Selasi\.trae\extensions\pivotal.vscode-spring-boot-1.43.0-universal\language-server\BOOT-INF\lib\micrometer-core-1.10.2.jar;c:\Users\Glymin Terra Selasi\.trae\extensions\pivotal.vscode-spring-boot-1.43.0-universal\language-server\BOOT-INF\lib\micrometer-observation-1.10.2.jar;c:\Users\Glymin Terra Selasi\.trae\extensions\pivotal.vscode-spring-boot-1.43.0-universal\language-server\BOOT-INF\lib\opentest4j-1.2.0.jar;c:\Users\Glymin Terra Selasi\.trae\extensions\pivotal.vscode-spring-boot-1.43.0-universal\language-server\BOOT-INF\lib\org.abego.treelayout.core-1.0.3.jar;c:\Users\Glymin Terra Selasi\.trae\extensions\pivotal.vscode-spring-boot-1.43.0-universal\language-server\BOOT-INF\lib\org.eclipse.core.commands-3.10.300.jar;c:\Users\Glymin Terra Selasi\.trae\extensions\pivotal.vscode-spring-boot-1.43.0-universal\language-server\BOOT-INF\lib\org.eclipse.core.contenttype-3.8.200.jar;c:\Users\Glymin Terra Selasi\.trae\extensions\pivotal.vscode-spring-boot-1.43.0-universal\language-server\BOOT-INF\lib\org.eclipse.core.expressions-3.8.200.jar;c:\Users\Glymin Terra Selasi\.trae\extensions\pivotal.vscode-spring-boot-1.43.0-universal\language-server\BOOT-INF\lib\org.eclipse.core.filesystem-1.9.500.jar;c:\Users\Glymin Terra Selasi\.trae\extensions\pivotal.vscode-spring-boot-1.43.0-universal\language-server\BOOT-INF\lib\org.eclipse.core.jobs-3.13.200.jar;c:\Users\Glymin Terra Selasi\.trae\extensions\pivotal.vscode-spring-boot-1.43.0-universal\language-server\BOOT-INF\lib\org.eclipse.core.resources-3.18.100.jar;c:\Users\Glymin Terra Selasi\.trae\extensions\pivotal.vscode-spring-boot-1.43.0-universal\language-server\BOOT-INF\lib\org.eclipse.core.runtime-3.26.100.jar;c:\Users\Glymin Terra Selasi\.trae\extensions\pivotal.vscode-spring-boot-1.43.0-universal\language-server\BOOT-INF\lib\org.eclipse.equinox.app-1.6.200.jar;c:\Users\Glymin Terra Selasi\.trae\extensions\pivotal.vscode-spring-boot-1.43.0-universal\language-server\BOOT-INF\lib\org.eclipse.equinox.common-3.17.0.jar;c:\Users\Glymin Terra Selasi\.trae\extensions\pivotal.vscode-spring-boot-1.43.0-universal\language-server\BOOT-INF\lib\org.eclipse.equinox.preferences-3.10.1.jar;c:\Users\Glymin Terra Selasi\.trae\extensions\pivotal.vscode-spring-boot-1.43.0-universal\language-server\BOOT-INF\lib\org.eclipse.equinox.registry-3.11.200.jar;c:\Users\Glymin Terra Selasi\.trae\extensions\pivotal.vscode-spring-boot-1.43.0-universal\language-server\BOOT-INF\lib\org.eclipse.jdt.core-3.32.0.jar;c:\Users\Glymin Terra Selasi\.trae\extensions\pivotal.vscode-spring-boot-1.43.0-universal\language-server\BOOT-INF\lib\org.eclipse.lemminx-0.13.1.jar;c:\Users\Glymin Terra Selasi\.trae\extensions\pivotal.vscode-spring-boot-1.43.0-universal\language-server\BOOT-INF\lib\org.eclipse.lsp4j-0.19.0.jar;c:\Users\Glymin Terra Selasi\.trae\extensions\pivotal.vscode-spring-boot-1.43.0-universal\language-server\BOOT-INF\lib\org.eclipse.lsp4j.generator-0.19.0.jar;c:\Users\Glymin Terra Selasi\.trae\extensions\pivotal.vscode-spring-boot-1.43.0-universal\language-server\BOOT-INF\lib\org.eclipse.lsp4j.jsonrpc-0.19.0.jar;c:\Users\Glymin Terra Selasi\.trae\extensions\pivotal.vscode-spring-boot-1.43.0-universal\language-server\BOOT-INF\lib\org.eclipse.osgi-3.18.200.jar;c:\Users\Glymin Terra Selasi\.trae\extensions\pivotal.vscode-spring-boot-1.43.0-universal\language-server\BOOT-INF\lib\org.eclipse.text-3.12.300.jar;c:\Users\Glymin Terra Selasi\.trae\extensions\pivotal.vscode-spring-boot-1.43.0-universal\language-server\BOOT-INF\lib\org.eclipse.xtend.lib-2.28.0.jar;c:\Users\Glymin Terra Selasi\.trae\extensions\pivotal.vscode-spring-boot-1.43.0-universal\language-server\BOOT-INF\lib\org.eclipse.xtend.lib.macro-2.28.0.jar;c:\Users\Glymin Terra Selasi\.trae\extensions\pivotal.vscode-spring-boot-1.43.0-universal\language-server\BOOT-INF\lib\org.eclipse.xtext.xbase.lib-2.28.0.jar;c:\Users\Glymin Terra Selasi\.trae\extensions\pivotal.vscode-spring-boot-1.43.0-universal\language-server\BOOT-INF\lib\org.json-1.0.0-SNAPSHOT.jar;c:\Users\Glymin Terra Selasi\.trae\extensions\pivotal.vscode-spring-boot-1.43.0-universal\language-server\BOOT-INF\lib\org.osgi.service.prefs-1.1.2.jar;c:\Users\Glymin Terra Selasi\.trae\extensions\pivotal.vscode-spring-boot-1.43.0-universal\language-server\BOOT-INF\lib\osgi.annotation-8.0.1.jar;c:\Users\Glymin Terra Selasi\.trae\extensions\pivotal.vscode-spring-boot-1.43.0-universal\language-server\BOOT-INF\lib\reactive-streams-1.0.4.jar;c:\Users\Glymin Terra Selasi\.trae\extensions\pivotal.vscode-spring-boot-1.43.0-universal\language-server\BOOT-INF\lib\reactor-core-3.5.0.jar;c:\Users\Glymin Terra Selasi\.trae\extensions\pivotal.vscode-spring-boot-1.43.0-universal\language-server\BOOT-INF\lib\remark-1.0.0.jar;c:\Users\Glymin Terra Selasi\.trae\extensions\pivotal.vscode-spring-boot-1.43.0-universal\language-server\BOOT-INF\lib\resilience4j-core-1.7.0.jar;c:\Users\Glymin Terra Selasi\.trae\extensions\pivotal.vscode-spring-boot-1.43.0-universal\language-server\BOOT-INF\lib\resilience4j-retry-1.7.0.jar;c:\Users\Glymin Terra Selasi\.trae\extensions\pivotal.vscode-spring-boot-1.43.0-universal\language-server\BOOT-INF\lib\rewrite-core-7.34.0.jar;c:\Users\Glymin Terra Selasi\.trae\extensions\pivotal.vscode-spring-boot-1.43.0-universal\language-server\BOOT-INF\lib\rewrite-java-11-7.34.0.jar;c:\Users\Glymin Terra Selasi\.trae\extensions\pivotal.vscode-spring-boot-1.43.0-universal\language-server\BOOT-INF\lib\rewrite-java-17-7.34.0.jar;c:\Users\Glymin Terra Selasi\.trae\extensions\pivotal.vscode-spring-boot-1.43.0-universal\language-server\BOOT-INF\lib\rewrite-java-7.34.0.jar;c:\Users\Glymin Terra Selasi\.trae\extensions\pivotal.vscode-spring-boot-1.43.0-universal\language-server\BOOT-INF\lib\rewrite-java-8-7.34.0.jar;c:\Users\Glymin Terra Selasi\.trae\extensions\pivotal.vscode-spring-boot-1.43.0-universal\language-server\BOOT-INF\lib\rewrite-maven-7.34.0.jar;c:\Users\Glymin Terra Selasi\.trae\extensions\pivotal.vscode-spring-boot-1.43.0-universal\language-server\BOOT-INF\lib\rewrite-migrate-java-1.15.0.jar;c:\Users\Glymin Terra Selasi\.trae\extensions\pivotal.vscode-spring-boot-1.43.0-universal\language-server\BOOT-INF\lib\rewrite-properties-7.34.0.jar;c:\Users\Glymin Terra Selasi\.trae\extensions\pivotal.vscode-spring-boot-1.43.0-universal\language-server\BOOT-INF\lib\rewrite-spring-4.31.0.jar;c:\Users\Glymin Terra Selasi\.trae\extensions\pivotal.vscode-spring-boot-1.43.0-universal\language-server\BOOT-INF\lib\rewrite-testing-frameworks-1.32.0.jar;c:\Users\Glymin Terra Selasi\.trae\extensions\pivotal.vscode-spring-boot-1.43.0-universal\language-server\BOOT-INF\lib\rewrite-xml-7.34.0.jar;c:\Users\Glymin Terra Selasi\.trae\extensions\pivotal.vscode-spring-boot-1.43.0-universal\language-server\BOOT-INF\lib\rewrite-yaml-7.34.0.jar;c:\Users\Glymin Terra Selasi\.trae\extensions\pivotal.vscode-spring-boot-1.43.0-universal\language-server\BOOT-INF\lib\slf4j-api-2.0.4.jar;c:\Users\Glymin Terra Selasi\.trae\extensions\pivotal.vscode-spring-boot-1.43.0-universal\language-server\BOOT-INF\lib\snakeyaml-1.33.jar;c:\Users\Glymin Terra Selasi\.trae\extensions\pivotal.vscode-spring-boot-1.43.0-universal\language-server\BOOT-INF\lib\snappy-java-1.1.8.4.jar;c:\Users\Glymin Terra Selasi\.trae\extensions\pivotal.vscode-spring-boot-1.43.0-universal\language-server\BOOT-INF\lib\spring-aop-6.0.2.jar;c:\Users\Glymin Terra Selasi\.trae\extensions\pivotal.vscode-spring-boot-1.43.0-universal\language-server\BOOT-INF\lib\spring-beans-6.0.2.jar;c:\Users\Glymin Terra Selasi\.trae\extensions\pivotal.vscode-spring-boot-1.43.0-universal\language-server\BOOT-INF\lib\spring-boot-3.0.0.jar;c:\Users\Glymin Terra Selasi\.trae\extensions\pivotal.vscode-spring-boot-1.43.0-universal\language-server\BOOT-INF\lib\spring-boot-autoconfigure-3.0.0.jar;c:\Users\Glymin Terra Selasi\.trae\extensions\pivotal.vscode-spring-boot-1.43.0-universal\language-server\BOOT-INF\lib\spring-boot-jarmode-layertools-3.0.0.jar;c:\Users\Glymin Terra Selasi\.trae\extensions\pivotal.vscode-spring-boot-1.43.0-universal\language-server\BOOT-INF\lib\spring-context-6.0.2.jar;c:\Users\Glymin Terra Selasi\.trae\extensions\pivotal.vscode-spring-boot-1.43.0-universal\language-server\BOOT-INF\lib\spring-context-indexer-6.0.2.jar;c:\Users\Glymin Terra Selasi\.trae\extensions\pivotal.vscode-spring-boot-1.43.0-universal\language-server\BOOT-INF\lib\spring-core-6.0.2.jar;c:\Users\Glymin Terra Selasi\.trae\extensions\pivotal.vscode-spring-boot-1.43.0-universal\language-server\BOOT-INF\lib\spring-expression-6.0.2.jar;c:\Users\Glymin Terra Selasi\.trae\extensions\pivotal.vscode-spring-boot-1.43.0-universal\language-server\BOOT-INF\lib\spring-jcl-6.0.2.jar;c:\Users\Glymin Terra Selasi\.trae\extensions\pivotal.vscode-spring-boot-1.43.0-universal\language-server\BOOT-INF\lib\spring-web-6.0.2.jar;c:\Users\Glymin Terra Selasi\.trae\extensions\pivotal.vscode-spring-boot-1.43.0-universal\language-server\BOOT-INF\lib\ST4-4.3.1.jar;c:\Users\Glymin Terra Selasi\.trae\extensions\pivotal.vscode-spring-boot-1.43.0-universal\language-server\BOOT-INF\lib\stax2-api-4.2.1.jar;c:\Users\Glymin Terra Selasi\.trae\extensions\pivotal.vscode-spring-boot-1.43.0-universal\language-server\BOOT-INF\lib\tag-expressions-4.1.0.jar;c:\Users\Glymin Terra Selasi\.trae\extensions\pivotal.vscode-spring-boot-1.43.0-universal\language-server\BOOT-INF\lib\typetools-0.6.3.jar;c:\Users\Glymin Terra Selasi\.trae\extensions\pivotal.vscode-spring-boot-1.43.0-universal\language-server\BOOT-INF\lib\vavr-0.10.2.jar;c:\Users\Glymin Terra Selasi\.trae\extensions\pivotal.vscode-spring-boot-1.43.0-universal\language-server\BOOT-INF\lib\vavr-match-0.10.2.jar;c:\Users\Glymin Terra Selasi\.trae\extensions\pivotal.vscode-spring-boot-1.43.0-universal\language-server\BOOT-INF\lib\woodstox-core-6.4.0.jar;c:\Users\Glymin Terra Selasi\.trae\extensions\pivotal.vscode-spring-boot-1.43.0-universal\language-server\BOOT-INF\lib\xercesImpl-2.12.0.jar;c:\Users\Glymin Terra Selasi\.trae\extensions\pivotal.vscode-spring-boot-1.43.0-universal\language-server\BOOT-INF\lib\xml-apis-1.4.01.jar;c:\Users\Glymin Terra Selasi\.trae\extensions\pivotal.vscode-spring-boot-1.43.0-universal\language-server\BOOT-INF\lib\xml-resolver-1.2.jar
Launcher Type: SUN_STANDARD

[Global flags]
     intx CICompilerCount                          = 4                                         {product} {ergonomic}
     uint ConcGCThreads                            = 2                                         {product} {ergonomic}
     uint G1ConcRefinementThreads                  = 8                                         {product} {ergonomic}
   size_t G1HeapRegionSize                         = 1048576                                   {product} {ergonomic}
    uintx GCDrainStackTargetSize                   = 64                                        {product} {ergonomic}
   size_t InitialHeapSize                          = 130023424                                 {product} {ergonomic}
   size_t MarkStackSize                            = 4194304                                   {product} {ergonomic}
   size_t MaxHeapSize                              = 2080374784                                {product} {ergonomic}
   size_t MaxNewSize                               = 1247805440                                {product} {ergonomic}
   size_t MinHeapDeltaBytes                        = 1048576                                   {product} {ergonomic}
   size_t MinHeapSize                              = 8388608                                   {product} {ergonomic}
    uintx NonNMethodCodeHeapSize                   = 4096                                   {pd product} {ergonomic}
    uintx NonProfiledCodeHeapSize                  = 0                                      {pd product} {ergonomic}
     bool ProfileInterpreter                       = false                                  {pd product} {command line}
    uintx ProfiledCodeHeapSize                     = 0                                      {pd product} {ergonomic}
   size_t SoftMaxHeapSize                          = 2080374784                             {manageable} {ergonomic}
     intx TieredStopAtLevel                        = 1                                         {product} {command line}
     bool UseCompressedOops                        = true                           {product lp64_product} {ergonomic}
     bool UseG1GC                                  = true                                      {product} {ergonomic}
     bool UseLargePagesIndividualAllocation        = false                                  {pd product} {ergonomic}

Logging:
Log output configuration:
 #0: stdout all=warning,jni+resolve=off uptime,level,tags foldmultilines=false
 #1: stderr all=off uptime,level,tags foldmultilines=false

Release file:
JAVA_VERSION="21.0.9" 
MODULES="java.base java.compiler java.datatransfer java.xml java.prefs java.desktop java.instrument java.logging java.management java.security.sasl java.naming java.rmi java.management.rmi java.net.http java.scripting java.security.jgss java.transaction.xa java.sql java.sql.rowset java.xml.crypto java.se java.smartcardio jdk.accessibility jdk.internal.jvmstat jdk.attach jdk.charsets jdk.internal.opt jdk.zipfs jdk.compiler jdk.crypto.ec jdk.crypto.cryptoki jdk.crypto.mscapi jdk.dynalink jdk.internal.ed jdk.editpad jdk.hotspot.agent jdk.httpserver jdk.internal.le jdk.internal.vm.ci jdk.internal.vm.compiler jdk.internal.vm.compiler.management jdk.jartool jdk.javadoc jdk.jcmd jdk.management jdk.management.agent jdk.jconsole jdk.jdeps jdk.jdwp.agent jdk.jdi jdk.jfr jdk.jshell jdk.jsobject jdk.jstatd jdk.localedata jdk.management.jfr jdk.naming.dns jdk.naming.rmi jdk.net jdk.nio.mapmode jdk.random jdk.sctp jdk.security.auth jdk.security.jgss jdk.unsupported jdk.unsupported.desktop jdk.xml.dom" 

Environment Variables:
JAVA_HOME=C:\Program Files\jdk-23.0.1
PATH=c:\Users\Glymin Terra Selasi\.trae\tools\trae-gopls\current;c:\Users\Glymin Terra Selasi\.trae\sdks\workspaces\9c0f5ab8\versions\node\current;c:\Users\Glymin Terra Selasi\.trae\sdks\versions\node\current;C:\Python312\Scripts\;C:\Python312\;C:\WINDOWS\system32;C:\WINDOWS;C:\WINDOWS\System32\Wbem;C:\WINDOWS\System32\WindowsPowerShell\v1.0\;C:\WINDOWS\System32\OpenSSH\;C:\Program Files\dotnet\;C:\ProgramData\chocolatey\bin;C:\Program Files (x86)\Microsoft SQL Server\160\Tools\Binn\;C:\Program Files\Microsoft SQL Server\160\Tools\Binn\;C:\Program Files\Microsoft SQL Server\Client SDK\ODBC\170\Tools\Binn\;C:\Program Files\Microsoft SQL Server\160\DTS\Binn\;C:\Program Files\php-8.3.12;C:\Program Files\php-8.3.12\php;C:\xampp\php;C:\Users\Glymin Terra Selasi\AppData\Local\Yarn\bin;C:\Program Files\PostgreSQL\15\bin;C:\Program Files\Git\cmd;C:\Program Files\jdk-23.0.1\bin;C:\Program Files\PostgreSQL\12\bin;C:\Program Files (x86)\cloudflared\;C:\Windows\System32;C:\composer;C:\Users\Glymin Terra Selasi\AppData\Roaming\npm;C:\Users\Glymin Terra Selasi\AppData\Roaming\nvm;C:\Program Files\nodejs;C:\xampp\mysql\bin;C:\Program Files\apache-maven-3.9.11\bin;C:\Python312\Scripts\;C:\Python312\;C:\WINDOWS\system32;C:\WINDOWS;C:\WINDOWS\System32\Wbem;C:\WINDOWS\System32\WindowsPowerShell\v1.0\;C:\WINDOWS\System32\OpenSSH\;C:\Program Files\dotnet\;C:\ProgramData\chocolatey\bin;C:\Program Files (x86)\Microsoft SQL Server\160\Tools\Binn\;C:\Program Files\Microsoft SQL Server\160\Tools\Binn\;C:\Program Files\Microsoft SQL Server\Client SDK\ODBC\170\Tools\Binn\;C:\Program Files\Microsoft SQL Server\160\DTS\Binn\;C:\Program Files (x86)\Microsoft SQL Server\160\DTS\Binn\;C:\Program Files\php-8.3.12;C:\Program Files\php-8.3.12\php;C:\xampp\php;C:\Users\Glymin Terra Selasi\AppData\Local\Yarn\bin;C:\Program Files\PostgreSQL\15\bin;C:\Program Files\Git\cmd;C:\Program Files\jdk-23.0.1\bin;C:\Program Files\PostgreSQL\12\bin;C:\Program Files (x86)\cloudflared\;C:\Windows\System32;C:\composer;C:\Users\Glymin Terra Selasi\AppData\Local\Microsoft\WindowsApps;C:\Users\Glymin Terra Selasi\AppData\Local\Programs\Microsoft VS Code\bin;C:\Users\Glymin Terra Sela;C:\Users\Glymin Terra Selasi\AppData\Roaming\npm;C:\Users\Glymin Terra Selasi\AppData\Roaming\nvm;C:\Program Files\nodejs;C:\Users\Glymin Terra Selasi\AppData\Local\Microsoft\WindowsApps;C:\Users\Glymin Terra Selasi\AppData\Local\Programs\Antigravity\bin;c:\Users\Glymin Terra Selasi\AppData\Local\Programs\Trae1\resources\app\bin\lib
USERNAME=Glymin Terra Selasi
OS=Windows_NT
PROCESSOR_IDENTIFIER=Intel64 Family 6 Model 140 Stepping 1, GenuineIntel
TMP=C:\Users\GLYMIN~1\AppData\Local\Temp
TEMP=C:\Users\GLYMIN~1\AppData\Local\Temp




Periodic native trim disabled

---------------  S Y S T E M  ---------------

OS:
 Windows 11 , 64 bit Build 26100 (10.0.26100.6725)
OS uptime: 0 days 3:20 hours
Hyper-V role detected

CPU: total 8 (initial active 8) (4 cores per cpu, 2 threads per core) family 6 model 140 stepping 1 microcode 0xbe, cx8, cmov, fxsr, ht, mmx, 3dnowpref, sse, sse2, sse3, ssse3, sse4.1, sse4.2, popcnt, lzcnt, tsc, tscinvbit, avx, avx2, aes, erms, clmul, bmi1, bmi2, adx, avx512f, avx512dq, avx512cd, avx512bw, avx512vl, sha, fma, vzeroupper, avx512_vpopcntdq, avx512_vpclmulqdq, avx512_vaes, avx512_vnni, clflush, clflushopt, clwb, avx512_vbmi2, avx512_vbmi, hv, rdtscp, rdpid, fsrm, gfni, avx512_bitalg, f16c, cet_ibt, cet_ss, avx512_ifma
Processor Information for the first 8 processors :
  Max Mhz: 2419, Current Mhz: 2419, Mhz Limit: 2419

Memory: 4k page, system-wide physical 7934M (519M free)
TotalPageFile size 25168M (AvailPageFile size 48M)
current process WorkingSet (physical memory assigned to process): 519M, peak: 537M
current process commit charge ("private bytes"): 698M, peak: 902M

vm_info: OpenJDK 64-Bit Server VM (21.0.9+10-LTS) for windows-amd64 JRE (21.0.9+10-LTS), built on 2025-10-21T00:00:00Z by "admin" with unknown MS VC++:1942

END.
