#
# There is insufficient memory for the Java Runtime Environment to continue.
# Native memory allocation (mmap) failed to map 373293056 bytes. Error detail: G1 virtual space
# Possible reasons:
#   The system is out of physical RAM or swap space
#   This process is running with CompressedOops enabled, and the Java Heap may be blocking the growth of the native heap
# Possible solutions:
#   Reduce memory load on the system
#   Increase physical memory or swap space
#   Check if swap backing store is full
#   Decrease Java heap size (-Xmx/-Xms)
#   Decrease number of Java threads
#   Decrease Java thread stack sizes (-Xss)
#   Set larger code cache with -XX:ReservedCodeCacheSize=
#   JVM is running with Unscaled Compressed Oops mode in which the Java heap is
#     placed in the first 4GB address space. The Java Heap base address is the
#     maximum limit for the native heap growth. Please use -XX:HeapBaseMinAddress
#     to set the Java Heap base and to place the Java Heap above 4GB virtual address.
# This output file may be truncated or incomplete.
#
#  Out of Memory Error (os_windows.cpp:3713), pid=33064, tid=20820
#
# JRE version: OpenJDK Runtime Environment Temurin-21.0.9+10 (21.0.9+10) (build 21.0.9+10-LTS)
# Java VM: OpenJDK 64-Bit Server VM Temurin-21.0.9+10 (21.0.9+10-LTS, mixed mode, emulated-client, sharing, tiered, compressed oops, compressed class ptrs, g1 gc, windows-amd64)
# No core dump will be written. Minidumps are not enabled by default on client versions of Windows
#

---------------  S U M M A R Y ------------

Command Line: -Dsts.lsp.client=vscode -Dsts.log.file=/dev/null -XX:TieredStopAtLevel=1 -Xlog:jni+resolve=off -Dspring.config.location=file:c:\Users\Glymin Terra Selasi\.trae\extensions\pivotal.vscode-spring-boot-1.43.0-universal\language-server\BOOT-INF\classes\application.properties org.springframework.ide.vscode.boot.app.BootLanguageServerBootApp

Host: 11th Gen Intel(R) Core(TM) i5-1135G7 @ 2.40GHz, 8 cores, 7G,  Windows 11 , 64 bit Build 26100 (10.0.26100.6725)
Time: Fri Feb 20 20:38:05 2026 Greenwich Standard Time elapsed time: 6.402653 seconds (0d 0h 0m 6s)

---------------  T H R E A D  ---------------

Current thread (0x00000240fe84d010):  VMThread "VM Thread"          [id=20820, stack(0x000000679d300000,0x000000679d400000) (1024K)]

Stack: [0x000000679d300000,0x000000679d400000]
Native frames: (J=compiled Java code, j=interpreted, Vv=VM code, C=native code)
V  [jvm.dll+0x6d6e29]
V  [jvm.dll+0x8b4b76]
V  [jvm.dll+0x8b712e]
V  [jvm.dll+0x8b7813]
V  [jvm.dll+0x283d86]
V  [jvm.dll+0x6d3745]
V  [jvm.dll+0x6c747a]
V  [jvm.dll+0x35e7e8]
V  [jvm.dll+0x366426]
V  [jvm.dll+0x3b73fe]
V  [jvm.dll+0x3b76a8]
V  [jvm.dll+0x3329ec]
V  [jvm.dll+0x332a77]
V  [jvm.dll+0x37684c]
V  [jvm.dll+0x374fee]
V  [jvm.dll+0x332131]
V  [jvm.dll+0x37465a]
V  [jvm.dll+0x8bd500]
V  [jvm.dll+0x8be8a4]
V  [jvm.dll+0x8bede0]
V  [jvm.dll+0x8bf083]
V  [jvm.dll+0x85e9ad]
V  [jvm.dll+0x6d565d]
C  [ucrtbase.dll+0x37b0]
C  [KERNEL32.DLL+0x2e8d7]
C  [ntdll.dll+0x8c53c]

VM_Operation (0x000000679f6fdf50): G1CollectForAllocation, mode: safepoint, requested by thread 0x00000240c5c927c0


---------------  P R O C E S S  ---------------

Threads class SMR info:
_java_thread_list=0x00000240c5d65420, length=40, elements={
0x00000240fe874050, 0x00000240fe875240, 0x00000240fe878ec0, 0x00000240fe879910,
0x00000240fe87a360, 0x00000240fe87adb0, 0x00000240fe87bfa0, 0x00000240fe83c190,
0x00000240ff0679b0, 0x00000240ff071c70, 0x00000240ffa2fe00, 0x00000240ffa4eab0,
0x00000240c58bf1a0, 0x00000240c597f630, 0x00000240c5b3d800, 0x00000240f179a130,
0x00000240c5b7dc40, 0x00000240c5bd2700, 0x00000240c5c7bd30, 0x00000240c5c8d350,
0x00000240c5c8c720, 0x00000240c5c906f0, 0x00000240c5c92130, 0x00000240c5c8f9d0,
0x00000240c5c91aa0, 0x00000240c5c90060, 0x00000240c5c8f340, 0x00000240c5c927c0,
0x00000240c5c90d80, 0x00000240c5c91410, 0x00000240c5d3ec40, 0x00000240c5d3f2d0,
0x00000240c5d3e5b0, 0x00000240c5d3cb70, 0x00000240c5d3d200, 0x00000240c5d3df20,
0x00000240c5d3f960, 0x00000240c5d3c4e0, 0x00000240c5d3fff0, 0x00000240c5d40680
}

Java Threads: ( => current thread )
  0x00000240fe874050 JavaThread "Reference Handler"          daemon [_thread_blocked, id=30544, stack(0x000000679d400000,0x000000679d500000) (1024K)]
  0x00000240fe875240 JavaThread "Finalizer"                  daemon [_thread_blocked, id=33588, stack(0x000000679d500000,0x000000679d600000) (1024K)]
  0x00000240fe878ec0 JavaThread "Signal Dispatcher"          daemon [_thread_blocked, id=33264, stack(0x000000679d600000,0x000000679d700000) (1024K)]
  0x00000240fe879910 JavaThread "Attach Listener"            daemon [_thread_blocked, id=33348, stack(0x000000679d700000,0x000000679d800000) (1024K)]
  0x00000240fe87a360 JavaThread "Service Thread"             daemon [_thread_blocked, id=25108, stack(0x000000679d800000,0x000000679d900000) (1024K)]
  0x00000240fe87adb0 JavaThread "Monitor Deflation Thread"   daemon [_thread_blocked, id=25548, stack(0x000000679d900000,0x000000679da00000) (1024K)]
  0x00000240fe87bfa0 JavaThread "C1 CompilerThread0"         daemon [_thread_blocked, id=14672, stack(0x000000679da00000,0x000000679db00000) (1024K)]
  0x00000240fe83c190 JavaThread "C1 CompilerThread1"         daemon [_thread_blocked, id=33660, stack(0x000000679db00000,0x000000679dc00000) (1024K)]
  0x00000240ff0679b0 JavaThread "Notification Thread"        daemon [_thread_blocked, id=31232, stack(0x000000679dc00000,0x000000679dd00000) (1024K)]
  0x00000240ff071c70 JavaThread "Common-Cleaner"             daemon [_thread_blocked, id=8176, stack(0x000000679dd00000,0x000000679de00000) (1024K)]
  0x00000240ffa2fe00 JavaThread "C1 CompilerThread2"         daemon [_thread_blocked, id=15892, stack(0x000000679de00000,0x000000679df00000) (1024K)]
  0x00000240ffa4eab0 JavaThread "C1 CompilerThread3"         daemon [_thread_blocked, id=29376, stack(0x000000679df00000,0x000000679e000000) (1024K)]
  0x00000240c58bf1a0 JavaThread "boundedElastic-evictor-1"   daemon [_thread_blocked, id=29572, stack(0x000000679e400000,0x000000679e500000) (1024K)]
  0x00000240c597f630 JavaThread "pool-11-thread-1"                  [_thread_blocked, id=30820, stack(0x000000679e900000,0x000000679ea00000) (1024K)]
  0x00000240c5b3d800 JavaThread "LanguageServerApp-lifecycle"        [_thread_blocked, id=332, stack(0x000000679ea00000,0x000000679eb00000) (1024K)]
  0x00000240f179a130 JavaThread "DestroyJavaVM"                     [_thread_blocked, id=23128, stack(0x000000679cc00000,0x000000679cd00000) (1024K)]
  0x00000240c5b7dc40 JavaThread "pool-12-thread-1"                  [_thread_blocked, id=26340, stack(0x000000679eb00000,0x000000679ec00000) (1024K)]
  0x00000240c5bd2700 JavaThread "Simple-Language-Server main thread" daemon [_thread_blocked, id=7184, stack(0x000000679ec00000,0x000000679ed00000) (1024K)]
  0x00000240c5c7bd30 JavaThread "pool-8-thread-1"                   [_thread_blocked, id=31284, stack(0x000000679ed00000,0x000000679ee00000) (1024K)]
  0x00000240c5c8d350 JavaThread "parallel-1"                 daemon [_thread_blocked, id=29152, stack(0x000000679ee00000,0x000000679ef00000) (1024K)]
  0x00000240c5c8c720 JavaThread "parallel-2"                 daemon [_thread_blocked, id=13420, stack(0x000000679ef00000,0x000000679f000000) (1024K)]
  0x00000240c5c906f0 JavaThread "parallel-3"                 daemon [_thread_blocked, id=22496, stack(0x000000679f000000,0x000000679f100000) (1024K)]
  0x00000240c5c92130 JavaThread "parallel-4"                 daemon [_thread_blocked, id=23504, stack(0x000000679f100000,0x000000679f200000) (1024K)]
  0x00000240c5c8f9d0 JavaThread "ForkJoinPool.commonPool-worker-1" daemon [_thread_blocked, id=17336, stack(0x000000679f200000,0x000000679f300000) (1024K)]
  0x00000240c5c91aa0 JavaThread "parallel-5"                 daemon [_thread_blocked, id=5616, stack(0x000000679f300000,0x000000679f400000) (1024K)]
  0x00000240c5c90060 JavaThread "ClassGraph-worker-0"        daemon [_thread_blocked, id=28752, stack(0x000000679f400000,0x000000679f500000) (1024K)]
  0x00000240c5c8f340 JavaThread "ClassGraph-worker-1"        daemon [_thread_blocked, id=12756, stack(0x000000679f500000,0x000000679f600000) (1024K)]
  0x00000240c5c927c0 JavaThread "ClassGraph-worker-2"        daemon [_thread_blocked, id=17020, stack(0x000000679f600000,0x000000679f700000) (1024K)]
  0x00000240c5c90d80 JavaThread "ClassGraph-worker-3"        daemon [_thread_blocked, id=28340, stack(0x000000679f700000,0x000000679f800000) (1024K)]
  0x00000240c5c91410 JavaThread "ClassGraph-worker-4"        daemon [_thread_blocked, id=29684, stack(0x000000679f800000,0x000000679f900000) (1024K)]
  0x00000240c5d3ec40 JavaThread "ClassGraph-worker-5"        daemon [_thread_blocked, id=28924, stack(0x000000679f900000,0x000000679fa00000) (1024K)]
  0x00000240c5d3f2d0 JavaThread "ClassGraph-worker-6"        daemon [_thread_blocked, id=26388, stack(0x000000679fa00000,0x000000679fb00000) (1024K)]
  0x00000240c5d3e5b0 JavaThread "ClassGraph-worker-7"        daemon [_thread_blocked, id=33432, stack(0x000000679fb00000,0x000000679fc00000) (1024K)]
  0x00000240c5d3cb70 JavaThread "ClassGraph-worker-8"        daemon [_thread_blocked, id=21200, stack(0x000000679fc00000,0x000000679fd00000) (1024K)]
  0x00000240c5d3d200 JavaThread "ClassGraph-worker-9"        daemon [_thread_blocked, id=18512, stack(0x000000679fd00000,0x000000679fe00000) (1024K)]
  0x00000240c5d3df20 JavaThread "ClassGraph-worker-10"       daemon [_thread_blocked, id=28240, stack(0x000000679fe00000,0x000000679ff00000) (1024K)]
  0x00000240c5d3f960 JavaThread "ClassGraph-worker-11"       daemon [_thread_blocked, id=13692, stack(0x000000679ff00000,0x00000067a0000000) (1024K)]
  0x00000240c5d3c4e0 JavaThread "ClassGraph-worker-12"       daemon [_thread_blocked, id=18228, stack(0x00000067a0000000,0x00000067a0100000) (1024K)]
  0x00000240c5d3fff0 JavaThread "ClassGraph-worker-13"       daemon [_thread_blocked, id=31020, stack(0x00000067a0100000,0x00000067a0200000) (1024K)]
  0x00000240c5d40680 JavaThread "Reconciler-1"               daemon [_thread_blocked, id=16704, stack(0x00000067a0200000,0x00000067a0300000) (1024K)]
Total: 40

Other Threads:
=>0x00000240fe84d010 VMThread "VM Thread"                           [id=20820, stack(0x000000679d300000,0x000000679d400000) (1024K)]
  0x00000240fe83b0f0 WatcherThread "VM Periodic Task Thread"        [id=18780, stack(0x000000679d200000,0x000000679d300000) (1024K)]
  0x00000240f3b03470 WorkerThread "GC Thread#0"                     [id=4336, stack(0x000000679cd00000,0x000000679ce00000) (1024K)]
  0x00000240ffadda80 WorkerThread "GC Thread#1"                     [id=27420, stack(0x000000679e000000,0x000000679e100000) (1024K)]
  0x00000240ff8f6e90 WorkerThread "GC Thread#2"                     [id=9804, stack(0x000000679e100000,0x000000679e200000) (1024K)]
  0x00000240ffa93190 WorkerThread "GC Thread#3"                     [id=13660, stack(0x000000679e200000,0x000000679e300000) (1024K)]
  0x00000240ffa93530 WorkerThread "GC Thread#4"                     [id=9676, stack(0x000000679e300000,0x000000679e400000) (1024K)]
  0x00000240c5279bf0 WorkerThread "GC Thread#5"                     [id=3756, stack(0x000000679e500000,0x000000679e600000) (1024K)]
  0x00000240c5275780 WorkerThread "GC Thread#6"                     [id=1632, stack(0x000000679e600000,0x000000679e700000) (1024K)]
  0x00000240c5275b20 WorkerThread "GC Thread#7"                     [id=11748, stack(0x000000679e700000,0x000000679e800000) (1024K)]
  0x00000240f3b148e0 ConcurrentGCThread "G1 Main Marker"            [id=31036, stack(0x000000679ce00000,0x000000679cf00000) (1024K)]
  0x00000240f3b151f0 WorkerThread "G1 Conc#0"                       [id=15412, stack(0x000000679cf00000,0x000000679d000000) (1024K)]
  0x00000240c5708450 WorkerThread "G1 Conc#1"                       [id=6104, stack(0x000000679e800000,0x000000679e900000) (1024K)]
  0x00000240f3b5e670 ConcurrentGCThread "G1 Refine#0"               [id=14416, stack(0x000000679d000000,0x000000679d100000) (1024K)]
  0x00000240fe70bcd0 ConcurrentGCThread "G1 Service"                [id=12676, stack(0x000000679d100000,0x000000679d200000) (1024K)]
Total: 15

Threads with active compile tasks:
Total: 0

VM state: at safepoint (normal execution)

VM Mutex/Monitor currently owned by a thread:  ([mutex/lock_event])
[0x00007fffcaa4d570] Threads_lock - owner thread: 0x00000240fe84d010
[0x00007fffcaa4d670] Heap_lock - owner thread: 0x00000240c5c927c0

Heap address: 0x0000000084000000, size: 1984 MB, Compressed Oops mode: 32-bit

CDS archive(s) mapped at: [0x0000024080000000-0x0000024080ba0000-0x0000024080ba0000), size 12189696, SharedBaseAddress: 0x0000024080000000, ArchiveRelocationMode: 1.
Compressed class space mapped at: 0x0000024081000000-0x00000240c1000000, reserved size: 1073741824
Narrow klass base: 0x0000024080000000, Narrow klass shift: 0, Narrow klass range: 0x100000000

GC Precious Log:
 CardTable entry size: 512
 Card Set container configuration: InlinePtr #cards 5 size 8 Array Of Cards #cards 12 size 40 Howl #buckets 4 coarsen threshold 1843 Howl Bitmap #cards 512 size 80 coarsen threshold 460 Card regions per heap region 1 cards per card region 2048
 CPUs: 8 total, 8 available
 Memory: 7934M
 Large Page Support: Disabled
 NUMA Support: Disabled
 Compressed Oops: Enabled (32-bit)
 Heap Region Size: 1M
 Heap Min Capacity: 8M
 Heap Initial Capacity: 124M
 Heap Max Capacity: 1984M
 Pre-touch: Disabled
 Parallel Workers: 8
 Concurrent Workers: 2
 Concurrent Refinement Workers: 8
 Periodic GC: Disabled

Heap:
 garbage-first heap   total 414720K, used 117405K [0x0000000084000000, 0x0000000100000000)
  region size 1024K, 19 young (19456K), 19 survivors (19456K)
 Metaspace       used 29155K, committed 29696K, reserved 1114112K
  class space    used 4090K, committed 4288K, reserved 1048576K

Heap Regions: E=young(eden), S=young(survivor), O=old, HS=humongous(starts), HC=humongous(continues), CS=collection set, F=free, TAMS=top-at-mark-start, PB=parsable bottom
|   0|0x0000000084000000, 0x0000000084100000, 0x0000000084100000|100%| O|  |TAMS 0x0000000084000000| PB 0x0000000084000000| Untracked 
|   1|0x0000000084100000, 0x0000000084200000, 0x0000000084200000|100%| O|  |TAMS 0x0000000084100000| PB 0x0000000084100000| Untracked 
|   2|0x0000000084200000, 0x0000000084300000, 0x0000000084300000|100%| O|  |TAMS 0x0000000084200000| PB 0x0000000084200000| Untracked 
|   3|0x0000000084300000, 0x0000000084400000, 0x0000000084400000|100%| O|  |TAMS 0x0000000084300000| PB 0x0000000084300000| Untracked 
|   4|0x0000000084400000, 0x0000000084500000, 0x0000000084500000|100%| O|  |TAMS 0x0000000084400000| PB 0x0000000084400000| Untracked 
|   5|0x0000000084500000, 0x0000000084600000, 0x0000000084600000|100%| O|  |TAMS 0x0000000084500000| PB 0x0000000084500000| Untracked 
|   6|0x0000000084600000, 0x0000000084700000, 0x0000000084700000|100%| O|  |TAMS 0x0000000084600000| PB 0x0000000084600000| Untracked 
|   7|0x0000000084700000, 0x0000000084800000, 0x0000000084800000|100%| O|  |TAMS 0x0000000084700000| PB 0x0000000084700000| Untracked 
|   8|0x0000000084800000, 0x0000000084900000, 0x0000000084900000|100%| O|  |TAMS 0x0000000084800000| PB 0x0000000084800000| Untracked 
|   9|0x0000000084900000, 0x0000000084a00000, 0x0000000084a00000|100%| O|  |TAMS 0x0000000084900000| PB 0x0000000084900000| Untracked 
|  10|0x0000000084a00000, 0x0000000084b00000, 0x0000000084b00000|100%| O|  |TAMS 0x0000000084a00000| PB 0x0000000084a00000| Untracked 
|  11|0x0000000084b00000, 0x0000000084c00000, 0x0000000084c00000|100%| O|  |TAMS 0x0000000084b00000| PB 0x0000000084b00000| Untracked 
|  12|0x0000000084c00000, 0x0000000084d00000, 0x0000000084d00000|100%| O|  |TAMS 0x0000000084c00000| PB 0x0000000084c00000| Untracked 
|  13|0x0000000084d00000, 0x0000000084e00000, 0x0000000084e00000|100%| O|  |TAMS 0x0000000084d00000| PB 0x0000000084d00000| Untracked 
|  14|0x0000000084e00000, 0x0000000084f00000, 0x0000000084f00000|100%| O|  |TAMS 0x0000000084e00000| PB 0x0000000084e00000| Untracked 
|  15|0x0000000084f00000, 0x0000000085000000, 0x0000000085000000|100%| O|  |TAMS 0x0000000084f00000| PB 0x0000000084f00000| Untracked 
|  16|0x0000000085000000, 0x0000000085100000, 0x0000000085100000|100%| O|  |TAMS 0x0000000085000000| PB 0x0000000085000000| Untracked 
|  17|0x0000000085100000, 0x0000000085200000, 0x0000000085200000|100%| O|  |TAMS 0x0000000085100000| PB 0x0000000085100000| Untracked 
|  18|0x0000000085200000, 0x0000000085300000, 0x0000000085300000|100%| O|  |TAMS 0x0000000085200000| PB 0x0000000085200000| Untracked 
|  19|0x0000000085300000, 0x0000000085400000, 0x0000000085400000|100%| O|  |TAMS 0x0000000085300000| PB 0x0000000085300000| Untracked 
|  20|0x0000000085400000, 0x0000000085500000, 0x0000000085500000|100%| O|  |TAMS 0x0000000085400000| PB 0x0000000085400000| Untracked 
|  21|0x0000000085500000, 0x0000000085600000, 0x0000000085600000|100%| O|  |TAMS 0x0000000085500000| PB 0x0000000085500000| Untracked 
|  22|0x0000000085600000, 0x0000000085700000, 0x0000000085700000|100%| O|  |TAMS 0x0000000085600000| PB 0x0000000085600000| Untracked 
|  23|0x0000000085700000, 0x0000000085800000, 0x0000000085800000|100%| O|  |TAMS 0x0000000085700000| PB 0x0000000085700000| Untracked 
|  24|0x0000000085800000, 0x0000000085900000, 0x0000000085900000|100%| O|  |TAMS 0x0000000085800000| PB 0x0000000085800000| Untracked 
|  25|0x0000000085900000, 0x0000000085a00000, 0x0000000085a00000|100%| O|  |TAMS 0x0000000085900000| PB 0x0000000085900000| Untracked 
|  26|0x0000000085a00000, 0x0000000085b00000, 0x0000000085b00000|100%| O|  |TAMS 0x0000000085a00000| PB 0x0000000085a00000| Untracked 
|  27|0x0000000085b00000, 0x0000000085c00000, 0x0000000085c00000|100%| O|  |TAMS 0x0000000085b00000| PB 0x0000000085b00000| Untracked 
|  28|0x0000000085c00000, 0x0000000085d00000, 0x0000000085d00000|100%| O|  |TAMS 0x0000000085c00000| PB 0x0000000085c00000| Untracked 
|  29|0x0000000085d00000, 0x0000000085e00000, 0x0000000085e00000|100%| O|  |TAMS 0x0000000085d00000| PB 0x0000000085d00000| Untracked 
|  30|0x0000000085e00000, 0x0000000085f00000, 0x0000000085f00000|100%| O|  |TAMS 0x0000000085e00000| PB 0x0000000085e00000| Untracked 
|  31|0x0000000085f00000, 0x0000000086000000, 0x0000000086000000|100%| O|  |TAMS 0x0000000085f00000| PB 0x0000000085f00000| Untracked 
|  32|0x0000000086000000, 0x0000000086100000, 0x0000000086100000|100%| O|  |TAMS 0x0000000086000000| PB 0x0000000086000000| Untracked 
|  33|0x0000000086100000, 0x0000000086200000, 0x0000000086200000|100%| O|  |TAMS 0x0000000086100000| PB 0x0000000086100000| Untracked 
|  34|0x0000000086200000, 0x0000000086300000, 0x0000000086300000|100%| O|  |TAMS 0x0000000086200000| PB 0x0000000086200000| Untracked 
|  35|0x0000000086300000, 0x0000000086400000, 0x0000000086400000|100%| O|  |TAMS 0x0000000086300000| PB 0x0000000086300000| Untracked 
|  36|0x0000000086400000, 0x0000000086500000, 0x0000000086500000|100%| O|  |TAMS 0x0000000086400000| PB 0x0000000086400000| Untracked 
|  37|0x0000000086500000, 0x0000000086600000, 0x0000000086600000|100%| O|  |TAMS 0x0000000086500000| PB 0x0000000086500000| Untracked 
|  38|0x0000000086600000, 0x0000000086700000, 0x0000000086700000|100%| O|  |TAMS 0x0000000086600000| PB 0x0000000086600000| Untracked 
|  39|0x0000000086700000, 0x0000000086800000, 0x0000000086800000|100%| O|  |TAMS 0x0000000086700000| PB 0x0000000086700000| Untracked 
|  40|0x0000000086800000, 0x0000000086900000, 0x0000000086900000|100%|HS|  |TAMS 0x0000000086800000| PB 0x0000000086800000| Complete 
|  41|0x0000000086900000, 0x0000000086a00000, 0x0000000086a00000|100%| O|  |TAMS 0x0000000086900000| PB 0x0000000086900000| Untracked 
|  42|0x0000000086a00000, 0x0000000086b00000, 0x0000000086b00000|100%| O|  |TAMS 0x0000000086a00000| PB 0x0000000086a00000| Untracked 
|  43|0x0000000086b00000, 0x0000000086c00000, 0x0000000086c00000|100%| O|  |TAMS 0x0000000086b00000| PB 0x0000000086b00000| Untracked 
|  44|0x0000000086c00000, 0x0000000086d00000, 0x0000000086d00000|100%| O|  |TAMS 0x0000000086c00000| PB 0x0000000086c00000| Untracked 
|  45|0x0000000086d00000, 0x0000000086e00000, 0x0000000086e00000|100%| O|  |TAMS 0x0000000086d00000| PB 0x0000000086d00000| Untracked 
|  46|0x0000000086e00000, 0x0000000086f00000, 0x0000000086f00000|100%| O|  |TAMS 0x0000000086e00000| PB 0x0000000086e00000| Untracked 
|  47|0x0000000086f00000, 0x0000000087000000, 0x0000000087000000|100%| O|  |TAMS 0x0000000086f00000| PB 0x0000000086f00000| Untracked 
|  48|0x0000000087000000, 0x0000000087100000, 0x0000000087100000|100%| O|  |TAMS 0x0000000087000000| PB 0x0000000087000000| Untracked 
|  49|0x0000000087100000, 0x0000000087200000, 0x0000000087200000|100%| O|  |TAMS 0x0000000087100000| PB 0x0000000087100000| Untracked 
|  50|0x0000000087200000, 0x0000000087300000, 0x0000000087300000|100%| O|  |TAMS 0x0000000087200000| PB 0x0000000087200000| Untracked 
|  51|0x0000000087300000, 0x0000000087400000, 0x0000000087400000|100%| O|  |TAMS 0x0000000087300000| PB 0x0000000087300000| Untracked 
|  52|0x0000000087400000, 0x0000000087500000, 0x0000000087500000|100%| O|  |TAMS 0x0000000087400000| PB 0x0000000087400000| Untracked 
|  53|0x0000000087500000, 0x0000000087600000, 0x0000000087600000|100%|HS|  |TAMS 0x0000000087500000| PB 0x0000000087500000| Complete 
|  54|0x0000000087600000, 0x0000000087700000, 0x0000000087700000|100%| O|  |TAMS 0x0000000087600000| PB 0x0000000087600000| Untracked 
|  55|0x0000000087700000, 0x0000000087800000, 0x0000000087800000|100%| O|  |TAMS 0x0000000087700000| PB 0x0000000087700000| Untracked 
|  56|0x0000000087800000, 0x0000000087900000, 0x0000000087900000|100%| O|  |TAMS 0x0000000087800000| PB 0x0000000087800000| Untracked 
|  57|0x0000000087900000, 0x0000000087a00000, 0x0000000087a00000|100%| O|  |TAMS 0x0000000087900000| PB 0x0000000087900000| Untracked 
|  58|0x0000000087a00000, 0x0000000087b00000, 0x0000000087b00000|100%| O|  |TAMS 0x0000000087a00000| PB 0x0000000087a00000| Untracked 
|  59|0x0000000087b00000, 0x0000000087c00000, 0x0000000087c00000|100%| O|  |TAMS 0x0000000087b00000| PB 0x0000000087b00000| Untracked 
|  60|0x0000000087c00000, 0x0000000087d00000, 0x0000000087d00000|100%| O|  |TAMS 0x0000000087c00000| PB 0x0000000087c00000| Untracked 
|  61|0x0000000087d00000, 0x0000000087e00000, 0x0000000087e00000|100%| O|  |TAMS 0x0000000087d00000| PB 0x0000000087d00000| Untracked 
|  62|0x0000000087e00000, 0x0000000087f00000, 0x0000000087f00000|100%| O|  |TAMS 0x0000000087e00000| PB 0x0000000087e00000| Untracked 
|  63|0x0000000087f00000, 0x0000000088000000, 0x0000000088000000|100%| O|  |TAMS 0x0000000087f00000| PB 0x0000000087f00000| Untracked 
|  64|0x0000000088000000, 0x0000000088100000, 0x0000000088100000|100%| O|  |TAMS 0x0000000088000000| PB 0x0000000088000000| Untracked 
|  65|0x0000000088100000, 0x0000000088200000, 0x0000000088200000|100%| O|  |TAMS 0x0000000088100000| PB 0x0000000088100000| Untracked 
|  66|0x0000000088200000, 0x0000000088300000, 0x0000000088300000|100%| O|  |TAMS 0x0000000088200000| PB 0x0000000088200000| Untracked 
|  67|0x0000000088300000, 0x0000000088400000, 0x0000000088400000|100%| O|  |TAMS 0x0000000088300000| PB 0x0000000088300000| Untracked 
|  68|0x0000000088400000, 0x0000000088500000, 0x0000000088500000|100%| O|  |TAMS 0x0000000088400000| PB 0x0000000088400000| Untracked 
|  69|0x0000000088500000, 0x0000000088600000, 0x0000000088600000|100%| O|  |TAMS 0x0000000088500000| PB 0x0000000088500000| Untracked 
|  70|0x0000000088600000, 0x0000000088700000, 0x0000000088700000|100%| O|  |TAMS 0x0000000088600000| PB 0x0000000088600000| Untracked 
|  71|0x0000000088700000, 0x0000000088800000, 0x0000000088800000|100%| O|  |TAMS 0x0000000088700000| PB 0x0000000088700000| Untracked 
|  72|0x0000000088800000, 0x0000000088900000, 0x0000000088900000|100%| O|  |TAMS 0x0000000088800000| PB 0x0000000088800000| Untracked 
|  73|0x0000000088900000, 0x0000000088a00000, 0x0000000088a00000|100%| O|  |TAMS 0x0000000088900000| PB 0x0000000088900000| Untracked 
|  74|0x0000000088a00000, 0x0000000088b00000, 0x0000000088b00000|100%| O|  |TAMS 0x0000000088a00000| PB 0x0000000088a00000| Untracked 
|  75|0x0000000088b00000, 0x0000000088c00000, 0x0000000088c00000|100%| O|  |TAMS 0x0000000088b00000| PB 0x0000000088b00000| Untracked 
|  76|0x0000000088c00000, 0x0000000088d00000, 0x0000000088d00000|100%| O|  |TAMS 0x0000000088c00000| PB 0x0000000088c00000| Untracked 
|  77|0x0000000088d00000, 0x0000000088e00000, 0x0000000088e00000|100%| O|  |TAMS 0x0000000088d00000| PB 0x0000000088d00000| Untracked 
|  78|0x0000000088e00000, 0x0000000088f00000, 0x0000000088f00000|100%| O|  |TAMS 0x0000000088e00000| PB 0x0000000088e00000| Untracked 
|  79|0x0000000088f00000, 0x0000000089000000, 0x0000000089000000|100%| O|  |TAMS 0x0000000088f00000| PB 0x0000000088f00000| Untracked 
|  80|0x0000000089000000, 0x0000000089100000, 0x0000000089100000|100%| O|  |TAMS 0x0000000089000000| PB 0x0000000089000000| Untracked 
|  81|0x0000000089100000, 0x0000000089200000, 0x0000000089200000|100%| O|  |TAMS 0x0000000089100000| PB 0x0000000089100000| Untracked 
|  82|0x0000000089200000, 0x0000000089300000, 0x0000000089300000|100%| O|  |TAMS 0x0000000089200000| PB 0x0000000089200000| Untracked 
|  83|0x0000000089300000, 0x0000000089400000, 0x0000000089400000|100%| O|  |TAMS 0x0000000089300000| PB 0x0000000089300000| Untracked 
|  84|0x0000000089400000, 0x0000000089500000, 0x0000000089500000|100%| O|  |TAMS 0x0000000089400000| PB 0x0000000089400000| Untracked 
|  85|0x0000000089500000, 0x0000000089600000, 0x0000000089600000|100%| O|  |TAMS 0x0000000089500000| PB 0x0000000089500000| Untracked 
|  86|0x0000000089600000, 0x0000000089700000, 0x0000000089700000|100%| O|  |TAMS 0x0000000089600000| PB 0x0000000089600000| Untracked 
|  87|0x0000000089700000, 0x0000000089800000, 0x0000000089800000|100%| O|  |TAMS 0x0000000089700000| PB 0x0000000089700000| Untracked 
|  88|0x0000000089800000, 0x0000000089900000, 0x0000000089900000|100%| O|  |TAMS 0x0000000089800000| PB 0x0000000089800000| Untracked 
|  89|0x0000000089900000, 0x0000000089a00000, 0x0000000089a00000|100%| O|  |TAMS 0x0000000089900000| PB 0x0000000089900000| Untracked 
|  90|0x0000000089a00000, 0x0000000089b00000, 0x0000000089b00000|100%| O|  |TAMS 0x0000000089a00000| PB 0x0000000089a00000| Untracked 
|  91|0x0000000089b00000, 0x0000000089c00000, 0x0000000089c00000|100%| O|  |TAMS 0x0000000089b00000| PB 0x0000000089b00000| Untracked 
|  92|0x0000000089c00000, 0x0000000089ca7790, 0x0000000089d00000| 65%| O|  |TAMS 0x0000000089c00000| PB 0x0000000089c00000| Untracked 
|  93|0x0000000089d00000, 0x0000000089d00000, 0x0000000089e00000|  0%| F|  |TAMS 0x0000000089d00000| PB 0x0000000089d00000| Untracked 
|  94|0x0000000089e00000, 0x0000000089e00000, 0x0000000089f00000|  0%| F|  |TAMS 0x0000000089e00000| PB 0x0000000089e00000| Untracked 
|  95|0x0000000089f00000, 0x0000000089f00000, 0x000000008a000000|  0%| F|  |TAMS 0x0000000089f00000| PB 0x0000000089f00000| Untracked 
|  96|0x000000008a000000, 0x000000008a000000, 0x000000008a100000|  0%| F|  |TAMS 0x000000008a000000| PB 0x000000008a000000| Untracked 
|  97|0x000000008a100000, 0x000000008a100000, 0x000000008a200000|  0%| F|  |TAMS 0x000000008a100000| PB 0x000000008a100000| Untracked 
|  98|0x000000008a200000, 0x000000008a200000, 0x000000008a300000|  0%| F|  |TAMS 0x000000008a200000| PB 0x000000008a200000| Untracked 
|  99|0x000000008a300000, 0x000000008a300000, 0x000000008a400000|  0%| F|  |TAMS 0x000000008a300000| PB 0x000000008a300000| Untracked 
| 100|0x000000008a400000, 0x000000008a400000, 0x000000008a500000|  0%| F|  |TAMS 0x000000008a400000| PB 0x000000008a400000| Untracked 
| 101|0x000000008a500000, 0x000000008a500000, 0x000000008a600000|  0%| F|  |TAMS 0x000000008a500000| PB 0x000000008a500000| Untracked 
| 102|0x000000008a600000, 0x000000008a600000, 0x000000008a700000|  0%| F|  |TAMS 0x000000008a600000| PB 0x000000008a600000| Untracked 
| 103|0x000000008a700000, 0x000000008a700000, 0x000000008a800000|  0%| F|  |TAMS 0x000000008a700000| PB 0x000000008a700000| Untracked 
| 104|0x000000008a800000, 0x000000008a800000, 0x000000008a900000|  0%| F|  |TAMS 0x000000008a800000| PB 0x000000008a800000| Untracked 
| 105|0x000000008a900000, 0x000000008a900000, 0x000000008aa00000|  0%| F|  |TAMS 0x000000008a900000| PB 0x000000008a900000| Untracked 
| 106|0x000000008aa00000, 0x000000008aa00000, 0x000000008ab00000|  0%| F|  |TAMS 0x000000008aa00000| PB 0x000000008aa00000| Untracked 
| 107|0x000000008ab00000, 0x000000008ab00000, 0x000000008ac00000|  0%| F|  |TAMS 0x000000008ab00000| PB 0x000000008ab00000| Untracked 
| 108|0x000000008ac00000, 0x000000008ac00000, 0x000000008ad00000|  0%| F|  |TAMS 0x000000008ac00000| PB 0x000000008ac00000| Untracked 
| 109|0x000000008ad00000, 0x000000008ad00000, 0x000000008ae00000|  0%| F|  |TAMS 0x000000008ad00000| PB 0x000000008ad00000| Untracked 
| 110|0x000000008ae00000, 0x000000008ae00000, 0x000000008af00000|  0%| F|  |TAMS 0x000000008ae00000| PB 0x000000008ae00000| Untracked 
| 111|0x000000008af00000, 0x000000008af00000, 0x000000008b000000|  0%| F|  |TAMS 0x000000008af00000| PB 0x000000008af00000| Untracked 
| 112|0x000000008b000000, 0x000000008b000000, 0x000000008b100000|  0%| F|  |TAMS 0x000000008b000000| PB 0x000000008b000000| Untracked 
| 113|0x000000008b100000, 0x000000008b100000, 0x000000008b200000|  0%| F|  |TAMS 0x000000008b100000| PB 0x000000008b100000| Untracked 
| 114|0x000000008b200000, 0x000000008b200000, 0x000000008b300000|  0%| F|  |TAMS 0x000000008b200000| PB 0x000000008b200000| Untracked 
| 115|0x000000008b300000, 0x000000008b300000, 0x000000008b400000|  0%| F|  |TAMS 0x000000008b300000| PB 0x000000008b300000| Untracked 
| 116|0x000000008b400000, 0x000000008b400000, 0x000000008b500000|  0%| F|  |TAMS 0x000000008b400000| PB 0x000000008b400000| Untracked 
| 117|0x000000008b500000, 0x000000008b500000, 0x000000008b600000|  0%| F|  |TAMS 0x000000008b500000| PB 0x000000008b500000| Untracked 
| 118|0x000000008b600000, 0x000000008b600000, 0x000000008b700000|  0%| F|  |TAMS 0x000000008b600000| PB 0x000000008b600000| Untracked 
| 119|0x000000008b700000, 0x000000008b700000, 0x000000008b800000|  0%| F|  |TAMS 0x000000008b700000| PB 0x000000008b700000| Untracked 
| 120|0x000000008b800000, 0x000000008b800000, 0x000000008b900000|  0%| F|  |TAMS 0x000000008b800000| PB 0x000000008b800000| Untracked 
| 121|0x000000008b900000, 0x000000008b900000, 0x000000008ba00000|  0%| F|  |TAMS 0x000000008b900000| PB 0x000000008b900000| Untracked 
| 122|0x000000008ba00000, 0x000000008ba00000, 0x000000008bb00000|  0%| F|  |TAMS 0x000000008ba00000| PB 0x000000008ba00000| Untracked 
| 123|0x000000008bb00000, 0x000000008bb00000, 0x000000008bc00000|  0%| F|  |TAMS 0x000000008bb00000| PB 0x000000008bb00000| Untracked 
| 124|0x000000008bc00000, 0x000000008bc00000, 0x000000008bd00000|  0%| F|  |TAMS 0x000000008bc00000| PB 0x000000008bc00000| Untracked 
| 125|0x000000008bd00000, 0x000000008bd00000, 0x000000008be00000|  0%| F|  |TAMS 0x000000008bd00000| PB 0x000000008bd00000| Untracked 
| 126|0x000000008be00000, 0x000000008be00000, 0x000000008bf00000|  0%| F|  |TAMS 0x000000008be00000| PB 0x000000008be00000| Untracked 
| 127|0x000000008bf00000, 0x000000008bf00000, 0x000000008c000000|  0%| F|  |TAMS 0x000000008bf00000| PB 0x000000008bf00000| Untracked 
| 128|0x000000008c000000, 0x000000008c000000, 0x000000008c100000|  0%| F|  |TAMS 0x000000008c000000| PB 0x000000008c000000| Untracked 
| 129|0x000000008c100000, 0x000000008c100000, 0x000000008c200000|  0%| F|  |TAMS 0x000000008c100000| PB 0x000000008c100000| Untracked 
| 130|0x000000008c200000, 0x000000008c200000, 0x000000008c300000|  0%| F|  |TAMS 0x000000008c200000| PB 0x000000008c200000| Untracked 
| 131|0x000000008c300000, 0x000000008c300000, 0x000000008c400000|  0%| F|  |TAMS 0x000000008c300000| PB 0x000000008c300000| Untracked 
| 132|0x000000008c400000, 0x000000008c400000, 0x000000008c500000|  0%| F|  |TAMS 0x000000008c400000| PB 0x000000008c400000| Untracked 
| 133|0x000000008c500000, 0x000000008c500000, 0x000000008c600000|  0%| F|  |TAMS 0x000000008c500000| PB 0x000000008c500000| Untracked 
| 134|0x000000008c600000, 0x000000008c600000, 0x000000008c700000|  0%| F|  |TAMS 0x000000008c600000| PB 0x000000008c600000| Untracked 
| 135|0x000000008c700000, 0x000000008c700000, 0x000000008c800000|  0%| F|  |TAMS 0x000000008c700000| PB 0x000000008c700000| Untracked 
| 136|0x000000008c800000, 0x000000008c800000, 0x000000008c900000|  0%| F|  |TAMS 0x000000008c800000| PB 0x000000008c800000| Untracked 
| 137|0x000000008c900000, 0x000000008c900000, 0x000000008ca00000|  0%| F|  |TAMS 0x000000008c900000| PB 0x000000008c900000| Untracked 
| 138|0x000000008ca00000, 0x000000008ca00000, 0x000000008cb00000|  0%| F|  |TAMS 0x000000008ca00000| PB 0x000000008ca00000| Untracked 
| 139|0x000000008cb00000, 0x000000008cc00000, 0x000000008cc00000|100%| S|CS|TAMS 0x000000008cb00000| PB 0x000000008cb00000| Complete 
| 140|0x000000008cc00000, 0x000000008cd00000, 0x000000008cd00000|100%| S|CS|TAMS 0x000000008cc00000| PB 0x000000008cc00000| Complete 
| 141|0x000000008cd00000, 0x000000008ce00000, 0x000000008ce00000|100%| S|CS|TAMS 0x000000008cd00000| PB 0x000000008cd00000| Complete 
| 142|0x000000008ce00000, 0x000000008cf00000, 0x000000008cf00000|100%| S|CS|TAMS 0x000000008ce00000| PB 0x000000008ce00000| Complete 
| 143|0x000000008cf00000, 0x000000008d000000, 0x000000008d000000|100%| S|CS|TAMS 0x000000008cf00000| PB 0x000000008cf00000| Complete 
| 144|0x000000008d000000, 0x000000008d100000, 0x000000008d100000|100%| S|CS|TAMS 0x000000008d000000| PB 0x000000008d000000| Complete 
| 145|0x000000008d100000, 0x000000008d200000, 0x000000008d200000|100%| S|CS|TAMS 0x000000008d100000| PB 0x000000008d100000| Complete 
| 146|0x000000008d200000, 0x000000008d300000, 0x000000008d300000|100%| S|CS|TAMS 0x000000008d200000| PB 0x000000008d200000| Complete 
| 147|0x000000008d300000, 0x000000008d400000, 0x000000008d400000|100%| S|CS|TAMS 0x000000008d300000| PB 0x000000008d300000| Complete 
| 148|0x000000008d400000, 0x000000008d500000, 0x000000008d500000|100%| S|CS|TAMS 0x000000008d400000| PB 0x000000008d400000| Complete 
| 149|0x000000008d500000, 0x000000008d600000, 0x000000008d600000|100%| S|CS|TAMS 0x000000008d500000| PB 0x000000008d500000| Complete 
| 150|0x000000008d600000, 0x000000008d700000, 0x000000008d700000|100%| S|CS|TAMS 0x000000008d600000| PB 0x000000008d600000| Complete 
| 151|0x000000008d700000, 0x000000008d800000, 0x000000008d800000|100%| S|CS|TAMS 0x000000008d700000| PB 0x000000008d700000| Complete 
| 152|0x000000008d800000, 0x000000008d900000, 0x000000008d900000|100%| S|CS|TAMS 0x000000008d800000| PB 0x000000008d800000| Complete 
| 153|0x000000008d900000, 0x000000008da00000, 0x000000008da00000|100%| S|CS|TAMS 0x000000008d900000| PB 0x000000008d900000| Complete 
| 154|0x000000008da00000, 0x000000008db00000, 0x000000008db00000|100%| S|CS|TAMS 0x000000008da00000| PB 0x000000008da00000| Complete 
| 155|0x000000008db00000, 0x000000008dc00000, 0x000000008dc00000|100%| S|CS|TAMS 0x000000008db00000| PB 0x000000008db00000| Complete 
| 156|0x000000008dc00000, 0x000000008dd00000, 0x000000008dd00000|100%| S|CS|TAMS 0x000000008dc00000| PB 0x000000008dc00000| Complete 
| 157|0x000000008dd00000, 0x000000008de00000, 0x000000008de00000|100%| S|CS|TAMS 0x000000008dd00000| PB 0x000000008dd00000| Complete 
| 158|0x000000008de00000, 0x000000008de00000, 0x000000008df00000|  0%| F|  |TAMS 0x000000008de00000| PB 0x000000008de00000| Untracked 
| 159|0x000000008df00000, 0x000000008df00000, 0x000000008e000000|  0%| F|  |TAMS 0x000000008df00000| PB 0x000000008df00000| Untracked 
| 160|0x000000008e000000, 0x000000008e000000, 0x000000008e100000|  0%| F|  |TAMS 0x000000008e000000| PB 0x000000008e000000| Untracked 
| 161|0x000000008e100000, 0x000000008e100000, 0x000000008e200000|  0%| F|  |TAMS 0x000000008e100000| PB 0x000000008e100000| Untracked 
| 162|0x000000008e200000, 0x000000008e200000, 0x000000008e300000|  0%| F|  |TAMS 0x000000008e200000| PB 0x000000008e200000| Untracked 
| 163|0x000000008e300000, 0x000000008e300000, 0x000000008e400000|  0%| F|  |TAMS 0x000000008e300000| PB 0x000000008e300000| Untracked 
| 164|0x000000008e400000, 0x000000008e400000, 0x000000008e500000|  0%| F|  |TAMS 0x000000008e400000| PB 0x000000008e400000| Untracked 
| 165|0x000000008e500000, 0x000000008e500000, 0x000000008e600000|  0%| F|  |TAMS 0x000000008e500000| PB 0x000000008e500000| Untracked 
| 166|0x000000008e600000, 0x000000008e600000, 0x000000008e700000|  0%| F|  |TAMS 0x000000008e600000| PB 0x000000008e600000| Untracked 
| 167|0x000000008e700000, 0x000000008e700000, 0x000000008e800000|  0%| F|  |TAMS 0x000000008e700000| PB 0x000000008e700000| Untracked 
| 168|0x000000008e800000, 0x000000008e800000, 0x000000008e900000|  0%| F|  |TAMS 0x000000008e800000| PB 0x000000008e800000| Untracked 
| 169|0x000000008e900000, 0x000000008e900000, 0x000000008ea00000|  0%| F|  |TAMS 0x000000008e900000| PB 0x000000008e900000| Untracked 
| 170|0x000000008ea00000, 0x000000008ea00000, 0x000000008eb00000|  0%| F|  |TAMS 0x000000008ea00000| PB 0x000000008ea00000| Untracked 
| 171|0x000000008eb00000, 0x000000008eb00000, 0x000000008ec00000|  0%| F|  |TAMS 0x000000008eb00000| PB 0x000000008eb00000| Untracked 
| 172|0x000000008ec00000, 0x000000008ec00000, 0x000000008ed00000|  0%| F|  |TAMS 0x000000008ec00000| PB 0x000000008ec00000| Untracked 
| 173|0x000000008ed00000, 0x000000008ed00000, 0x000000008ee00000|  0%| F|  |TAMS 0x000000008ed00000| PB 0x000000008ed00000| Untracked 
| 174|0x000000008ee00000, 0x000000008ee00000, 0x000000008ef00000|  0%| F|  |TAMS 0x000000008ee00000| PB 0x000000008ee00000| Untracked 
| 175|0x000000008ef00000, 0x000000008ef00000, 0x000000008f000000|  0%| F|  |TAMS 0x000000008ef00000| PB 0x000000008ef00000| Untracked 
| 176|0x000000008f000000, 0x000000008f000000, 0x000000008f100000|  0%| F|  |TAMS 0x000000008f000000| PB 0x000000008f000000| Untracked 
| 177|0x000000008f100000, 0x000000008f100000, 0x000000008f200000|  0%| F|  |TAMS 0x000000008f100000| PB 0x000000008f100000| Untracked 
| 178|0x000000008f200000, 0x000000008f200000, 0x000000008f300000|  0%| F|  |TAMS 0x000000008f200000| PB 0x000000008f200000| Untracked 
| 179|0x000000008f300000, 0x000000008f300000, 0x000000008f400000|  0%| F|  |TAMS 0x000000008f300000| PB 0x000000008f300000| Untracked 
| 180|0x000000008f400000, 0x000000008f400000, 0x000000008f500000|  0%| F|  |TAMS 0x000000008f400000| PB 0x000000008f400000| Untracked 
| 181|0x000000008f500000, 0x000000008f500000, 0x000000008f600000|  0%| F|  |TAMS 0x000000008f500000| PB 0x000000008f500000| Untracked 
| 182|0x000000008f600000, 0x000000008f600000, 0x000000008f700000|  0%| F|  |TAMS 0x000000008f600000| PB 0x000000008f600000| Untracked 
| 183|0x000000008f700000, 0x000000008f700000, 0x000000008f800000|  0%| F|  |TAMS 0x000000008f700000| PB 0x000000008f700000| Untracked 
| 184|0x000000008f800000, 0x000000008f800000, 0x000000008f900000|  0%| F|  |TAMS 0x000000008f800000| PB 0x000000008f800000| Untracked 
| 185|0x000000008f900000, 0x000000008f900000, 0x000000008fa00000|  0%| F|  |TAMS 0x000000008f900000| PB 0x000000008f900000| Untracked 
| 186|0x000000008fa00000, 0x000000008fa00000, 0x000000008fb00000|  0%| F|  |TAMS 0x000000008fa00000| PB 0x000000008fa00000| Untracked 
| 187|0x000000008fb00000, 0x000000008fb00000, 0x000000008fc00000|  0%| F|  |TAMS 0x000000008fb00000| PB 0x000000008fb00000| Untracked 
| 188|0x000000008fc00000, 0x000000008fc00000, 0x000000008fd00000|  0%| F|  |TAMS 0x000000008fc00000| PB 0x000000008fc00000| Untracked 
| 189|0x000000008fd00000, 0x000000008fd00000, 0x000000008fe00000|  0%| F|  |TAMS 0x000000008fd00000| PB 0x000000008fd00000| Untracked 
| 190|0x000000008fe00000, 0x000000008fe00000, 0x000000008ff00000|  0%| F|  |TAMS 0x000000008fe00000| PB 0x000000008fe00000| Untracked 
| 191|0x000000008ff00000, 0x000000008ff00000, 0x0000000090000000|  0%| F|  |TAMS 0x000000008ff00000| PB 0x000000008ff00000| Untracked 
| 192|0x0000000090000000, 0x0000000090000000, 0x0000000090100000|  0%| F|  |TAMS 0x0000000090000000| PB 0x0000000090000000| Untracked 
| 193|0x0000000090100000, 0x0000000090100000, 0x0000000090200000|  0%| F|  |TAMS 0x0000000090100000| PB 0x0000000090100000| Untracked 
| 194|0x0000000090200000, 0x0000000090200000, 0x0000000090300000|  0%| F|  |TAMS 0x0000000090200000| PB 0x0000000090200000| Untracked 
| 195|0x0000000090300000, 0x0000000090300000, 0x0000000090400000|  0%| F|  |TAMS 0x0000000090300000| PB 0x0000000090300000| Untracked 
| 196|0x0000000090400000, 0x0000000090400000, 0x0000000090500000|  0%| F|  |TAMS 0x0000000090400000| PB 0x0000000090400000| Untracked 
| 197|0x0000000090500000, 0x0000000090500000, 0x0000000090600000|  0%| F|  |TAMS 0x0000000090500000| PB 0x0000000090500000| Untracked 
| 198|0x0000000090600000, 0x0000000090600000, 0x0000000090700000|  0%| F|  |TAMS 0x0000000090600000| PB 0x0000000090600000| Untracked 
| 199|0x0000000090700000, 0x0000000090700000, 0x0000000090800000|  0%| F|  |TAMS 0x0000000090700000| PB 0x0000000090700000| Untracked 
| 200|0x0000000090800000, 0x0000000090800000, 0x0000000090900000|  0%| F|  |TAMS 0x0000000090800000| PB 0x0000000090800000| Untracked 
| 201|0x0000000090900000, 0x0000000090900000, 0x0000000090a00000|  0%| F|  |TAMS 0x0000000090900000| PB 0x0000000090900000| Untracked 
| 202|0x0000000090a00000, 0x0000000090a00000, 0x0000000090b00000|  0%| F|  |TAMS 0x0000000090a00000| PB 0x0000000090a00000| Untracked 
| 203|0x0000000090b00000, 0x0000000090b00000, 0x0000000090c00000|  0%| F|  |TAMS 0x0000000090b00000| PB 0x0000000090b00000| Untracked 
| 204|0x0000000090c00000, 0x0000000090c00000, 0x0000000090d00000|  0%| F|  |TAMS 0x0000000090c00000| PB 0x0000000090c00000| Untracked 
| 205|0x0000000090d00000, 0x0000000090d00000, 0x0000000090e00000|  0%| F|  |TAMS 0x0000000090d00000| PB 0x0000000090d00000| Untracked 
| 206|0x0000000090e00000, 0x0000000090e00000, 0x0000000090f00000|  0%| F|  |TAMS 0x0000000090e00000| PB 0x0000000090e00000| Untracked 
| 207|0x0000000090f00000, 0x0000000090f00000, 0x0000000091000000|  0%| F|  |TAMS 0x0000000090f00000| PB 0x0000000090f00000| Untracked 
| 208|0x0000000091000000, 0x0000000091000000, 0x0000000091100000|  0%| F|  |TAMS 0x0000000091000000| PB 0x0000000091000000| Untracked 
| 209|0x0000000091100000, 0x0000000091100000, 0x0000000091200000|  0%| F|  |TAMS 0x0000000091100000| PB 0x0000000091100000| Untracked 
| 210|0x0000000091200000, 0x0000000091200000, 0x0000000091300000|  0%| F|  |TAMS 0x0000000091200000| PB 0x0000000091200000| Untracked 
| 211|0x0000000091300000, 0x0000000091300000, 0x0000000091400000|  0%| F|  |TAMS 0x0000000091300000| PB 0x0000000091300000| Untracked 
| 212|0x0000000091400000, 0x0000000091400000, 0x0000000091500000|  0%| F|  |TAMS 0x0000000091400000| PB 0x0000000091400000| Untracked 
| 213|0x0000000091500000, 0x0000000091500000, 0x0000000091600000|  0%| F|  |TAMS 0x0000000091500000| PB 0x0000000091500000| Untracked 
| 214|0x0000000091600000, 0x0000000091600000, 0x0000000091700000|  0%| F|  |TAMS 0x0000000091600000| PB 0x0000000091600000| Untracked 
| 215|0x0000000091700000, 0x0000000091700000, 0x0000000091800000|  0%| F|  |TAMS 0x0000000091700000| PB 0x0000000091700000| Untracked 
| 216|0x0000000091800000, 0x0000000091800000, 0x0000000091900000|  0%| F|  |TAMS 0x0000000091800000| PB 0x0000000091800000| Untracked 
| 217|0x0000000091900000, 0x0000000091900000, 0x0000000091a00000|  0%| F|  |TAMS 0x0000000091900000| PB 0x0000000091900000| Untracked 
| 218|0x0000000091a00000, 0x0000000091a00000, 0x0000000091b00000|  0%| F|  |TAMS 0x0000000091a00000| PB 0x0000000091a00000| Untracked 
| 219|0x0000000091b00000, 0x0000000091b00000, 0x0000000091c00000|  0%| F|  |TAMS 0x0000000091b00000| PB 0x0000000091b00000| Untracked 
| 220|0x0000000091c00000, 0x0000000091c00000, 0x0000000091d00000|  0%| F|  |TAMS 0x0000000091c00000| PB 0x0000000091c00000| Untracked 
| 221|0x0000000091d00000, 0x0000000091d00000, 0x0000000091e00000|  0%| F|  |TAMS 0x0000000091d00000| PB 0x0000000091d00000| Untracked 
| 222|0x0000000091e00000, 0x0000000091e00000, 0x0000000091f00000|  0%| F|  |TAMS 0x0000000091e00000| PB 0x0000000091e00000| Untracked 
| 223|0x0000000091f00000, 0x0000000091f00000, 0x0000000092000000|  0%| F|  |TAMS 0x0000000091f00000| PB 0x0000000091f00000| Untracked 
| 224|0x0000000092000000, 0x0000000092000000, 0x0000000092100000|  0%| F|  |TAMS 0x0000000092000000| PB 0x0000000092000000| Untracked 
| 225|0x0000000092100000, 0x0000000092100000, 0x0000000092200000|  0%| F|  |TAMS 0x0000000092100000| PB 0x0000000092100000| Untracked 
| 226|0x0000000092200000, 0x0000000092200000, 0x0000000092300000|  0%| F|  |TAMS 0x0000000092200000| PB 0x0000000092200000| Untracked 
| 227|0x0000000092300000, 0x0000000092300000, 0x0000000092400000|  0%| F|  |TAMS 0x0000000092300000| PB 0x0000000092300000| Untracked 
| 228|0x0000000092400000, 0x0000000092400000, 0x0000000092500000|  0%| F|  |TAMS 0x0000000092400000| PB 0x0000000092400000| Untracked 
| 229|0x0000000092500000, 0x0000000092500000, 0x0000000092600000|  0%| F|  |TAMS 0x0000000092500000| PB 0x0000000092500000| Untracked 
| 230|0x0000000092600000, 0x0000000092600000, 0x0000000092700000|  0%| F|  |TAMS 0x0000000092600000| PB 0x0000000092600000| Untracked 
| 231|0x0000000092700000, 0x0000000092700000, 0x0000000092800000|  0%| F|  |TAMS 0x0000000092700000| PB 0x0000000092700000| Untracked 
| 232|0x0000000092800000, 0x0000000092800000, 0x0000000092900000|  0%| F|  |TAMS 0x0000000092800000| PB 0x0000000092800000| Untracked 
| 233|0x0000000092900000, 0x0000000092900000, 0x0000000092a00000|  0%| F|  |TAMS 0x0000000092900000| PB 0x0000000092900000| Untracked 
| 234|0x0000000092a00000, 0x0000000092a00000, 0x0000000092b00000|  0%| F|  |TAMS 0x0000000092a00000| PB 0x0000000092a00000| Untracked 
| 235|0x0000000092b00000, 0x0000000092b00000, 0x0000000092c00000|  0%| F|  |TAMS 0x0000000092b00000| PB 0x0000000092b00000| Untracked 
| 236|0x0000000092c00000, 0x0000000092c00000, 0x0000000092d00000|  0%| F|  |TAMS 0x0000000092c00000| PB 0x0000000092c00000| Untracked 
| 237|0x0000000092d00000, 0x0000000092d00000, 0x0000000092e00000|  0%| F|  |TAMS 0x0000000092d00000| PB 0x0000000092d00000| Untracked 
| 238|0x0000000092e00000, 0x0000000092e00000, 0x0000000092f00000|  0%| F|  |TAMS 0x0000000092e00000| PB 0x0000000092e00000| Untracked 
| 239|0x0000000092f00000, 0x0000000092f00000, 0x0000000093000000|  0%| F|  |TAMS 0x0000000092f00000| PB 0x0000000092f00000| Untracked 
| 240|0x0000000093000000, 0x0000000093000000, 0x0000000093100000|  0%| F|  |TAMS 0x0000000093000000| PB 0x0000000093000000| Untracked 
| 241|0x0000000093100000, 0x0000000093100000, 0x0000000093200000|  0%| F|  |TAMS 0x0000000093100000| PB 0x0000000093100000| Untracked 
| 242|0x0000000093200000, 0x0000000093200000, 0x0000000093300000|  0%| F|  |TAMS 0x0000000093200000| PB 0x0000000093200000| Untracked 
| 243|0x0000000093300000, 0x0000000093300000, 0x0000000093400000|  0%| F|  |TAMS 0x0000000093300000| PB 0x0000000093300000| Untracked 
| 244|0x0000000093400000, 0x0000000093400000, 0x0000000093500000|  0%| F|  |TAMS 0x0000000093400000| PB 0x0000000093400000| Untracked 
| 245|0x0000000093500000, 0x0000000093500000, 0x0000000093600000|  0%| F|  |TAMS 0x0000000093500000| PB 0x0000000093500000| Untracked 
| 246|0x0000000093600000, 0x0000000093600000, 0x0000000093700000|  0%| F|  |TAMS 0x0000000093600000| PB 0x0000000093600000| Untracked 
| 247|0x0000000093700000, 0x0000000093700000, 0x0000000093800000|  0%| F|  |TAMS 0x0000000093700000| PB 0x0000000093700000| Untracked 
| 248|0x0000000093800000, 0x0000000093800000, 0x0000000093900000|  0%| F|  |TAMS 0x0000000093800000| PB 0x0000000093800000| Untracked 
| 249|0x0000000093900000, 0x0000000093900000, 0x0000000093a00000|  0%| F|  |TAMS 0x0000000093900000| PB 0x0000000093900000| Untracked 
| 250|0x0000000093a00000, 0x0000000093a00000, 0x0000000093b00000|  0%| F|  |TAMS 0x0000000093a00000| PB 0x0000000093a00000| Untracked 
| 251|0x0000000093b00000, 0x0000000093b00000, 0x0000000093c00000|  0%| F|  |TAMS 0x0000000093b00000| PB 0x0000000093b00000| Untracked 
| 252|0x0000000093c00000, 0x0000000093c00000, 0x0000000093d00000|  0%| F|  |TAMS 0x0000000093c00000| PB 0x0000000093c00000| Untracked 
| 253|0x0000000093d00000, 0x0000000093d00000, 0x0000000093e00000|  0%| F|  |TAMS 0x0000000093d00000| PB 0x0000000093d00000| Untracked 
| 254|0x0000000093e00000, 0x0000000093e00000, 0x0000000093f00000|  0%| F|  |TAMS 0x0000000093e00000| PB 0x0000000093e00000| Untracked 
| 255|0x0000000093f00000, 0x0000000093f00000, 0x0000000094000000|  0%| F|  |TAMS 0x0000000093f00000| PB 0x0000000093f00000| Untracked 
| 256|0x0000000094000000, 0x0000000094000000, 0x0000000094100000|  0%| F|  |TAMS 0x0000000094000000| PB 0x0000000094000000| Untracked 
| 257|0x0000000094100000, 0x0000000094100000, 0x0000000094200000|  0%| F|  |TAMS 0x0000000094100000| PB 0x0000000094100000| Untracked 
| 258|0x0000000094200000, 0x0000000094200000, 0x0000000094300000|  0%| F|  |TAMS 0x0000000094200000| PB 0x0000000094200000| Untracked 
| 259|0x0000000094300000, 0x0000000094300000, 0x0000000094400000|  0%| F|  |TAMS 0x0000000094300000| PB 0x0000000094300000| Untracked 
| 260|0x0000000094400000, 0x0000000094400000, 0x0000000094500000|  0%| F|  |TAMS 0x0000000094400000| PB 0x0000000094400000| Untracked 
| 261|0x0000000094500000, 0x0000000094500000, 0x0000000094600000|  0%| F|  |TAMS 0x0000000094500000| PB 0x0000000094500000| Untracked 
| 262|0x0000000094600000, 0x0000000094600000, 0x0000000094700000|  0%| F|  |TAMS 0x0000000094600000| PB 0x0000000094600000| Untracked 
| 263|0x0000000094700000, 0x0000000094700000, 0x0000000094800000|  0%| F|  |TAMS 0x0000000094700000| PB 0x0000000094700000| Untracked 
| 264|0x0000000094800000, 0x0000000094800000, 0x0000000094900000|  0%| F|  |TAMS 0x0000000094800000| PB 0x0000000094800000| Untracked 
| 265|0x0000000094900000, 0x0000000094900000, 0x0000000094a00000|  0%| F|  |TAMS 0x0000000094900000| PB 0x0000000094900000| Untracked 
| 266|0x0000000094a00000, 0x0000000094a00000, 0x0000000094b00000|  0%| F|  |TAMS 0x0000000094a00000| PB 0x0000000094a00000| Untracked 
| 267|0x0000000094b00000, 0x0000000094b00000, 0x0000000094c00000|  0%| F|  |TAMS 0x0000000094b00000| PB 0x0000000094b00000| Untracked 
| 268|0x0000000094c00000, 0x0000000094c00000, 0x0000000094d00000|  0%| F|  |TAMS 0x0000000094c00000| PB 0x0000000094c00000| Untracked 
| 269|0x0000000094d00000, 0x0000000094d00000, 0x0000000094e00000|  0%| F|  |TAMS 0x0000000094d00000| PB 0x0000000094d00000| Untracked 
| 270|0x0000000094e00000, 0x0000000094e00000, 0x0000000094f00000|  0%| F|  |TAMS 0x0000000094e00000| PB 0x0000000094e00000| Untracked 
| 271|0x0000000094f00000, 0x0000000094f00000, 0x0000000095000000|  0%| F|  |TAMS 0x0000000094f00000| PB 0x0000000094f00000| Untracked 
| 272|0x0000000095000000, 0x0000000095000000, 0x0000000095100000|  0%| F|  |TAMS 0x0000000095000000| PB 0x0000000095000000| Untracked 
| 273|0x0000000095100000, 0x0000000095100000, 0x0000000095200000|  0%| F|  |TAMS 0x0000000095100000| PB 0x0000000095100000| Untracked 
| 274|0x0000000095200000, 0x0000000095200000, 0x0000000095300000|  0%| F|  |TAMS 0x0000000095200000| PB 0x0000000095200000| Untracked 
| 275|0x0000000095300000, 0x0000000095300000, 0x0000000095400000|  0%| F|  |TAMS 0x0000000095300000| PB 0x0000000095300000| Untracked 
| 276|0x0000000095400000, 0x0000000095400000, 0x0000000095500000|  0%| F|  |TAMS 0x0000000095400000| PB 0x0000000095400000| Untracked 
| 277|0x0000000095500000, 0x0000000095500000, 0x0000000095600000|  0%| F|  |TAMS 0x0000000095500000| PB 0x0000000095500000| Untracked 
| 278|0x0000000095600000, 0x0000000095600000, 0x0000000095700000|  0%| F|  |TAMS 0x0000000095600000| PB 0x0000000095600000| Untracked 
| 279|0x0000000095700000, 0x0000000095700000, 0x0000000095800000|  0%| F|  |TAMS 0x0000000095700000| PB 0x0000000095700000| Untracked 
| 280|0x0000000095800000, 0x0000000095800000, 0x0000000095900000|  0%| F|  |TAMS 0x0000000095800000| PB 0x0000000095800000| Untracked 
| 281|0x0000000095900000, 0x0000000095900000, 0x0000000095a00000|  0%| F|  |TAMS 0x0000000095900000| PB 0x0000000095900000| Untracked 
| 282|0x0000000095a00000, 0x0000000095a00000, 0x0000000095b00000|  0%| F|  |TAMS 0x0000000095a00000| PB 0x0000000095a00000| Untracked 
| 283|0x0000000095b00000, 0x0000000095b00000, 0x0000000095c00000|  0%| F|  |TAMS 0x0000000095b00000| PB 0x0000000095b00000| Untracked 
| 284|0x0000000095c00000, 0x0000000095c00000, 0x0000000095d00000|  0%| F|  |TAMS 0x0000000095c00000| PB 0x0000000095c00000| Untracked 
| 285|0x0000000095d00000, 0x0000000095d00000, 0x0000000095e00000|  0%| F|  |TAMS 0x0000000095d00000| PB 0x0000000095d00000| Untracked 
| 286|0x0000000095e00000, 0x0000000095e00000, 0x0000000095f00000|  0%| F|  |TAMS 0x0000000095e00000| PB 0x0000000095e00000| Untracked 
| 287|0x0000000095f00000, 0x0000000095f00000, 0x0000000096000000|  0%| F|  |TAMS 0x0000000095f00000| PB 0x0000000095f00000| Untracked 
| 288|0x0000000096000000, 0x0000000096000000, 0x0000000096100000|  0%| F|  |TAMS 0x0000000096000000| PB 0x0000000096000000| Untracked 
| 289|0x0000000096100000, 0x0000000096100000, 0x0000000096200000|  0%| F|  |TAMS 0x0000000096100000| PB 0x0000000096100000| Untracked 
| 290|0x0000000096200000, 0x0000000096200000, 0x0000000096300000|  0%| F|  |TAMS 0x0000000096200000| PB 0x0000000096200000| Untracked 
| 291|0x0000000096300000, 0x0000000096300000, 0x0000000096400000|  0%| F|  |TAMS 0x0000000096300000| PB 0x0000000096300000| Untracked 
| 292|0x0000000096400000, 0x0000000096400000, 0x0000000096500000|  0%| F|  |TAMS 0x0000000096400000| PB 0x0000000096400000| Untracked 
| 293|0x0000000096500000, 0x0000000096500000, 0x0000000096600000|  0%| F|  |TAMS 0x0000000096500000| PB 0x0000000096500000| Untracked 
| 294|0x0000000096600000, 0x0000000096600000, 0x0000000096700000|  0%| F|  |TAMS 0x0000000096600000| PB 0x0000000096600000| Untracked 
| 295|0x0000000096700000, 0x0000000096700000, 0x0000000096800000|  0%| F|  |TAMS 0x0000000096700000| PB 0x0000000096700000| Untracked 
| 296|0x0000000096800000, 0x0000000096800000, 0x0000000096900000|  0%| F|  |TAMS 0x0000000096800000| PB 0x0000000096800000| Untracked 
| 297|0x0000000096900000, 0x0000000096900000, 0x0000000096a00000|  0%| F|  |TAMS 0x0000000096900000| PB 0x0000000096900000| Untracked 
| 298|0x0000000096a00000, 0x0000000096a00000, 0x0000000096b00000|  0%| F|  |TAMS 0x0000000096a00000| PB 0x0000000096a00000| Untracked 
| 299|0x0000000096b00000, 0x0000000096b00000, 0x0000000096c00000|  0%| F|  |TAMS 0x0000000096b00000| PB 0x0000000096b00000| Untracked 
| 300|0x0000000096c00000, 0x0000000096c00000, 0x0000000096d00000|  0%| F|  |TAMS 0x0000000096c00000| PB 0x0000000096c00000| Untracked 
| 301|0x0000000096d00000, 0x0000000096d00000, 0x0000000096e00000|  0%| F|  |TAMS 0x0000000096d00000| PB 0x0000000096d00000| Untracked 
| 302|0x0000000096e00000, 0x0000000096e00000, 0x0000000096f00000|  0%| F|  |TAMS 0x0000000096e00000| PB 0x0000000096e00000| Untracked 
| 303|0x0000000096f00000, 0x0000000096f00000, 0x0000000097000000|  0%| F|  |TAMS 0x0000000096f00000| PB 0x0000000096f00000| Untracked 
| 304|0x0000000097000000, 0x0000000097000000, 0x0000000097100000|  0%| F|  |TAMS 0x0000000097000000| PB 0x0000000097000000| Untracked 
| 305|0x0000000097100000, 0x0000000097100000, 0x0000000097200000|  0%| F|  |TAMS 0x0000000097100000| PB 0x0000000097100000| Untracked 
| 306|0x0000000097200000, 0x0000000097200000, 0x0000000097300000|  0%| F|  |TAMS 0x0000000097200000| PB 0x0000000097200000| Untracked 
| 307|0x0000000097300000, 0x0000000097300000, 0x0000000097400000|  0%| F|  |TAMS 0x0000000097300000| PB 0x0000000097300000| Untracked 
| 308|0x0000000097400000, 0x0000000097400000, 0x0000000097500000|  0%| F|  |TAMS 0x0000000097400000| PB 0x0000000097400000| Untracked 
| 309|0x0000000097500000, 0x0000000097500000, 0x0000000097600000|  0%| F|  |TAMS 0x0000000097500000| PB 0x0000000097500000| Untracked 
| 310|0x0000000097600000, 0x0000000097600000, 0x0000000097700000|  0%| F|  |TAMS 0x0000000097600000| PB 0x0000000097600000| Untracked 
| 311|0x0000000097700000, 0x0000000097700000, 0x0000000097800000|  0%| F|  |TAMS 0x0000000097700000| PB 0x0000000097700000| Untracked 
| 312|0x0000000097800000, 0x0000000097800000, 0x0000000097900000|  0%| F|  |TAMS 0x0000000097800000| PB 0x0000000097800000| Untracked 
| 313|0x0000000097900000, 0x0000000097900000, 0x0000000097a00000|  0%| F|  |TAMS 0x0000000097900000| PB 0x0000000097900000| Untracked 
| 314|0x0000000097a00000, 0x0000000097a00000, 0x0000000097b00000|  0%| F|  |TAMS 0x0000000097a00000| PB 0x0000000097a00000| Untracked 
| 315|0x0000000097b00000, 0x0000000097b00000, 0x0000000097c00000|  0%| F|  |TAMS 0x0000000097b00000| PB 0x0000000097b00000| Untracked 
| 316|0x0000000097c00000, 0x0000000097c00000, 0x0000000097d00000|  0%| F|  |TAMS 0x0000000097c00000| PB 0x0000000097c00000| Untracked 
| 317|0x0000000097d00000, 0x0000000097d00000, 0x0000000097e00000|  0%| F|  |TAMS 0x0000000097d00000| PB 0x0000000097d00000| Untracked 
| 318|0x0000000097e00000, 0x0000000097e00000, 0x0000000097f00000|  0%| F|  |TAMS 0x0000000097e00000| PB 0x0000000097e00000| Untracked 
| 319|0x0000000097f00000, 0x0000000097f00000, 0x0000000098000000|  0%| F|  |TAMS 0x0000000097f00000| PB 0x0000000097f00000| Untracked 
| 320|0x0000000098000000, 0x0000000098000000, 0x0000000098100000|  0%| F|  |TAMS 0x0000000098000000| PB 0x0000000098000000| Untracked 
| 321|0x0000000098100000, 0x0000000098100000, 0x0000000098200000|  0%| F|  |TAMS 0x0000000098100000| PB 0x0000000098100000| Untracked 
| 322|0x0000000098200000, 0x0000000098200000, 0x0000000098300000|  0%| F|  |TAMS 0x0000000098200000| PB 0x0000000098200000| Untracked 
| 323|0x0000000098300000, 0x0000000098300000, 0x0000000098400000|  0%| F|  |TAMS 0x0000000098300000| PB 0x0000000098300000| Untracked 
| 324|0x0000000098400000, 0x0000000098400000, 0x0000000098500000|  0%| F|  |TAMS 0x0000000098400000| PB 0x0000000098400000| Untracked 
| 325|0x0000000098500000, 0x0000000098500000, 0x0000000098600000|  0%| F|  |TAMS 0x0000000098500000| PB 0x0000000098500000| Untracked 
| 326|0x0000000098600000, 0x0000000098600000, 0x0000000098700000|  0%| F|  |TAMS 0x0000000098600000| PB 0x0000000098600000| Untracked 
| 327|0x0000000098700000, 0x0000000098700000, 0x0000000098800000|  0%| F|  |TAMS 0x0000000098700000| PB 0x0000000098700000| Untracked 
| 328|0x0000000098800000, 0x0000000098800000, 0x0000000098900000|  0%| F|  |TAMS 0x0000000098800000| PB 0x0000000098800000| Untracked 
| 329|0x0000000098900000, 0x0000000098900000, 0x0000000098a00000|  0%| F|  |TAMS 0x0000000098900000| PB 0x0000000098900000| Untracked 
| 330|0x0000000098a00000, 0x0000000098a00000, 0x0000000098b00000|  0%| F|  |TAMS 0x0000000098a00000| PB 0x0000000098a00000| Untracked 
| 331|0x0000000098b00000, 0x0000000098b00000, 0x0000000098c00000|  0%| F|  |TAMS 0x0000000098b00000| PB 0x0000000098b00000| Untracked 
| 332|0x0000000098c00000, 0x0000000098c00000, 0x0000000098d00000|  0%| F|  |TAMS 0x0000000098c00000| PB 0x0000000098c00000| Untracked 
| 333|0x0000000098d00000, 0x0000000098d00000, 0x0000000098e00000|  0%| F|  |TAMS 0x0000000098d00000| PB 0x0000000098d00000| Untracked 
| 334|0x0000000098e00000, 0x0000000098e00000, 0x0000000098f00000|  0%| F|  |TAMS 0x0000000098e00000| PB 0x0000000098e00000| Untracked 
| 335|0x0000000098f00000, 0x0000000098f00000, 0x0000000099000000|  0%| F|  |TAMS 0x0000000098f00000| PB 0x0000000098f00000| Untracked 
| 336|0x0000000099000000, 0x0000000099000000, 0x0000000099100000|  0%| F|  |TAMS 0x0000000099000000| PB 0x0000000099000000| Untracked 
| 337|0x0000000099100000, 0x0000000099100000, 0x0000000099200000|  0%| F|  |TAMS 0x0000000099100000| PB 0x0000000099100000| Untracked 
| 338|0x0000000099200000, 0x0000000099200000, 0x0000000099300000|  0%| F|  |TAMS 0x0000000099200000| PB 0x0000000099200000| Untracked 
| 339|0x0000000099300000, 0x0000000099300000, 0x0000000099400000|  0%| F|  |TAMS 0x0000000099300000| PB 0x0000000099300000| Untracked 
| 340|0x0000000099400000, 0x0000000099400000, 0x0000000099500000|  0%| F|  |TAMS 0x0000000099400000| PB 0x0000000099400000| Untracked 
| 341|0x0000000099500000, 0x0000000099500000, 0x0000000099600000|  0%| F|  |TAMS 0x0000000099500000| PB 0x0000000099500000| Untracked 
| 342|0x0000000099600000, 0x0000000099600000, 0x0000000099700000|  0%| F|  |TAMS 0x0000000099600000| PB 0x0000000099600000| Untracked 
| 343|0x0000000099700000, 0x0000000099700000, 0x0000000099800000|  0%| F|  |TAMS 0x0000000099700000| PB 0x0000000099700000| Untracked 
| 344|0x0000000099800000, 0x0000000099800000, 0x0000000099900000|  0%| F|  |TAMS 0x0000000099800000| PB 0x0000000099800000| Untracked 
| 345|0x0000000099900000, 0x0000000099900000, 0x0000000099a00000|  0%| F|  |TAMS 0x0000000099900000| PB 0x0000000099900000| Untracked 
| 346|0x0000000099a00000, 0x0000000099a00000, 0x0000000099b00000|  0%| F|  |TAMS 0x0000000099a00000| PB 0x0000000099a00000| Untracked 
| 347|0x0000000099b00000, 0x0000000099b00000, 0x0000000099c00000|  0%| F|  |TAMS 0x0000000099b00000| PB 0x0000000099b00000| Untracked 
| 348|0x0000000099c00000, 0x0000000099c00000, 0x0000000099d00000|  0%| F|  |TAMS 0x0000000099c00000| PB 0x0000000099c00000| Untracked 
| 349|0x0000000099d00000, 0x0000000099d00000, 0x0000000099e00000|  0%| F|  |TAMS 0x0000000099d00000| PB 0x0000000099d00000| Untracked 
| 350|0x0000000099e00000, 0x0000000099e00000, 0x0000000099f00000|  0%| F|  |TAMS 0x0000000099e00000| PB 0x0000000099e00000| Untracked 
| 351|0x0000000099f00000, 0x0000000099f00000, 0x000000009a000000|  0%| F|  |TAMS 0x0000000099f00000| PB 0x0000000099f00000| Untracked 
| 352|0x000000009a000000, 0x000000009a000000, 0x000000009a100000|  0%| F|  |TAMS 0x000000009a000000| PB 0x000000009a000000| Untracked 
| 353|0x000000009a100000, 0x000000009a100000, 0x000000009a200000|  0%| F|  |TAMS 0x000000009a100000| PB 0x000000009a100000| Untracked 
| 354|0x000000009a200000, 0x000000009a200000, 0x000000009a300000|  0%| F|  |TAMS 0x000000009a200000| PB 0x000000009a200000| Untracked 
| 355|0x000000009a300000, 0x000000009a300000, 0x000000009a400000|  0%| F|  |TAMS 0x000000009a300000| PB 0x000000009a300000| Untracked 
| 356|0x000000009a400000, 0x000000009a400000, 0x000000009a500000|  0%| F|  |TAMS 0x000000009a400000| PB 0x000000009a400000| Untracked 
| 357|0x000000009a500000, 0x000000009a500000, 0x000000009a600000|  0%| F|  |TAMS 0x000000009a500000| PB 0x000000009a500000| Untracked 
| 358|0x000000009a600000, 0x000000009a600000, 0x000000009a700000|  0%| F|  |TAMS 0x000000009a600000| PB 0x000000009a600000| Untracked 
| 359|0x000000009a700000, 0x000000009a700000, 0x000000009a800000|  0%| F|  |TAMS 0x000000009a700000| PB 0x000000009a700000| Untracked 
| 360|0x000000009a800000, 0x000000009a800000, 0x000000009a900000|  0%| F|  |TAMS 0x000000009a800000| PB 0x000000009a800000| Untracked 
| 361|0x000000009a900000, 0x000000009a900000, 0x000000009aa00000|  0%| F|  |TAMS 0x000000009a900000| PB 0x000000009a900000| Untracked 
| 362|0x000000009aa00000, 0x000000009aa00000, 0x000000009ab00000|  0%| F|  |TAMS 0x000000009aa00000| PB 0x000000009aa00000| Untracked 
| 363|0x000000009ab00000, 0x000000009ab00000, 0x000000009ac00000|  0%| F|  |TAMS 0x000000009ab00000| PB 0x000000009ab00000| Untracked 
| 364|0x000000009ac00000, 0x000000009ac00000, 0x000000009ad00000|  0%| F|  |TAMS 0x000000009ac00000| PB 0x000000009ac00000| Untracked 
| 365|0x000000009ad00000, 0x000000009ad00000, 0x000000009ae00000|  0%| F|  |TAMS 0x000000009ad00000| PB 0x000000009ad00000| Untracked 
| 366|0x000000009ae00000, 0x000000009ae00000, 0x000000009af00000|  0%| F|  |TAMS 0x000000009ae00000| PB 0x000000009ae00000| Untracked 
| 367|0x000000009af00000, 0x000000009af00000, 0x000000009b000000|  0%| F|  |TAMS 0x000000009af00000| PB 0x000000009af00000| Untracked 
| 368|0x000000009b000000, 0x000000009b000000, 0x000000009b100000|  0%| F|  |TAMS 0x000000009b000000| PB 0x000000009b000000| Untracked 
| 369|0x000000009b100000, 0x000000009b100000, 0x000000009b200000|  0%| F|  |TAMS 0x000000009b100000| PB 0x000000009b100000| Untracked 
| 370|0x000000009b200000, 0x000000009b200000, 0x000000009b300000|  0%| F|  |TAMS 0x000000009b200000| PB 0x000000009b200000| Untracked 
| 371|0x000000009b300000, 0x000000009b300000, 0x000000009b400000|  0%| F|  |TAMS 0x000000009b300000| PB 0x000000009b300000| Untracked 
| 372|0x000000009b400000, 0x000000009b400000, 0x000000009b500000|  0%| F|  |TAMS 0x000000009b400000| PB 0x000000009b400000| Untracked 
| 373|0x000000009b500000, 0x000000009b500000, 0x000000009b600000|  0%| F|  |TAMS 0x000000009b500000| PB 0x000000009b500000| Untracked 
| 374|0x000000009b600000, 0x000000009b600000, 0x000000009b700000|  0%| F|  |TAMS 0x000000009b600000| PB 0x000000009b600000| Untracked 
| 375|0x000000009b700000, 0x000000009b700000, 0x000000009b800000|  0%| F|  |TAMS 0x000000009b700000| PB 0x000000009b700000| Untracked 
| 376|0x000000009b800000, 0x000000009b800000, 0x000000009b900000|  0%| F|  |TAMS 0x000000009b800000| PB 0x000000009b800000| Untracked 
| 377|0x000000009b900000, 0x000000009b900000, 0x000000009ba00000|  0%| F|  |TAMS 0x000000009b900000| PB 0x000000009b900000| Untracked 
| 378|0x000000009ba00000, 0x000000009ba00000, 0x000000009bb00000|  0%| F|  |TAMS 0x000000009ba00000| PB 0x000000009ba00000| Untracked 
| 379|0x000000009bb00000, 0x000000009bb00000, 0x000000009bc00000|  0%| F|  |TAMS 0x000000009bb00000| PB 0x000000009bb00000| Untracked 
| 380|0x000000009bc00000, 0x000000009bc00000, 0x000000009bd00000|  0%| F|  |TAMS 0x000000009bc00000| PB 0x000000009bc00000| Untracked 
| 381|0x000000009bd00000, 0x000000009bd00000, 0x000000009be00000|  0%| F|  |TAMS 0x000000009bd00000| PB 0x000000009bd00000| Untracked 
| 382|0x000000009be00000, 0x000000009be00000, 0x000000009bf00000|  0%| F|  |TAMS 0x000000009be00000| PB 0x000000009be00000| Untracked 
| 383|0x000000009bf00000, 0x000000009bf00000, 0x000000009c000000|  0%| F|  |TAMS 0x000000009bf00000| PB 0x000000009bf00000| Untracked 
| 384|0x000000009c000000, 0x000000009c000000, 0x000000009c100000|  0%| F|  |TAMS 0x000000009c000000| PB 0x000000009c000000| Untracked 
| 385|0x000000009c100000, 0x000000009c100000, 0x000000009c200000|  0%| F|  |TAMS 0x000000009c100000| PB 0x000000009c100000| Untracked 
| 386|0x000000009c200000, 0x000000009c200000, 0x000000009c300000|  0%| F|  |TAMS 0x000000009c200000| PB 0x000000009c200000| Untracked 
| 387|0x000000009c300000, 0x000000009c300000, 0x000000009c400000|  0%| F|  |TAMS 0x000000009c300000| PB 0x000000009c300000| Untracked 
| 388|0x000000009c400000, 0x000000009c400000, 0x000000009c500000|  0%| F|  |TAMS 0x000000009c400000| PB 0x000000009c400000| Untracked 
| 389|0x000000009c500000, 0x000000009c500000, 0x000000009c600000|  0%| F|  |TAMS 0x000000009c500000| PB 0x000000009c500000| Untracked 
| 390|0x000000009c600000, 0x000000009c600000, 0x000000009c700000|  0%| F|  |TAMS 0x000000009c600000| PB 0x000000009c600000| Untracked 
| 391|0x000000009c700000, 0x000000009c700000, 0x000000009c800000|  0%| F|  |TAMS 0x000000009c700000| PB 0x000000009c700000| Untracked 
| 392|0x000000009c800000, 0x000000009c800000, 0x000000009c900000|  0%| F|  |TAMS 0x000000009c800000| PB 0x000000009c800000| Untracked 
| 393|0x000000009c900000, 0x000000009c900000, 0x000000009ca00000|  0%| F|  |TAMS 0x000000009c900000| PB 0x000000009c900000| Untracked 
| 394|0x000000009ca00000, 0x000000009ca00000, 0x000000009cb00000|  0%| F|  |TAMS 0x000000009ca00000| PB 0x000000009ca00000| Untracked 
| 395|0x000000009cb00000, 0x000000009cb00000, 0x000000009cc00000|  0%| F|  |TAMS 0x000000009cb00000| PB 0x000000009cb00000| Untracked 
| 396|0x000000009cc00000, 0x000000009cc00000, 0x000000009cd00000|  0%| F|  |TAMS 0x000000009cc00000| PB 0x000000009cc00000| Untracked 
| 397|0x000000009cd00000, 0x000000009cd00000, 0x000000009ce00000|  0%| F|  |TAMS 0x000000009cd00000| PB 0x000000009cd00000| Untracked 
| 398|0x000000009ce00000, 0x000000009ce00000, 0x000000009cf00000|  0%| F|  |TAMS 0x000000009ce00000| PB 0x000000009ce00000| Untracked 
| 399|0x000000009cf00000, 0x000000009cf00000, 0x000000009d000000|  0%| F|  |TAMS 0x000000009cf00000| PB 0x000000009cf00000| Untracked 
| 400|0x000000009d000000, 0x000000009d000000, 0x000000009d100000|  0%| F|  |TAMS 0x000000009d000000| PB 0x000000009d000000| Untracked 
| 401|0x000000009d100000, 0x000000009d100000, 0x000000009d200000|  0%| F|  |TAMS 0x000000009d100000| PB 0x000000009d100000| Untracked 
|1981|0x00000000ffd00000, 0x00000000ffe00000, 0x00000000ffe00000|100%| O|  |TAMS 0x00000000ffd00000| PB 0x00000000ffd00000| Untracked 
|1982|0x00000000ffe00000, 0x00000000fff00000, 0x00000000fff00000|100%| O|  |TAMS 0x00000000ffe00000| PB 0x00000000ffe00000| Untracked 
|1983|0x00000000fff00000, 0x0000000100000000, 0x0000000100000000|100%| O|  |TAMS 0x00000000fff00000| PB 0x00000000fff00000| Untracked 

Card table byte_map: [0x00000240fa190000,0x00000240fa570000] _byte_map_base: 0x00000240f9d70000

Marking Bits: (CMBitMap*) 0x00000240f3b03980
 Bits: [0x00000240fa570000, 0x00000240fc470000)

Polling page: 0x00000240f18d0000

Metaspace:

Usage:
  Non-class:     24.48 MB used.
      Class:      3.99 MB used.
       Both:     28.47 MB used.

Virtual space:
  Non-class space:       64.00 MB reserved,      24.81 MB ( 39%) committed,  1 nodes.
      Class space:        1.00 GB reserved,       4.19 MB ( <1%) committed,  1 nodes.
             Both:        1.06 GB reserved,      29.00 MB (  3%) committed. 

Chunk freelists:
   Non-Class:  6.94 MB
       Class:  11.70 MB
        Both:  18.64 MB

MaxMetaspaceSize: unlimited
CompressedClassSpaceSize: 1.00 GB
Initial GC threshold: 21.00 MB
Current GC threshold: 48.06 MB
CDS: on
 - commit_granule_bytes: 65536.
 - commit_granule_words: 8192.
 - virtual_space_node_default_size: 8388608.
 - enlarge_chunks_in_place: 1.
 - use_allocation_guard: 0.


Internal statistics:

num_allocs_failed_limit: 3.
num_arena_births: 722.
num_arena_deaths: 0.
num_vsnodes_births: 2.
num_vsnodes_deaths: 0.
num_space_committed: 464.
num_space_uncommitted: 0.
num_chunks_returned_to_freelist: 3.
num_chunks_taken_from_freelist: 1831.
num_chunk_merges: 3.
num_chunk_splits: 1247.
num_chunks_enlarged: 887.
num_inconsistent_stats: 0.

CodeCache: size=49152Kb used=9707Kb max_used=9707Kb free=39444Kb
 bounds [0x00000240f6ca0000, 0x00000240f7620000, 0x00000240f9ca0000]
 total_blobs=4590, nmethods=4030, adapters=481, full_count=0
Compilation: enabled, stopped_count=0, restarted_count=0

Compilation events (20 events):
Event: 6.179 Thread 0x00000240fe87bfa0 4069       1       java.util.concurrent.ConcurrentHashMap::resizeStamp (9 bytes)
Event: 6.180 Thread 0x00000240fe87bfa0 nmethod 4069 0x00000240f7618110 code [0x00000240f76182c0, 0x00000240f7618388]
Event: 6.180 Thread 0x00000240ffa4eab0 4070       1       java.util.concurrent.ConcurrentHashMap::helpTransfer (124 bytes)
Event: 6.180 Thread 0x00000240ffa4eab0 nmethod 4070 0x00000240f7618410 code [0x00000240f76185e0, 0x00000240f7618870]
Event: 6.197 Thread 0x00000240fe83c190 4071       1       jdk.internal.module.SystemModuleFinders$2::get (16 bytes)
Event: 6.197 Thread 0x00000240fe83c190 nmethod 4071 0x00000240f7618a10 code [0x00000240f7618bc0, 0x00000240f7618d60]
Event: 6.198 Thread 0x00000240fe83c190 4072   !   1       jdk.internal.module.ModuleReferenceImpl::open (19 bytes)
Event: 6.198 Thread 0x00000240ffa2fe00 4073   !   1       jdk.internal.module.SystemModuleFinders$SystemModuleReader::checkPermissionToConnect (38 bytes)
Event: 6.198 Thread 0x00000240ffa2fe00 nmethod 4073 0x00000240f7618e10 code [0x00000240f7618fa0, 0x00000240f7619048]
Event: 6.198 Thread 0x00000240fe83c190 nmethod 4072 0x00000240f7619110 code [0x00000240f76192c0, 0x00000240f7619460]
Event: 6.200 Thread 0x00000240fe83c190 4074       1       jdk.internal.module.SystemModuleFinders$2::get (5 bytes)
Event: 6.201 Thread 0x00000240fe83c190 nmethod 4074 0x00000240f7619590 code [0x00000240f7619740, 0x00000240f76198e0]
Event: 6.257 Thread 0x00000240fe87bfa0 4075       1       nonapi.io.github.classgraph.fastzipfilereader.NestedJarHandler$5$1::newInstance (5 bytes)
Event: 6.257 Thread 0x00000240ffa2fe00 4076       1       io.github.classgraph.ModuleRef::open (9 bytes)
Event: 6.257 Thread 0x00000240fe83c190 4077       1       nonapi.io.github.classgraph.fastzipfilereader.NestedJarHandler$5$1::newInstance (8 bytes)
Event: 6.257 Thread 0x00000240ffa4eab0 4078   !   1       io.github.classgraph.ModuleReaderProxy::<init> (74 bytes)
Event: 6.257 Thread 0x00000240fe83c190 nmethod 4077 0x00000240f7619990 code [0x00000240f7619b40, 0x00000240f7619c88]
Event: 6.257 Thread 0x00000240fe87bfa0 nmethod 4075 0x00000240f7619d90 code [0x00000240f7619f40, 0x00000240f761a088]
Event: 6.258 Thread 0x00000240ffa2fe00 nmethod 4076 0x00000240f761a190 code [0x00000240f761a340, 0x00000240f761a488]
Event: 6.258 Thread 0x00000240ffa4eab0 nmethod 4078 0x00000240f761a510 code [0x00000240f761a720, 0x00000240f761abf8]

GC Heap History (20 events):
Event: 5.571 GC heap after
{Heap after GC invocations=12 (full 0):
 garbage-first heap   total 82944K, used 49183K [0x0000000084000000, 0x0000000100000000)
  region size 1024K, 4 young (4096K), 4 survivors (4096K)
 Metaspace       used 28986K, committed 29504K, reserved 1114112K
  class space    used 4064K, committed 4288K, reserved 1048576K
}
Event: 5.745 GC heap before
{Heap before GC invocations=13 (full 0):
 garbage-first heap   total 83968K, used 70687K [0x0000000084000000, 0x0000000100000000)
  region size 1024K, 24 young (24576K), 4 survivors (4096K)
 Metaspace       used 28986K, committed 29504K, reserved 1114112K
  class space    used 4064K, committed 4288K, reserved 1048576K
}
Event: 5.754 GC heap after
{Heap after GC invocations=14 (full 0):
 garbage-first heap   total 83968K, used 57476K [0x0000000084000000, 0x0000000100000000)
  region size 1024K, 3 young (3072K), 3 survivors (3072K)
 Metaspace       used 28986K, committed 29504K, reserved 1114112K
  class space    used 4064K, committed 4288K, reserved 1048576K
}
Event: 5.818 GC heap before
{Heap before GC invocations=14 (full 0):
 garbage-first heap   total 83968K, used 72836K [0x0000000084000000, 0x0000000100000000)
  region size 1024K, 17 young (17408K), 3 survivors (3072K)
 Metaspace       used 28988K, committed 29504K, reserved 1114112K
  class space    used 4066K, committed 4288K, reserved 1048576K
}
Event: 5.829 GC heap after
{Heap after GC invocations=15 (full 0):
 garbage-first heap   total 165888K, used 66150K [0x0000000084000000, 0x0000000100000000)
  region size 1024K, 3 young (3072K), 3 survivors (3072K)
 Metaspace       used 28988K, committed 29504K, reserved 1114112K
  class space    used 4066K, committed 4288K, reserved 1048576K
}
Event: 5.891 GC heap before
{Heap before GC invocations=15 (full 0):
 garbage-first heap   total 165888K, used 129638K [0x0000000084000000, 0x0000000100000000)
  region size 1024K, 66 young (67584K), 3 survivors (3072K)
 Metaspace       used 29074K, committed 29568K, reserved 1114112K
  class space    used 4084K, committed 4288K, reserved 1048576K
}
Event: 5.904 GC heap after
{Heap after GC invocations=16 (full 0):
 garbage-first heap   total 165888K, used 71725K [0x0000000084000000, 0x0000000100000000)
  region size 1024K, 9 young (9216K), 9 survivors (9216K)
 Metaspace       used 29074K, committed 29568K, reserved 1114112K
  class space    used 4084K, committed 4288K, reserved 1048576K
}
Event: 5.925 GC heap before
{Heap before GC invocations=16 (full 0):
 garbage-first heap   total 165888K, used 134189K [0x0000000084000000, 0x0000000100000000)
  region size 1024K, 71 young (72704K), 9 survivors (9216K)
 Metaspace       used 29153K, committed 29632K, reserved 1114112K
  class space    used 4089K, committed 4288K, reserved 1048576K
}
Event: 5.936 GC heap after
{Heap after GC invocations=17 (full 0):
 garbage-first heap   total 165888K, used 74542K [0x0000000084000000, 0x0000000100000000)
  region size 1024K, 4 young (4096K), 4 survivors (4096K)
 Metaspace       used 29153K, committed 29632K, reserved 1114112K
  class space    used 4089K, committed 4288K, reserved 1048576K
}
Event: 5.955 GC heap before
{Heap before GC invocations=17 (full 0):
 garbage-first heap   total 165888K, used 137006K [0x0000000084000000, 0x0000000100000000)
  region size 1024K, 66 young (67584K), 4 survivors (4096K)
 Metaspace       used 29153K, committed 29632K, reserved 1114112K
  class space    used 4089K, committed 4288K, reserved 1048576K
}
Event: 5.958 GC heap after
{Heap after GC invocations=18 (full 0):
 garbage-first heap   total 165888K, used 76820K [0x0000000084000000, 0x0000000100000000)
  region size 1024K, 6 young (6144K), 6 survivors (6144K)
 Metaspace       used 29153K, committed 29632K, reserved 1114112K
  class space    used 4089K, committed 4288K, reserved 1048576K
}
Event: 5.976 GC heap before
{Heap before GC invocations=18 (full 0):
 garbage-first heap   total 165888K, used 140308K [0x0000000084000000, 0x0000000100000000)
  region size 1024K, 69 young (70656K), 6 survivors (6144K)
 Metaspace       used 29153K, committed 29632K, reserved 1114112K
  class space    used 4089K, committed 4288K, reserved 1048576K
}
Event: 5.982 GC heap after
{Heap after GC invocations=19 (full 0):
 garbage-first heap   total 414720K, used 79882K [0x0000000084000000, 0x0000000100000000)
  region size 1024K, 6 young (6144K), 6 survivors (6144K)
 Metaspace       used 29153K, committed 29632K, reserved 1114112K
  class space    used 4089K, committed 4288K, reserved 1048576K
}
Event: 6.065 GC heap before
{Heap before GC invocations=19 (full 0):
 garbage-first heap   total 414720K, used 250890K [0x0000000084000000, 0x0000000100000000)
  region size 1024K, 174 young (178176K), 6 survivors (6144K)
 Metaspace       used 29153K, committed 29632K, reserved 1114112K
  class space    used 4089K, committed 4288K, reserved 1048576K
}
Event: 6.074 GC heap after
{Heap after GC invocations=20 (full 0):
 garbage-first heap   total 414720K, used 87467K [0x0000000084000000, 0x0000000100000000)
  region size 1024K, 13 young (13312K), 13 survivors (13312K)
 Metaspace       used 29153K, committed 29632K, reserved 1114112K
  class space    used 4089K, committed 4288K, reserved 1048576K
}
Event: 6.144 GC heap before
{Heap before GC invocations=20 (full 0):
 garbage-first heap   total 414720K, used 321963K [0x0000000084000000, 0x0000000100000000)
  region size 1024K, 243 young (248832K), 13 survivors (13312K)
 Metaspace       used 29153K, committed 29632K, reserved 1114112K
  class space    used 4090K, committed 4288K, reserved 1048576K
}
Event: 6.155 GC heap after
{Heap after GC invocations=21 (full 0):
 garbage-first heap   total 414720K, used 97707K [0x0000000084000000, 0x0000000100000000)
  region size 1024K, 23 young (23552K), 23 survivors (23552K)
 Metaspace       used 29153K, committed 29632K, reserved 1114112K
  class space    used 4090K, committed 4288K, reserved 1048576K
}
Event: 6.217 GC heap before
{Heap before GC invocations=21 (full 0):
 garbage-first heap   total 414720K, used 321963K [0x0000000084000000, 0x0000000100000000)
  region size 1024K, 243 young (248832K), 23 survivors (23552K)
 Metaspace       used 29155K, committed 29696K, reserved 1114112K
  class space    used 4090K, committed 4288K, reserved 1048576K
}
Event: 6.232 GC heap after
{Heap after GC invocations=22 (full 0):
 garbage-first heap   total 414720K, used 108698K [0x0000000084000000, 0x0000000100000000)
  region size 1024K, 22 young (22528K), 22 survivors (22528K)
 Metaspace       used 29155K, committed 29696K, reserved 1114112K
  class space    used 4090K, committed 4288K, reserved 1048576K
}
Event: 6.314 GC heap before
{Heap before GC invocations=22 (full 0):
 garbage-first heap   total 414720K, used 333978K [0x0000000084000000, 0x0000000100000000)
  region size 1024K, 244 young (249856K), 22 survivors (22528K)
 Metaspace       used 29155K, committed 29696K, reserved 1114112K
  class space    used 4090K, committed 4288K, reserved 1048576K
}

Dll operation events (9 events):
Event: 0.024 Loaded shared library c:\Users\Glymin Terra Selasi\.trae\extensions\redhat.java-1.52.0-win32-x64\jre\21.0.9-win32-x86_64\bin\java.dll
Event: 0.251 Loaded shared library c:\Users\Glymin Terra Selasi\.trae\extensions\redhat.java-1.52.0-win32-x64\jre\21.0.9-win32-x86_64\bin\zip.dll
Event: 0.259 Loaded shared library C:\Users\Glymin Terra Selasi\.trae\extensions\redhat.java-1.52.0-win32-x64\jre\21.0.9-win32-x86_64\bin\net.dll
Event: 0.262 Loaded shared library C:\Users\Glymin Terra Selasi\.trae\extensions\redhat.java-1.52.0-win32-x64\jre\21.0.9-win32-x86_64\bin\nio.dll
Event: 0.265 Loaded shared library C:\Users\Glymin Terra Selasi\.trae\extensions\redhat.java-1.52.0-win32-x64\jre\21.0.9-win32-x86_64\bin\zip.dll
Event: 0.442 Loaded shared library C:\Users\Glymin Terra Selasi\.trae\extensions\redhat.java-1.52.0-win32-x64\jre\21.0.9-win32-x86_64\bin\jimage.dll
Event: 0.795 Loaded shared library c:\Users\Glymin Terra Selasi\.trae\extensions\redhat.java-1.52.0-win32-x64\jre\21.0.9-win32-x86_64\bin\verify.dll
Event: 4.387 Loaded shared library C:\Users\Glymin Terra Selasi\.trae\extensions\redhat.java-1.52.0-win32-x64\jre\21.0.9-win32-x86_64\bin\management.dll
Event: 4.393 Loaded shared library C:\Users\Glymin Terra Selasi\.trae\extensions\redhat.java-1.52.0-win32-x64\jre\21.0.9-win32-x86_64\bin\management_ext.dll

Deoptimization events (0 events):
No events

Classes loaded (20 events):
Event: 5.240 Loading class java/util/concurrent/locks/AbstractQueuedSynchronizer$SharedNode
Event: 5.240 Loading class java/util/concurrent/locks/AbstractQueuedSynchronizer$SharedNode done
Event: 5.240 Loading class jdk/internal/module/SystemModuleFinders$ModuleContentSpliterator
Event: 5.240 Loading class jdk/internal/module/SystemModuleFinders$ModuleContentSpliterator done
Event: 5.240 Loading class jdk/internal/jimage/ImageReader$Directory
Event: 5.240 Loading class jdk/internal/jimage/ImageReader$Node
Event: 5.240 Loading class jdk/internal/jimage/ImageReader$Node done
Event: 5.240 Loading class jdk/internal/jimage/ImageReader$Directory done
Event: 5.241 Loading class jdk/internal/jimage/ImageReader$SharedImageReader$LocationVisitor
Event: 5.241 Loading class jdk/internal/jimage/ImageReader$SharedImageReader$LocationVisitor done
Event: 5.241 Loading class java/nio/ByteBufferAsIntBufferL
Event: 5.241 Loading class java/nio/ByteBufferAsIntBufferL done
Event: 5.242 Loading class jdk/internal/jimage/ImageReader$Resource
Event: 5.242 Loading class jdk/internal/jimage/ImageReader$Resource done
Event: 5.242 Loading class java/util/stream/LongStream
Event: 5.243 Loading class java/util/stream/LongStream done
Event: 5.243 Loading class java/util/stream/DoubleStream
Event: 5.243 Loading class java/util/stream/DoubleStream done
Event: 5.443 Loading class java/lang/ThreadDeath
Event: 5.443 Loading class java/lang/ThreadDeath done

Classes unloaded (0 events):
No events

Classes redefined (0 events):
No events

Internal exceptions (20 events):
Event: 5.132 Thread 0x00000240c5c8f340 Exception <a 'sun/nio/fs/WindowsException'{0x00000000865e0010}> (0x00000000865e0010) 
thrown [s\src\hotspot\share\prims\jni.cpp, line 520]
Event: 5.133 Thread 0x00000240c5c8f340 Exception <a 'sun/nio/fs/WindowsException'{0x00000000865e0a98}> (0x00000000865e0a98) 
thrown [s\src\hotspot\share\prims\jni.cpp, line 520]
Event: 5.133 Thread 0x00000240c5c8f340 Exception <a 'sun/nio/fs/WindowsException'{0x00000000865e0eb8}> (0x00000000865e0eb8) 
thrown [s\src\hotspot\share\prims\jni.cpp, line 520]
Event: 5.133 Thread 0x00000240c5c8f340 Exception <a 'sun/nio/fs/WindowsException'{0x00000000865e1950}> (0x00000000865e1950) 
thrown [s\src\hotspot\share\prims\jni.cpp, line 520]
Event: 5.133 Thread 0x00000240c5c8f340 Exception <a 'sun/nio/fs/WindowsException'{0x00000000865e1d90}> (0x00000000865e1d90) 
thrown [s\src\hotspot\share\prims\jni.cpp, line 520]
Event: 5.133 Thread 0x00000240c5c8f340 Exception <a 'sun/nio/fs/WindowsException'{0x00000000865e2818}> (0x00000000865e2818) 
thrown [s\src\hotspot\share\prims\jni.cpp, line 520]
Event: 5.133 Thread 0x00000240c5c8f340 Exception <a 'sun/nio/fs/WindowsException'{0x00000000865e2c48}> (0x00000000865e2c48) 
thrown [s\src\hotspot\share\prims\jni.cpp, line 520]
Event: 5.133 Thread 0x00000240c5c8f340 Exception <a 'sun/nio/fs/WindowsException'{0x00000000865e36e0}> (0x00000000865e36e0) 
thrown [s\src\hotspot\share\prims\jni.cpp, line 520]
Event: 5.133 Thread 0x00000240c5c8f340 Exception <a 'sun/nio/fs/WindowsException'{0x00000000865e3b20}> (0x00000000865e3b20) 
thrown [s\src\hotspot\share\prims\jni.cpp, line 520]
Event: 5.133 Thread 0x00000240c5c8f340 Exception <a 'sun/nio/fs/WindowsException'{0x00000000865e45d0}> (0x00000000865e45d0) 
thrown [s\src\hotspot\share\prims\jni.cpp, line 520]
Event: 5.133 Thread 0x00000240c5c8f340 Exception <a 'sun/nio/fs/WindowsException'{0x00000000865e4a30}> (0x00000000865e4a30) 
thrown [s\src\hotspot\share\prims\jni.cpp, line 520]
Event: 5.133 Thread 0x00000240c5c8f340 Exception <a 'sun/nio/fs/WindowsException'{0x00000000865e54f8}> (0x00000000865e54f8) 
thrown [s\src\hotspot\share\prims\jni.cpp, line 520]
Event: 5.133 Thread 0x00000240c5c8f340 Exception <a 'sun/nio/fs/WindowsException'{0x00000000865e5970}> (0x00000000865e5970) 
thrown [s\src\hotspot\share\prims\jni.cpp, line 520]
Event: 5.133 Thread 0x00000240c5c8f340 Exception <a 'sun/nio/fs/WindowsException'{0x00000000865e6430}> (0x00000000865e6430) 
thrown [s\src\hotspot\share\prims\jni.cpp, line 520]
Event: 5.133 Thread 0x00000240c5c8f340 Exception <a 'sun/nio/fs/WindowsException'{0x00000000865e68a0}> (0x00000000865e68a0) 
thrown [s\src\hotspot\share\prims\jni.cpp, line 520]
Event: 5.841 Thread 0x00000240c5d3f960 Exception <a 'java/lang/IncompatibleClassChangeError'{0x000000008dc59fc0}: Found class java.lang.Object, but interface was expected> (0x000000008dc59fc0) 
thrown [s\src\hotspot\share\interpreter\linkResolver.cpp, line 840]
Event: 5.841 Thread 0x00000240c5c90060 Exception <a 'java/lang/IncompatibleClassChangeError'{0x000000008dc66b00}: Found class java.lang.Object, but interface was expected> (0x000000008dc66b00) 
thrown [s\src\hotspot\share\interpreter\linkResolver.cpp, line 840]
Event: 5.841 Thread 0x00000240c5d3cb70 Exception <a 'java/lang/IncompatibleClassChangeError'{0x000000008dc4b770}: Found class java.lang.Object, but interface was expected> (0x000000008dc4b770) 
thrown [s\src\hotspot\share\interpreter\linkResolver.cpp, line 840]
Event: 5.841 Thread 0x00000240c5d3d200 Exception <a 'java/lang/IncompatibleClassChangeError'{0x000000008dc55d68}: Found class java.lang.Object, but interface was expected> (0x000000008dc55d68) 
thrown [s\src\hotspot\share\interpreter\linkResolver.cpp, line 840]
Event: 5.841 Thread 0x00000240c5d3e5b0 Exception <a 'java/lang/IncompatibleClassChangeError'{0x000000008dc095f0}: Found class java.lang.Object, but interface was expected> (0x000000008dc095f0) 
thrown [s\src\hotspot\share\interpreter\linkResolver.cpp, line 840]

ZGC Phase Switch (0 events):
No events

VM Operations (20 events):
Event: 5.958 Executing VM operation: G1CollectForAllocation (GCLocker Initiated GC) done
Event: 5.975 Executing VM operation: G1CollectForAllocation (G1 Evacuation Pause)
Event: 5.976 Executing VM operation: G1CollectForAllocation (G1 Evacuation Pause) done
Event: 5.976 Executing VM operation: G1CollectForAllocation (GCLocker Initiated GC)
Event: 5.982 Executing VM operation: G1CollectForAllocation (GCLocker Initiated GC) done
Event: 6.065 Executing VM operation: G1CollectForAllocation (G1 Evacuation Pause)
Event: 6.065 Executing VM operation: G1CollectForAllocation (G1 Evacuation Pause) done
Event: 6.065 Executing VM operation: G1CollectForAllocation (G1 Evacuation Pause)
Event: 6.074 Executing VM operation: G1CollectForAllocation (G1 Evacuation Pause) done
Event: 6.144 Executing VM operation: G1CollectForAllocation (G1 Evacuation Pause)
Event: 6.144 Executing VM operation: G1CollectForAllocation (G1 Evacuation Pause) done
Event: 6.144 Executing VM operation: G1CollectForAllocation (GCLocker Initiated GC)
Event: 6.155 Executing VM operation: G1CollectForAllocation (GCLocker Initiated GC) done
Event: 6.217 Executing VM operation: G1CollectForAllocation (G1 Evacuation Pause)
Event: 6.217 Executing VM operation: G1CollectForAllocation (G1 Evacuation Pause) done
Event: 6.217 Executing VM operation: G1CollectForAllocation (GCLocker Initiated GC)
Event: 6.232 Executing VM operation: G1CollectForAllocation (GCLocker Initiated GC) done
Event: 6.302 Executing VM operation: G1CollectForAllocation (G1 Evacuation Pause)
Event: 6.314 Executing VM operation: G1CollectForAllocation (G1 Evacuation Pause) done
Event: 6.314 Executing VM operation: G1CollectForAllocation (GCLocker Initiated GC)

Memory protections (0 events):
No events

Nmethod flushes (20 events):
Event: 5.610 Thread 0x00000240fe84d010 flushing  nmethod 0x00000240f6e81010
Event: 5.610 Thread 0x00000240fe84d010 flushing  nmethod 0x00000240f6ea8f10
Event: 5.610 Thread 0x00000240fe84d010 flushing  nmethod 0x00000240f6ea9390
Event: 5.610 Thread 0x00000240fe84d010 flushing  nmethod 0x00000240f6ed5290
Event: 5.610 Thread 0x00000240fe84d010 flushing  nmethod 0x00000240f6ed5810
Event: 5.610 Thread 0x00000240fe84d010 flushing  nmethod 0x00000240f70c8f90
Event: 5.610 Thread 0x00000240fe84d010 flushing  nmethod 0x00000240f6ec7c90
Event: 5.610 Thread 0x00000240fe84d010 flushing  nmethod 0x00000240f7122710
Event: 5.610 Thread 0x00000240fe84d010 flushing  nmethod 0x00000240f7127110
Event: 5.610 Thread 0x00000240fe84d010 flushing  nmethod 0x00000240f6eccb90
Event: 5.610 Thread 0x00000240fe84d010 flushing  nmethod 0x00000240f6f48c90
Event: 5.610 Thread 0x00000240fe84d010 flushing  nmethod 0x00000240f70fc510
Event: 5.610 Thread 0x00000240fe84d010 flushing  nmethod 0x00000240f7135410
Event: 5.610 Thread 0x00000240fe84d010 flushing  nmethod 0x00000240f715c890
Event: 5.610 Thread 0x00000240fe84d010 flushing  nmethod 0x00000240f6e65590
Event: 5.610 Thread 0x00000240fe84d010 flushing  nmethod 0x00000240f6e66790
Event: 5.610 Thread 0x00000240fe84d010 flushing  nmethod 0x00000240f6e66b10
Event: 5.610 Thread 0x00000240fe84d010 flushing  nmethod 0x00000240f6e9d310
Event: 5.610 Thread 0x00000240fe84d010 flushing  nmethod 0x00000240f6f61910
Event: 5.610 Thread 0x00000240fe84d010 flushing  nmethod 0x00000240f72a8110

Events (20 events):
Event: 4.937 Thread 0x00000240c5b7dc40 Thread added: 0x00000240c5c8c720
Event: 4.942 Thread 0x00000240c5b7dc40 Thread added: 0x00000240c5c906f0
Event: 4.944 Thread 0x00000240c5b7dc40 Thread added: 0x00000240c5c92130
Event: 4.949 Thread 0x00000240c5b7dc40 Thread added: 0x00000240c5c8f9d0
Event: 4.990 Thread 0x00000240c5bd2700 Thread added: 0x00000240c5c91aa0
Event: 5.118 Thread 0x00000240c5c8f9d0 Thread added: 0x00000240c5c90060
Event: 5.120 Thread 0x00000240c5c90060 Thread added: 0x00000240c5c8f340
Event: 5.120 Thread 0x00000240c5c90060 Thread added: 0x00000240c5c927c0
Event: 5.121 Thread 0x00000240c5c90060 Thread added: 0x00000240c5c90d80
Event: 5.121 Thread 0x00000240c5c90060 Thread added: 0x00000240c5c91410
Event: 5.121 Thread 0x00000240c5c90060 Thread added: 0x00000240c5d3ec40
Event: 5.121 Thread 0x00000240c5c90060 Thread added: 0x00000240c5d3f2d0
Event: 5.121 Thread 0x00000240c5c90060 Thread added: 0x00000240c5d3e5b0
Event: 5.122 Thread 0x00000240c5c90060 Thread added: 0x00000240c5d3cb70
Event: 5.122 Thread 0x00000240c5c90060 Thread added: 0x00000240c5d3d200
Event: 5.122 Thread 0x00000240c5c90060 Thread added: 0x00000240c5d3df20
Event: 5.123 Thread 0x00000240c5c90060 Thread added: 0x00000240c5d3f960
Event: 5.123 Thread 0x00000240c5c90060 Thread added: 0x00000240c5d3c4e0
Event: 5.123 Thread 0x00000240c5c90060 Thread added: 0x00000240c5d3fff0
Event: 5.435 Thread 0x00000240c5c8d350 Thread added: 0x00000240c5d40680


Dynamic libraries:
0x00007ff7717e0000 - 0x00007ff7717ee000 	c:\Users\Glymin Terra Selasi\.trae\extensions\redhat.java-1.52.0-win32-x64\jre\21.0.9-win32-x86_64\bin\java.exe
0x00007ff8929c0000 - 0x00007ff892c28000 	C:\WINDOWS\SYSTEM32\ntdll.dll
0x00007ff891ae0000 - 0x00007ff891ba9000 	C:\WINDOWS\System32\KERNEL32.DLL
0x00007ff890390000 - 0x00007ff890782000 	C:\WINDOWS\System32\KERNELBASE.dll
0x00007ff88fbe0000 - 0x00007ff88fd2b000 	C:\WINDOWS\System32\ucrtbase.dll
0x00007ff84a5f0000 - 0x00007ff84a60e000 	c:\Users\Glymin Terra Selasi\.trae\extensions\redhat.java-1.52.0-win32-x64\jre\21.0.9-win32-x86_64\bin\VCRUNTIME140.dll
0x00007ff84a190000 - 0x00007ff84a1a8000 	c:\Users\Glymin Terra Selasi\.trae\extensions\redhat.java-1.52.0-win32-x64\jre\21.0.9-win32-x86_64\bin\jli.dll
0x00007ff892650000 - 0x00007ff892815000 	C:\WINDOWS\System32\USER32.dll
0x00007ff890360000 - 0x00007ff890387000 	C:\WINDOWS\System32\win32u.dll
0x00007ff8923a0000 - 0x00007ff8923cb000 	C:\WINDOWS\System32\GDI32.dll
0x00007ff877160000 - 0x00007ff8773f3000 	C:\WINDOWS\WinSxS\amd64_microsoft.windows.common-controls_6595b64144ccf1df_6.0.26100.6899_none_3e0efeeae32e88c1\COMCTL32.dll
0x00007ff88fd30000 - 0x00007ff88fe5d000 	C:\WINDOWS\System32\gdi32full.dll
0x00007ff88fe60000 - 0x00007ff88ff03000 	C:\WINDOWS\System32\msvcp_win.dll
0x00007ff8922f0000 - 0x00007ff892399000 	C:\WINDOWS\System32\msvcrt.dll
0x00007ff890f30000 - 0x00007ff890f5f000 	C:\WINDOWS\System32\IMM32.DLL
0x00007ff88a680000 - 0x00007ff88a68c000 	c:\Users\Glymin Terra Selasi\.trae\extensions\redhat.java-1.52.0-win32-x64\jre\21.0.9-win32-x86_64\bin\vcruntime140_1.dll
0x00007ff840690000 - 0x00007ff84071d000 	c:\Users\Glymin Terra Selasi\.trae\extensions\redhat.java-1.52.0-win32-x64\jre\21.0.9-win32-x86_64\bin\msvcp140.dll
0x00007fffc9d90000 - 0x00007fffcab30000 	c:\Users\Glymin Terra Selasi\.trae\extensions\redhat.java-1.52.0-win32-x64\jre\21.0.9-win32-x86_64\bin\server\jvm.dll
0x00007ff891bb0000 - 0x00007ff891c64000 	C:\WINDOWS\System32\ADVAPI32.dll
0x00007ff890b60000 - 0x00007ff890c06000 	C:\WINDOWS\System32\sechost.dll
0x00007ff8919c0000 - 0x00007ff891ad8000 	C:\WINDOWS\System32\RPCRT4.dll
0x00007ff891c70000 - 0x00007ff891ce4000 	C:\WINDOWS\System32\WS2_32.dll
0x00007ff88f9b0000 - 0x00007ff88fa0e000 	C:\WINDOWS\SYSTEM32\POWRPROF.dll
0x00007ff8880c0000 - 0x00007ff8880f5000 	C:\WINDOWS\SYSTEM32\WINMM.dll
0x00007ff87fc80000 - 0x00007ff87fc8b000 	C:\WINDOWS\SYSTEM32\VERSION.dll
0x00007ff88f990000 - 0x00007ff88f9a4000 	C:\WINDOWS\SYSTEM32\UMPDC.dll
0x00007ff88e920000 - 0x00007ff88e93b000 	C:\WINDOWS\SYSTEM32\kernel.appcore.dll
0x00007ff879400000 - 0x00007ff87940a000 	c:\Users\Glymin Terra Selasi\.trae\extensions\redhat.java-1.52.0-win32-x64\jre\21.0.9-win32-x86_64\bin\jimage.dll
0x00007ff88d370000 - 0x00007ff88d5b2000 	C:\WINDOWS\SYSTEM32\DBGHELP.DLL
0x00007ff8907e0000 - 0x00007ff890b5b000 	C:\WINDOWS\System32\combase.dll
0x00007ff8923f0000 - 0x00007ff8924c7000 	C:\WINDOWS\System32\OLEAUT32.dll
0x00007ff852550000 - 0x00007ff85258c000 	C:\WINDOWS\SYSTEM32\dbgcore.DLL
0x00007ff8902c0000 - 0x00007ff890358000 	C:\WINDOWS\System32\bcryptPrimitives.dll
0x00007ff849d60000 - 0x00007ff849d80000 	c:\Users\Glymin Terra Selasi\.trae\extensions\redhat.java-1.52.0-win32-x64\jre\21.0.9-win32-x86_64\bin\java.dll
0x00007ff891260000 - 0x00007ff8919ad000 	C:\WINDOWS\System32\SHELL32.dll
0x00007ff88ffd0000 - 0x00007ff89013b000 	C:\WINDOWS\System32\wintypes.dll
0x00007ff88d770000 - 0x00007ff88dfcd000 	C:\WINDOWS\SYSTEM32\windows.storage.dll
0x00007ff892820000 - 0x00007ff892912000 	C:\WINDOWS\System32\SHCORE.dll
0x00007ff892550000 - 0x00007ff8925b2000 	C:\WINDOWS\System32\shlwapi.dll
0x00007ff88fa70000 - 0x00007ff88fa99000 	C:\WINDOWS\SYSTEM32\profapi.dll
0x00007ff8417a0000 - 0x00007ff8417b8000 	c:\Users\Glymin Terra Selasi\.trae\extensions\redhat.java-1.52.0-win32-x64\jre\21.0.9-win32-x86_64\bin\zip.dll
0x00007ff86e9a0000 - 0x00007ff86e9b0000 	C:\Users\Glymin Terra Selasi\.trae\extensions\redhat.java-1.52.0-win32-x64\jre\21.0.9-win32-x86_64\bin\net.dll
0x00007ff882370000 - 0x00007ff88248f000 	C:\WINDOWS\SYSTEM32\WINHTTP.dll
0x00007ff88ee90000 - 0x00007ff88eefb000 	C:\WINDOWS\system32\mswsock.dll
0x00007ff8414e0000 - 0x00007ff8414f6000 	C:\Users\Glymin Terra Selasi\.trae\extensions\redhat.java-1.52.0-win32-x64\jre\21.0.9-win32-x86_64\bin\nio.dll
0x00007ff84a7a0000 - 0x00007ff84a7b0000 	c:\Users\Glymin Terra Selasi\.trae\extensions\redhat.java-1.52.0-win32-x64\jre\21.0.9-win32-x86_64\bin\verify.dll
0x00007ff88f140000 - 0x00007ff88f15b000 	C:\WINDOWS\SYSTEM32\CRYPTSP.dll
0x00007ff88e880000 - 0x00007ff88e8bb000 	C:\WINDOWS\system32\rsaenh.dll
0x00007ff88ef30000 - 0x00007ff88ef5b000 	C:\WINDOWS\SYSTEM32\USERENV.dll
0x00007ff88fa40000 - 0x00007ff88fa66000 	C:\WINDOWS\SYSTEM32\bcrypt.dll
0x00007ff88f160000 - 0x00007ff88f16c000 	C:\WINDOWS\SYSTEM32\CRYPTBASE.dll
0x00007ff88e290000 - 0x00007ff88e2c4000 	C:\WINDOWS\SYSTEM32\IPHLPAPI.DLL
0x00007ff890d80000 - 0x00007ff890d8a000 	C:\WINDOWS\System32\NSI.dll
0x00007ff88c4d0000 - 0x00007ff88c4da000 	C:\Users\Glymin Terra Selasi\.trae\extensions\redhat.java-1.52.0-win32-x64\jre\21.0.9-win32-x86_64\bin\management.dll
0x00007ff88a610000 - 0x00007ff88a61c000 	C:\Users\Glymin Terra Selasi\.trae\extensions\redhat.java-1.52.0-win32-x64\jre\21.0.9-win32-x86_64\bin\management_ext.dll
0x00007ff890f70000 - 0x00007ff890f78000 	C:\WINDOWS\System32\PSAPI.DLL

JVMTI agents: none

dbghelp: loaded successfully - version: 4.0.5 - missing functions: none
symbol engine: initialized successfully - sym options: 0x614 - pdb path: .;c:\Users\Glymin Terra Selasi\.trae\extensions\redhat.java-1.52.0-win32-x64\jre\21.0.9-win32-x86_64\bin;C:\WINDOWS\SYSTEM32;C:\WINDOWS\WinSxS\amd64_microsoft.windows.common-controls_6595b64144ccf1df_6.0.26100.6899_none_3e0efeeae32e88c1;c:\Users\Glymin Terra Selasi\.trae\extensions\redhat.java-1.52.0-win32-x64\jre\21.0.9-win32-x86_64\bin\server

VM Arguments:
jvm_args: -Dsts.lsp.client=vscode -Dsts.log.file=/dev/null -XX:TieredStopAtLevel=1 -Xlog:jni+resolve=off -Dspring.config.location=file:c:\Users\Glymin Terra Selasi\.trae\extensions\pivotal.vscode-spring-boot-1.43.0-universal\language-server\BOOT-INF\classes\application.properties 
java_command: org.springframework.ide.vscode.boot.app.BootLanguageServerBootApp
java_class_path (initial): c:\Users\Glymin Terra Selasi\.trae\extensions\pivotal.vscode-spring-boot-1.43.0-universal\language-server\BOOT-INF\classes;c:\Users\Glymin Terra Selasi\.trae\extensions\pivotal.vscode-spring-boot-1.43.0-universal\language-server\BOOT-INF\lib\annotations-23.1.0.jar;c:\Users\Glymin Terra Selasi\.trae\extensions\pivotal.vscode-spring-boot-1.43.0-universal\language-server\BOOT-INF\lib\ant-1.10.12.jar;c:\Users\Glymin Terra Selasi\.trae\extensions\pivotal.vscode-spring-boot-1.43.0-universal\language-server\BOOT-INF\lib\ant-launcher-1.10.12.jar;c:\Users\Glymin Terra Selasi\.trae\extensions\pivotal.vscode-spring-boot-1.43.0-universal\language-server\BOOT-INF\lib\antlr-runtime-3.5.2.jar;c:\Users\Glymin Terra Selasi\.trae\extensions\pivotal.vscode-spring-boot-1.43.0-universal\language-server\BOOT-INF\lib\antlr4-4.9.3.jar;c:\Users\Glymin Terra Selasi\.trae\extensions\pivotal.vscode-spring-boot-1.43.0-universal\language-server\BOOT-INF\lib\antlr4-runtime-4.9.3.jar;c:\Users\Glymin Terra Selasi\.trae\extensions\pivotal.vscode-spring-boot-1.43.0-universal\language-server\BOOT-INF\lib\apiguardian-api-1.1.2.jar;c:\Users\Glymin Terra Selasi\.trae\extensions\pivotal.vscode-spring-boot-1.43.0-universal\language-server\BOOT-INF\lib\asm-9.4.jar;c:\Users\Glymin Terra Selasi\.trae\extensions\pivotal.vscode-spring-boot-1.43.0-universal\language-server\BOOT-INF\lib\asm-analysis-9.4.jar;c:\Users\Glymin Terra Selasi\.trae\extensions\pivotal.vscode-spring-boot-1.43.0-universal\language-server\BOOT-INF\lib\asm-tree-9.4.jar;c:\Users\Glymin Terra Selasi\.trae\extensions\pivotal.vscode-spring-boot-1.43.0-universal\language-server\BOOT-INF\lib\asm-util-9.4.jar;c:\Users\Glymin Terra Selasi\.trae\extensions\pivotal.vscode-spring-boot-1.43.0-universal\language-server\BOOT-INF\lib\caffeine-3.1.2.jar;c:\Users\Glymin Terra Selasi\.trae\extensions\pivotal.vscode-spring-boot-1.43.0-universal\language-server\BOOT-INF\lib\checker-qual-3.12.0.jar;c:\Users\Glymin Terra Selasi\.trae\extensions\pivotal.vscode-spring-boot-1.43.0-universal\language-server\BOOT-INF\lib\ci-environment-9.1.0.jar;c:\Users\Glymin Terra Selasi\.trae\extensions\pivotal.vscode-spring-boot-1.43.0-universal\language-server\BOOT-INF\lib\classgraph-4.8.149.jar;c:\Users\Glymin Terra Selasi\.trae\extensions\pivotal.vscode-spring-boot-1.43.0-universal\language-server\BOOT-INF\lib\commons-codec-1.15.jar;c:\Users\Glymin Terra Selasi\.trae\extensions\pivotal.vscode-spring-boot-1.43.0-universal\language-server\BOOT-INF\lib\commons-compress-1.22.jar;c:\Users\Glymin Terra Selasi\.trae\extensions\pivotal.vscode-spring-boot-1.43.0-universal\language-server\BOOT-INF\lib\commons-io-2.4.jar;c:\Users\Glymin Terra Selasi\.trae\extensions\pivotal.vscode-spring-boot-1.43.0-universal\language-server\BOOT-INF\lib\commons-java-1.43.0-SNAPSHOT.jar;c:\Users\Glymin Terra Selasi\.trae\extensions\pivotal.vscode-spring-boot-1.43.0-universal\language-server\BOOT-INF\lib\commons-lang3-3.12.0.jar;c:\Users\Glymin Terra Selasi\.trae\extensions\pivotal.vscode-spring-boot-1.43.0-universal\language-server\BOOT-INF\lib\commons-language-server-1.43.0-SNAPSHOT.jar;c:\Users\Glymin Terra Selasi\.trae\extensions\pivotal.vscode-spring-boot-1.43.0-universal\language-server\BOOT-INF\lib\commons-lsp-extensions-1.43.0-SNAPSHOT.jar;c:\Users\Glymin Terra Selasi\.trae\extensions\pivotal.vscode-spring-boot-1.43.0-universal\language-server\BOOT-INF\lib\commons-rewrite-1.43.0-SNAPSHOT.jar;c:\Users\Glymin Terra Selasi\.trae\extensions\pivotal.vscode-spring-boot-1.43.0-universal\language-server\BOOT-INF\lib\commons-text-1.10.0.jar;c:\Users\Glymin Terra Selasi\.trae\extensions\pivotal.vscode-spring-boot-1.43.0-universal\language-server\BOOT-INF\lib\commons-util-1.43.0-SNAPSHOT.jar;c:\Users\Glymin Terra Selasi\.trae\extensions\pivotal.vscode-spring-boot-1.43.0-universal\language-server\BOOT-INF\lib\commons-yaml-1.43.0-SNAPSHOT.jar;c:\Users\Glymin Terra Selasi\.trae\extensions\pivotal.vscode-spring-boot-1.43.0-universal\language-server\BOOT-INF\lib\cucumber-core-7.9.0.jar;c:\Users\Glymin Terra Selasi\.trae\extensions\pivotal.vscode-spring-boot-1.43.0-universal\language-server\BOOT-INF\lib\cucumber-expressions-16.0.0.jar;c:\Users\Glymin Terra Selasi\.trae\extensions\pivotal.vscode-spring-boot-1.43.0-universal\language-server\BOOT-INF\lib\cucumber-gherkin-7.9.0.jar;c:\Users\Glymin Terra Selasi\.trae\extensions\pivotal.vscode-spring-boot-1.43.0-universal\language-server\BOOT-INF\lib\cucumber-gherkin-messages-7.9.0.jar;c:\Users\Glymin Terra Selasi\.trae\extensions\pivotal.vscode-spring-boot-1.43.0-universal\language-server\BOOT-INF\lib\cucumber-java-7.9.0.jar;c:\Users\Glymin Terra Selasi\.trae\extensions\pivotal.vscode-spring-boot-1.43.0-universal\language-server\BOOT-INF\lib\cucumber-java8-7.9.0.jar;c:\Users\Glymin Terra Selasi\.trae\extensions\pivotal.vscode-spring-boot-1.43.0-universal\language-server\BOOT-INF\lib\cucumber-junit-platform-engine-7.9.0.jar;c:\Users\Glymin Terra Selasi\.trae\extensions\pivotal.vscode-spring-boot-1.43.0-universal\language-server\BOOT-INF\lib\cucumber-plugin-7.9.0.jar;c:\Users\Glymin Terra Selasi\.trae\extensions\pivotal.vscode-spring-boot-1.43.0-universal\language-server\BOOT-INF\lib\datatable-7.9.0.jar;c:\Users\Glymin Terra Selasi\.trae\extensions\pivotal.vscode-spring-boot-1.43.0-universal\language-server\BOOT-INF\lib\docstring-7.9.0.jar;c:\Users\Glymin Terra Selasi\.trae\extensions\pivotal.vscode-spring-boot-1.43.0-universal\language-server\BOOT-INF\lib\error_prone_annotations-2.11.0.jar;c:\Users\Glymin Terra Selasi\.trae\extensions\pivotal.vscode-spring-boot-1.43.0-universal\language-server\BOOT-INF\lib\failureaccess-1.0.1.jar;c:\Users\Glymin Terra Selasi\.trae\extensions\pivotal.vscode-spring-boot-1.43.0-universal\language-server\BOOT-INF\lib\fastfilter-1.0.2.jar;c:\Users\Glymin Terra Selasi\.trae\extensions\pivotal.vscode-spring-boot-1.43.0-universal\language-server\BOOT-INF\lib\gherkin-24.1.0.jar;c:\Users\Glymin Terra Selasi\.trae\extensions\pivotal.vscode-spring-boot-1.43.0-universal\language-server\BOOT-INF\lib\gizmo-1.0.11.Final.jar;c:\Users\Glymin Terra Selasi\.trae\extensions\pivotal.vscode-spring-boot-1.43.0-universal\language-server\BOOT-INF\lib\gson-2.9.1.jar;c:\Users\Glymin Terra Selasi\.trae\extensions\pivotal.vscode-spring-boot-1.43.0-universal\language-server\BOOT-INF\lib\guava-31.1-jre.jar;c:\Users\Glymin Terra Selasi\.trae\extensions\pivotal.vscode-spring-boot-1.43.0-universal\language-server\BOOT-INF\lib\hamcrest-2.2.jar;c:\Users\Glymin Terra Selasi\.trae\extensions\pivotal.vscode-spring-boot-1.43.0-universal\language-server\BOOT-INF\lib\HdrHistogram-2.1.12.jar;c:\Users\Glymin Terra Selasi\.trae\extensions\pivotal.vscode-spring-boot-1.43.0-universal\language-server\BOOT-INF\lib\html-formatter-20.1.0.jar;c:\Users\Glymin Terra Selasi\.trae\extensions\pivotal.vscode-spring-boot-1.43.0-universal\language-server\BOOT-INF\lib\icu4j-69.1.jar;c:\Users\Glymin Terra Selasi\.trae\extensions\pivotal.vscode-spring-boot-1.43.0-universal\language-server\BOOT-INF\lib\j2objc-annotations-1.3.jar;c:\Users\Glymin Terra Selasi\.trae\extensions\pivotal.vscode-spring-boot-1.43.0-universal\language-server\BOOT-INF\lib\jackson-annotations-2.14.1.jar;c:\Users\Glymin Terra Selasi\.trae\extensions\pivotal.vscode-spring-boot-1.43.0-universal\language-server\BOOT-INF\lib\jackson-core-2.14.1.jar;c:\Users\Glymin Terra Selasi\.trae\extensions\pivotal.vscode-spring-boot-1.43.0-universal\language-server\BOOT-INF\lib\jackson-databind-2.14.1.jar;c:\Users\Glymin Terra Selasi\.trae\extensions\pivotal.vscode-spring-boot-1.43.0-universal\language-server\BOOT-INF\lib\jackson-dataformat-smile-2.14.1.jar;c:\Users\Glymin Terra Selasi\.trae\extensions\pivotal.vscode-spring-boot-1.43.0-universal\language-server\BOOT-INF\lib\jackson-dataformat-xml-2.14.1.jar;c:\Users\Glymin Terra Selasi\.trae\extensions\pivotal.vscode-spring-boot-1.43.0-universal\language-server\BOOT-INF\lib\jackson-datatype-jdk8-2.14.1.jar;c:\Users\Glymin Terra Selasi\.trae\extensions\pivotal.vscode-spring-boot-1.43.0-universal\language-server\BOOT-INF\lib\jackson-module-jaxb-annotations-2.14.1.jar;c:\Users\Glymin Terra Selasi\.trae\extensions\pivotal.vscode-spring-boot-1.43.0-universal\language-server\BOOT-INF\lib\jackson-module-parameter-names-2.14.1.jar;c:\Users\Glymin Terra Selasi\.trae\extensions\pivotal.vscode-spring-boot-1.43.0-universal\language-server\BOOT-INF\lib\jakarta.activation-api-2.1.0.jar;c:\Users\Glymin Terra Selasi\.trae\extensions\pivotal.vscode-spring-boot-1.43.0-universal\language-server\BOOT-INF\lib\jakarta.annotation-api-2.1.1.jar;c:\Users\Glymin Terra Selasi\.trae\extensions\pivotal.vscode-spring-boot-1.43.0-universal\language-server\BOOT-INF\lib\jakarta.xml.bind-api-4.0.0.jar;c:\Users\Glymin Terra Selasi\.trae\extensions\pivotal.vscode-spring-boot-1.43.0-universal\language-server\BOOT-INF\lib\jandex-2.0.5.Final.jar;c:\Users\Glymin Terra Selasi\.trae\extensions\pivotal.vscode-spring-boot-1.43.0-universal\language-server\BOOT-INF\lib\java-object-diff-0.95.jar;c:\Users\Glymin Terra Selasi\.trae\extensions\pivotal.vscode-spring-boot-1.43.0-universal\language-server\BOOT-INF\lib\java-properties-1.43.0-SNAPSHOT.jar;c:\Users\Glymin Terra Selasi\.trae\extensions\pivotal.vscode-spring-boot-1.43.0-universal\language-server\BOOT-INF\lib\javax.activation-api-1.2.0.jar;c:\Users\Glymin Terra Selasi\.trae\extensions\pivotal.vscode-spring-boot-1.43.0-universal\language-server\BOOT-INF\lib\javax.inject-1.jar;c:\Users\Glymin Terra Selasi\.trae\extensions\pivotal.vscode-spring-boot-1.43.0-universal\language-server\BOOT-INF\lib\javax.json-1.0.4.jar;c:\Users\Glymin Terra Selasi\.trae\extensions\pivotal.vscode-spring-boot-1.43.0-universal\language-server\BOOT-INF\lib\javolution-core-java-6.0.0.jar;c:\Users\Glymin Terra Selasi\.trae\extensions\pivotal.vscode-spring-boot-1.43.0-universal\language-server\BOOT-INF\lib\jaxb-api-2.3.1.jar;c:\Users\Glymin Terra Selasi\.trae\extensions\pivotal.vscode-spring-boot-1.43.0-universal\language-server\BOOT-INF\lib\jna-5.12.1.jar;c:\Users\Glymin Terra Selasi\.trae\extensions\pivotal.vscode-spring-boot-1.43.0-universal\language-server\BOOT-INF\lib\jna-platform-5.12.1.jar;c:\Users\Glymin Terra Selasi\.trae\extensions\pivotal.vscode-spring-boot-1.43.0-universal\language-server\BOOT-INF\lib\json-20160810.jar;c:\Users\Glymin Terra Selasi\.trae\extensions\pivotal.vscode-spring-boot-1.43.0-universal\language-server\BOOT-INF\lib\jsoup-1.9.2.jar;c:\Users\Glymin Terra Selasi\.trae\extensions\pivotal.vscode-spring-boot-1.43.0-universal\language-server\BOOT-INF\lib\jsr305-3.0.2.jar;c:\Users\Glymin Terra Selasi\.trae\extensions\pivotal.vscode-spring-boot-1.43.0-universal\language-server\BOOT-INF\lib\jul-to-slf4j-2.0.4.jar;c:\Users\Glymin Terra Selasi\.trae\extensions\pivotal.vscode-spring-boot-1.43.0-universal\language-server\BOOT-INF\lib\junit-jupiter-params-5.9.1.jar;c:\Users\Glymin Terra Selasi\.trae\extensions\pivotal.vscode-spring-boot-1.43.0-universal\language-server\BOOT-INF\lib\junit-platform-commons-1.9.1.jar;c:\Users\Glymin Terra Selasi\.trae\extensions\pivotal.vscode-spring-boot-1.43.0-universal\language-server\BOOT-INF\lib\junit-platform-engine-1.9.1.jar;c:\Users\Glymin Terra Selasi\.trae\extensions\pivotal.vscode-spring-boot-1.43.0-universal\language-server\BOOT-INF\lib\junit-platform-suite-api-1.9.1.jar;c:\Users\Glymin Terra Selasi\.trae\extensions\pivotal.vscode-spring-boot-1.43.0-universal\language-server\BOOT-INF\lib\language-server-starter-1.43.0-SNAPSHOT.jar;c:\Users\Glymin Terra Selasi\.trae\extensions\pivotal.vscode-spring-boot-1.43.0-universal\language-server\BOOT-INF\lib\LatencyUtils-2.0.3.jar;c:\Users\Glymin Terra Selasi\.trae\extensions\pivotal.vscode-spring-boot-1.43.0-universal\language-server\BOOT-INF\lib\listenablefuture-9999.0-empty-to-avoid-conflict-with-guava.jar;c:\Users\Glymin Terra Selasi\.trae\extensions\pivotal.vscode-spring-boot-1.43.0-universal\language-server\BOOT-INF\lib\log4j-api-2.19.0.jar;c:\Users\Glymin Terra Selasi\.trae\extensions\pivotal.vscode-spring-boot-1.43.0-universal\language-server\BOOT-INF\lib\log4j-to-slf4j-2.19.0.jar;c:\Users\Glymin Terra Selasi\.trae\extensions\pivotal.vscode-spring-boot-1.43.0-universal\language-server\BOOT-INF\lib\logback-classic-1.4.5.jar;c:\Users\Glymin Terra Selasi\.trae\extensions\pivotal.vscode-spring-boot-1.43.0-universal\language-server\BOOT-INF\lib\logback-core-1.4.5.jar;c:\Users\Glymin Terra Selasi\.trae\extensions\pivotal.vscode-spring-boot-1.43.0-universal\language-server\BOOT-INF\lib\messages-19.1.4.jar;c:\Users\Glymin Terra Selasi\.trae\extensions\pivotal.vscode-spring-boot-1.43.0-universal\language-server\BOOT-INF\lib\micrometer-commons-1.10.2.jar;c:\Users\Glymin Terra Selasi\.trae\extensions\pivotal.vscode-spring-boot-1.43.0-universal\language-server\BOOT-INF\lib\micrometer-core-1.10.2.jar;c:\Users\Glymin Terra Selasi\.trae\extensions\pivotal.vscode-spring-boot-1.43.0-universal\language-server\BOOT-INF\lib\micrometer-observation-1.10.2.jar;c:\Users\Glymin Terra Selasi\.trae\extensions\pivotal.vscode-spring-boot-1.43.0-universal\language-server\BOOT-INF\lib\opentest4j-1.2.0.jar;c:\Users\Glymin Terra Selasi\.trae\extensions\pivotal.vscode-spring-boot-1.43.0-universal\language-server\BOOT-INF\lib\org.abego.treelayout.core-1.0.3.jar;c:\Users\Glymin Terra Selasi\.trae\extensions\pivotal.vscode-spring-boot-1.43.0-universal\language-server\BOOT-INF\lib\org.eclipse.core.commands-3.10.300.jar;c:\Users\Glymin Terra Selasi\.trae\extensions\pivotal.vscode-spring-boot-1.43.0-universal\language-server\BOOT-INF\lib\org.eclipse.core.contenttype-3.8.200.jar;c:\Users\Glymin Terra Selasi\.trae\extensions\pivotal.vscode-spring-boot-1.43.0-universal\language-server\BOOT-INF\lib\org.eclipse.core.expressions-3.8.200.jar;c:\Users\Glymin Terra Selasi\.trae\extensions\pivotal.vscode-spring-boot-1.43.0-universal\language-server\BOOT-INF\lib\org.eclipse.core.filesystem-1.9.500.jar;c:\Users\Glymin Terra Selasi\.trae\extensions\pivotal.vscode-spring-boot-1.43.0-universal\language-server\BOOT-INF\lib\org.eclipse.core.jobs-3.13.200.jar;c:\Users\Glymin Terra Selasi\.trae\extensions\pivotal.vscode-spring-boot-1.43.0-universal\language-server\BOOT-INF\lib\org.eclipse.core.resources-3.18.100.jar;c:\Users\Glymin Terra Selasi\.trae\extensions\pivotal.vscode-spring-boot-1.43.0-universal\language-server\BOOT-INF\lib\org.eclipse.core.runtime-3.26.100.jar;c:\Users\Glymin Terra Selasi\.trae\extensions\pivotal.vscode-spring-boot-1.43.0-universal\language-server\BOOT-INF\lib\org.eclipse.equinox.app-1.6.200.jar;c:\Users\Glymin Terra Selasi\.trae\extensions\pivotal.vscode-spring-boot-1.43.0-universal\language-server\BOOT-INF\lib\org.eclipse.equinox.common-3.17.0.jar;c:\Users\Glymin Terra Selasi\.trae\extensions\pivotal.vscode-spring-boot-1.43.0-universal\language-server\BOOT-INF\lib\org.eclipse.equinox.preferences-3.10.1.jar;c:\Users\Glymin Terra Selasi\.trae\extensions\pivotal.vscode-spring-boot-1.43.0-universal\language-server\BOOT-INF\lib\org.eclipse.equinox.registry-3.11.200.jar;c:\Users\Glymin Terra Selasi\.trae\extensions\pivotal.vscode-spring-boot-1.43.0-universal\language-server\BOOT-INF\lib\org.eclipse.jdt.core-3.32.0.jar;c:\Users\Glymin Terra Selasi\.trae\extensions\pivotal.vscode-spring-boot-1.43.0-universal\language-server\BOOT-INF\lib\org.eclipse.lemminx-0.13.1.jar;c:\Users\Glymin Terra Selasi\.trae\extensions\pivotal.vscode-spring-boot-1.43.0-universal\language-server\BOOT-INF\lib\org.eclipse.lsp4j-0.19.0.jar;c:\Users\Glymin Terra Selasi\.trae\extensions\pivotal.vscode-spring-boot-1.43.0-universal\language-server\BOOT-INF\lib\org.eclipse.lsp4j.generator-0.19.0.jar;c:\Users\Glymin Terra Selasi\.trae\extensions\pivotal.vscode-spring-boot-1.43.0-universal\language-server\BOOT-INF\lib\org.eclipse.lsp4j.jsonrpc-0.19.0.jar;c:\Users\Glymin Terra Selasi\.trae\extensions\pivotal.vscode-spring-boot-1.43.0-universal\language-server\BOOT-INF\lib\org.eclipse.osgi-3.18.200.jar;c:\Users\Glymin Terra Selasi\.trae\extensions\pivotal.vscode-spring-boot-1.43.0-universal\language-server\BOOT-INF\lib\org.eclipse.text-3.12.300.jar;c:\Users\Glymin Terra Selasi\.trae\extensions\pivotal.vscode-spring-boot-1.43.0-universal\language-server\BOOT-INF\lib\org.eclipse.xtend.lib-2.28.0.jar;c:\Users\Glymin Terra Selasi\.trae\extensions\pivotal.vscode-spring-boot-1.43.0-universal\language-server\BOOT-INF\lib\org.eclipse.xtend.lib.macro-2.28.0.jar;c:\Users\Glymin Terra Selasi\.trae\extensions\pivotal.vscode-spring-boot-1.43.0-universal\language-server\BOOT-INF\lib\org.eclipse.xtext.xbase.lib-2.28.0.jar;c:\Users\Glymin Terra Selasi\.trae\extensions\pivotal.vscode-spring-boot-1.43.0-universal\language-server\BOOT-INF\lib\org.json-1.0.0-SNAPSHOT.jar;c:\Users\Glymin Terra Selasi\.trae\extensions\pivotal.vscode-spring-boot-1.43.0-universal\language-server\BOOT-INF\lib\org.osgi.service.prefs-1.1.2.jar;c:\Users\Glymin Terra Selasi\.trae\extensions\pivotal.vscode-spring-boot-1.43.0-universal\language-server\BOOT-INF\lib\osgi.annotation-8.0.1.jar;c:\Users\Glymin Terra Selasi\.trae\extensions\pivotal.vscode-spring-boot-1.43.0-universal\language-server\BOOT-INF\lib\reactive-streams-1.0.4.jar;c:\Users\Glymin Terra Selasi\.trae\extensions\pivotal.vscode-spring-boot-1.43.0-universal\language-server\BOOT-INF\lib\reactor-core-3.5.0.jar;c:\Users\Glymin Terra Selasi\.trae\extensions\pivotal.vscode-spring-boot-1.43.0-universal\language-server\BOOT-INF\lib\remark-1.0.0.jar;c:\Users\Glymin Terra Selasi\.trae\extensions\pivotal.vscode-spring-boot-1.43.0-universal\language-server\BOOT-INF\lib\resilience4j-core-1.7.0.jar;c:\Users\Glymin Terra Selasi\.trae\extensions\pivotal.vscode-spring-boot-1.43.0-universal\language-server\BOOT-INF\lib\resilience4j-retry-1.7.0.jar;c:\Users\Glymin Terra Selasi\.trae\extensions\pivotal.vscode-spring-boot-1.43.0-universal\language-server\BOOT-INF\lib\rewrite-core-7.34.0.jar;c:\Users\Glymin Terra Selasi\.trae\extensions\pivotal.vscode-spring-boot-1.43.0-universal\language-server\BOOT-INF\lib\rewrite-java-11-7.34.0.jar;c:\Users\Glymin Terra Selasi\.trae\extensions\pivotal.vscode-spring-boot-1.43.0-universal\language-server\BOOT-INF\lib\rewrite-java-17-7.34.0.jar;c:\Users\Glymin Terra Selasi\.trae\extensions\pivotal.vscode-spring-boot-1.43.0-universal\language-server\BOOT-INF\lib\rewrite-java-7.34.0.jar;c:\Users\Glymin Terra Selasi\.trae\extensions\pivotal.vscode-spring-boot-1.43.0-universal\language-server\BOOT-INF\lib\rewrite-java-8-7.34.0.jar;c:\Users\Glymin Terra Selasi\.trae\extensions\pivotal.vscode-spring-boot-1.43.0-universal\language-server\BOOT-INF\lib\rewrite-maven-7.34.0.jar;c:\Users\Glymin Terra Selasi\.trae\extensions\pivotal.vscode-spring-boot-1.43.0-universal\language-server\BOOT-INF\lib\rewrite-migrate-java-1.15.0.jar;c:\Users\Glymin Terra Selasi\.trae\extensions\pivotal.vscode-spring-boot-1.43.0-universal\language-server\BOOT-INF\lib\rewrite-properties-7.34.0.jar;c:\Users\Glymin Terra Selasi\.trae\extensions\pivotal.vscode-spring-boot-1.43.0-universal\language-server\BOOT-INF\lib\rewrite-spring-4.31.0.jar;c:\Users\Glymin Terra Selasi\.trae\extensions\pivotal.vscode-spring-boot-1.43.0-universal\language-server\BOOT-INF\lib\rewrite-testing-frameworks-1.32.0.jar;c:\Users\Glymin Terra Selasi\.trae\extensions\pivotal.vscode-spring-boot-1.43.0-universal\language-server\BOOT-INF\lib\rewrite-xml-7.34.0.jar;c:\Users\Glymin Terra Selasi\.trae\extensions\pivotal.vscode-spring-boot-1.43.0-universal\language-server\BOOT-INF\lib\rewrite-yaml-7.34.0.jar;c:\Users\Glymin Terra Selasi\.trae\extensions\pivotal.vscode-spring-boot-1.43.0-universal\language-server\BOOT-INF\lib\slf4j-api-2.0.4.jar;c:\Users\Glymin Terra Selasi\.trae\extensions\pivotal.vscode-spring-boot-1.43.0-universal\language-server\BOOT-INF\lib\snakeyaml-1.33.jar;c:\Users\Glymin Terra Selasi\.trae\extensions\pivotal.vscode-spring-boot-1.43.0-universal\language-server\BOOT-INF\lib\snappy-java-1.1.8.4.jar;c:\Users\Glymin Terra Selasi\.trae\extensions\pivotal.vscode-spring-boot-1.43.0-universal\language-server\BOOT-INF\lib\spring-aop-6.0.2.jar;c:\Users\Glymin Terra Selasi\.trae\extensions\pivotal.vscode-spring-boot-1.43.0-universal\language-server\BOOT-INF\lib\spring-beans-6.0.2.jar;c:\Users\Glymin Terra Selasi\.trae\extensions\pivotal.vscode-spring-boot-1.43.0-universal\language-server\BOOT-INF\lib\spring-boot-3.0.0.jar;c:\Users\Glymin Terra Selasi\.trae\extensions\pivotal.vscode-spring-boot-1.43.0-universal\language-server\BOOT-INF\lib\spring-boot-autoconfigure-3.0.0.jar;c:\Users\Glymin Terra Selasi\.trae\extensions\pivotal.vscode-spring-boot-1.43.0-universal\language-server\BOOT-INF\lib\spring-boot-jarmode-layertools-3.0.0.jar;c:\Users\Glymin Terra Selasi\.trae\extensions\pivotal.vscode-spring-boot-1.43.0-universal\language-server\BOOT-INF\lib\spring-context-6.0.2.jar;c:\Users\Glymin Terra Selasi\.trae\extensions\pivotal.vscode-spring-boot-1.43.0-universal\language-server\BOOT-INF\lib\spring-context-indexer-6.0.2.jar;c:\Users\Glymin Terra Selasi\.trae\extensions\pivotal.vscode-spring-boot-1.43.0-universal\language-server\BOOT-INF\lib\spring-core-6.0.2.jar;c:\Users\Glymin Terra Selasi\.trae\extensions\pivotal.vscode-spring-boot-1.43.0-universal\language-server\BOOT-INF\lib\spring-expression-6.0.2.jar;c:\Users\Glymin Terra Selasi\.trae\extensions\pivotal.vscode-spring-boot-1.43.0-universal\language-server\BOOT-INF\lib\spring-jcl-6.0.2.jar;c:\Users\Glymin Terra Selasi\.trae\extensions\pivotal.vscode-spring-boot-1.43.0-universal\language-server\BOOT-INF\lib\spring-web-6.0.2.jar;c:\Users\Glymin Terra Selasi\.trae\extensions\pivotal.vscode-spring-boot-1.43.0-universal\language-server\BOOT-INF\lib\ST4-4.3.1.jar;c:\Users\Glymin Terra Selasi\.trae\extensions\pivotal.vscode-spring-boot-1.43.0-universal\language-server\BOOT-INF\lib\stax2-api-4.2.1.jar;c:\Users\Glymin Terra Selasi\.trae\extensions\pivotal.vscode-spring-boot-1.43.0-universal\language-server\BOOT-INF\lib\tag-expressions-4.1.0.jar;c:\Users\Glymin Terra Selasi\.trae\extensions\pivotal.vscode-spring-boot-1.43.0-universal\language-server\BOOT-INF\lib\typetools-0.6.3.jar;c:\Users\Glymin Terra Selasi\.trae\extensions\pivotal.vscode-spring-boot-1.43.0-universal\language-server\BOOT-INF\lib\vavr-0.10.2.jar;c:\Users\Glymin Terra Selasi\.trae\extensions\pivotal.vscode-spring-boot-1.43.0-universal\language-server\BOOT-INF\lib\vavr-match-0.10.2.jar;c:\Users\Glymin Terra Selasi\.trae\extensions\pivotal.vscode-spring-boot-1.43.0-universal\language-server\BOOT-INF\lib\woodstox-core-6.4.0.jar;c:\Users\Glymin Terra Selasi\.trae\extensions\pivotal.vscode-spring-boot-1.43.0-universal\language-server\BOOT-INF\lib\xercesImpl-2.12.0.jar;c:\Users\Glymin Terra Selasi\.trae\extensions\pivotal.vscode-spring-boot-1.43.0-universal\language-server\BOOT-INF\lib\xml-apis-1.4.01.jar;c:\Users\Glymin Terra Selasi\.trae\extensions\pivotal.vscode-spring-boot-1.43.0-universal\language-server\BOOT-INF\lib\xml-resolver-1.2.jar
Launcher Type: SUN_STANDARD

[Global flags]
     intx CICompilerCount                          = 4                                         {product} {ergonomic}
     uint ConcGCThreads                            = 2                                         {product} {ergonomic}
     uint G1ConcRefinementThreads                  = 8                                         {product} {ergonomic}
   size_t G1HeapRegionSize                         = 1048576                                   {product} {ergonomic}
    uintx GCDrainStackTargetSize                   = 64                                        {product} {ergonomic}
   size_t InitialHeapSize                          = 130023424                                 {product} {ergonomic}
   size_t MarkStackSize                            = 4194304                                   {product} {ergonomic}
   size_t MaxHeapSize                              = 2080374784                                {product} {ergonomic}
   size_t MaxNewSize                               = 1247805440                                {product} {ergonomic}
   size_t MinHeapDeltaBytes                        = 1048576                                   {product} {ergonomic}
   size_t MinHeapSize                              = 8388608                                   {product} {ergonomic}
    uintx NonNMethodCodeHeapSize                   = 4096                                   {pd product} {ergonomic}
    uintx NonProfiledCodeHeapSize                  = 0                                      {pd product} {ergonomic}
     bool ProfileInterpreter                       = false                                  {pd product} {command line}
    uintx ProfiledCodeHeapSize                     = 0                                      {pd product} {ergonomic}
   size_t SoftMaxHeapSize                          = 2080374784                             {manageable} {ergonomic}
     intx TieredStopAtLevel                        = 1                                         {product} {command line}
     bool UseCompressedOops                        = true                           {product lp64_product} {ergonomic}
     bool UseG1GC                                  = true                                      {product} {ergonomic}
     bool UseLargePagesIndividualAllocation        = false                                  {pd product} {ergonomic}

Logging:
Log output configuration:
 #0: stdout all=warning,jni+resolve=off uptime,level,tags foldmultilines=false
 #1: stderr all=off uptime,level,tags foldmultilines=false

Release file:
JAVA_VERSION="21.0.9" 
MODULES="java.base java.compiler java.datatransfer java.xml java.prefs java.desktop java.instrument java.logging java.management java.security.sasl java.naming java.rmi java.management.rmi java.net.http java.scripting java.security.jgss java.transaction.xa java.sql java.sql.rowset java.xml.crypto java.se java.smartcardio jdk.accessibility jdk.internal.jvmstat jdk.attach jdk.charsets jdk.internal.opt jdk.zipfs jdk.compiler jdk.crypto.ec jdk.crypto.cryptoki jdk.crypto.mscapi jdk.dynalink jdk.internal.ed jdk.editpad jdk.hotspot.agent jdk.httpserver jdk.internal.le jdk.internal.vm.ci jdk.internal.vm.compiler jdk.internal.vm.compiler.management jdk.jartool jdk.javadoc jdk.jcmd jdk.management jdk.management.agent jdk.jconsole jdk.jdeps jdk.jdwp.agent jdk.jdi jdk.jfr jdk.jshell jdk.jsobject jdk.jstatd jdk.localedata jdk.management.jfr jdk.naming.dns jdk.naming.rmi jdk.net jdk.nio.mapmode jdk.random jdk.sctp jdk.security.auth jdk.security.jgss jdk.unsupported jdk.unsupported.desktop jdk.xml.dom" 

Environment Variables:
JAVA_HOME=C:\Program Files\jdk-23.0.1
PATH=c:\Users\Glymin Terra Selasi\.trae\tools\trae-gopls\current;c:\Users\Glymin Terra Selasi\.trae\sdks\workspaces\9c0f5ab8\versions\node\current;c:\Users\Glymin Terra Selasi\.trae\sdks\versions\node\current;C:\Python312\Scripts\;C:\Python312\;C:\WINDOWS\system32;C:\WINDOWS;C:\WINDOWS\System32\Wbem;C:\WINDOWS\System32\WindowsPowerShell\v1.0\;C:\WINDOWS\System32\OpenSSH\;C:\Program Files\dotnet\;C:\ProgramData\chocolatey\bin;C:\Program Files (x86)\Microsoft SQL Server\160\Tools\Binn\;C:\Program Files\Microsoft SQL Server\160\Tools\Binn\;C:\Program Files\Microsoft SQL Server\Client SDK\ODBC\170\Tools\Binn\;C:\Program Files\Microsoft SQL Server\160\DTS\Binn\;C:\Program Files\php-8.3.12;C:\Program Files\php-8.3.12\php;C:\xampp\php;C:\Users\Glymin Terra Selasi\AppData\Local\Yarn\bin;C:\Program Files\PostgreSQL\15\bin;C:\Program Files\Git\cmd;C:\Program Files\jdk-23.0.1\bin;C:\Program Files\PostgreSQL\12\bin;C:\Program Files (x86)\cloudflared\;C:\Windows\System32;C:\composer;C:\Users\Glymin Terra Selasi\AppData\Roaming\npm;C:\Users\Glymin Terra Selasi\AppData\Roaming\nvm;C:\Program Files\nodejs;C:\xampp\mysql\bin;C:\Program Files\apache-maven-3.9.11\bin;C:\Python312\Scripts\;C:\Python312\;C:\WINDOWS\system32;C:\WINDOWS;C:\WINDOWS\System32\Wbem;C:\WINDOWS\System32\WindowsPowerShell\v1.0\;C:\WINDOWS\System32\OpenSSH\;C:\Program Files\dotnet\;C:\ProgramData\chocolatey\bin;C:\Program Files (x86)\Microsoft SQL Server\160\Tools\Binn\;C:\Program Files\Microsoft SQL Server\160\Tools\Binn\;C:\Program Files\Microsoft SQL Server\Client SDK\ODBC\170\Tools\Binn\;C:\Program Files\Microsoft SQL Server\160\DTS\Binn\;C:\Program Files (x86)\Microsoft SQL Server\160\DTS\Binn\;C:\Program Files\php-8.3.12;C:\Program Files\php-8.3.12\php;C:\xampp\php;C:\Users\Glymin Terra Selasi\AppData\Local\Yarn\bin;C:\Program Files\PostgreSQL\15\bin;C:\Program Files\Git\cmd;C:\Program Files\jdk-23.0.1\bin;C:\Program Files\PostgreSQL\12\bin;C:\Program Files (x86)\cloudflared\;C:\Windows\System32;C:\composer;C:\Users\Glymin Terra Selasi\AppData\Local\Microsoft\WindowsApps;C:\Users\Glymin Terra Selasi\AppData\Local\Programs\Microsoft VS Code\bin;C:\Users\Glymin Terra Sela;C:\Users\Glymin Terra Selasi\AppData\Roaming\npm;C:\Users\Glymin Terra Selasi\AppData\Roaming\nvm;C:\Program Files\nodejs;C:\Users\Glymin Terra Selasi\AppData\Local\Microsoft\WindowsApps;C:\Users\Glymin Terra Selasi\AppData\Local\Programs\Antigravity\bin;c:\Users\Glymin Terra Selasi\AppData\Local\Programs\Trae1\resources\app\bin\lib
USERNAME=Glymin Terra Selasi
OS=Windows_NT
PROCESSOR_IDENTIFIER=Intel64 Family 6 Model 140 Stepping 1, GenuineIntel
TMP=C:\Users\GLYMIN~1\AppData\Local\Temp
TEMP=C:\Users\GLYMIN~1\AppData\Local\Temp




Periodic native trim disabled

---------------  S Y S T E M  ---------------

OS:
 Windows 11 , 64 bit Build 26100 (10.0.26100.6725)
OS uptime: 0 days 23:55 hours
Hyper-V role detected

CPU: total 8 (initial active 8) (4 cores per cpu, 2 threads per core) family 6 model 140 stepping 1 microcode 0xbe, cx8, cmov, fxsr, ht, mmx, 3dnowpref, sse, sse2, sse3, ssse3, sse4.1, sse4.2, popcnt, lzcnt, tsc, tscinvbit, avx, avx2, aes, erms, clmul, bmi1, bmi2, adx, avx512f, avx512dq, avx512cd, avx512bw, avx512vl, sha, fma, vzeroupper, avx512_vpopcntdq, avx512_vpclmulqdq, avx512_vaes, avx512_vnni, clflush, clflushopt, clwb, avx512_vbmi2, avx512_vbmi, hv, rdtscp, rdpid, fsrm, gfni, avx512_bitalg, f16c, cet_ibt, cet_ss, avx512_ifma
Processor Information for the first 8 processors :
  Max Mhz: 2419, Current Mhz: 2419, Mhz Limit: 2419

Memory: 4k page, system-wide physical 7934M (550M free)
TotalPageFile size 32263M (AvailPageFile size 41M)
current process WorkingSet (physical memory assigned to process): 535M, peak: 535M
current process commit charge ("private bytes"): 554M, peak: 910M

vm_info: OpenJDK 64-Bit Server VM (21.0.9+10-LTS) for windows-amd64 JRE (21.0.9+10-LTS), built on 2025-10-21T00:00:00Z by "admin" with unknown MS VC++:1942

END.
